sequence,sequence_aa,junction,junction_aa,v_call,d_call,j_call,np1,np2,del_v,del_d_5,del_d_3,del_j,v_sequence_alignment,d_sequence_alignment,j_sequence_alignment,freqs,amount,shm_events,name_repertoire,L1Begin,L2Begin,FR1Begin,CDR1Begin,FR2Begin,CDR2Begin,FR3Begin,FR3End,CDR3Begin,CDR3End,FR4Begin,v_call_end,d_call_start,d_call_end,j_call_start,j_call_end,sequence_L,sequence_aa_L,junction_L,junction_aa_L,v_call_L,j_call_L,np1_L,np2_L,del_v_L,del_j_L,v_sequence_alignment_L,j_sequence_alignment_L,cloneId,L1Begin_L,L2Begin_L,FR1Begin_L,CDR1Begin_L,FR2Begin_L,CDR2Begin_L,FR3Begin_L,FR3End_L,CDR3Begin_L,CDR3End_L,FR4Begin_L,v_call_end_L,j_call_start_L,j_call_end_L
gtgcagctggtggagtctggaggaggcttgatccagcctggggggtccctgagactctcctgtgcagcctctgggatcaccgtcagtagcaactacatgacctgggtccgccagcctccagggaaggggctggagtgggtctcagttatttatagcggtggtagcacattctacgcagaccccgtgaagggccgattcaccatctccagagacaattccaggaacacgctgtatcttcaaatgaacagcctgagagccgaggacacggccgtgtattactgtgccagggacctgcaggtgtacggcatggacgtgtggggccaagggaccacggtcaccgtctcctca,VQLVESGGGLIQPGGSLRLSCAASGITVSSNYMTWVRQPPGKGLEWVSVIYSGGSTFYADPVKGRFTISRDNSRNTLYLQMNSLRAEDTAVYYCARDLQVYGMDVWGQGTTVTVSS,tgtgccagggacctgcaggtgtacggcatggacgtg,CARDLQVYGMDV,IGHV3-53*01,,IGHJ6*02,,,,,,,,,,0,0,,Antibody_pairs,0,0,0,0,0,0,0,0,0,0,0,0,,,,,atccagttgacccagtctccatccttcctgtctgcatctgtaggagacagagtcaccatcacttgccgggccagtcagggcattagcaattttttagcctggtatcagcaaaaaccagggaaagcccctaagctcctgatctatgctgcatccactttgcaaggtggggtcccatcaacgttcagcggcagtggatctgggacagaattcactctcacaatcagcagcctgcagcctgaagattttgcaacttattactgtcagcacctgaacgactaccccctgttcggcggagggaccagggtggagatcaaa,IQLTQSPSFLSASVGDRVTITCRASQGISNFLAWYQQKPGKAPKLLIYAASTLQGGVPSTFSGSGSGTEFTLTISSLQPEDFATYYCQHLNDYPLFGGGTRVEIK,tgtcagcacctgaacgactaccccctg,CQHLNDYPL,IGKV1-9*01,IGKJ4*01,,,,,,,2218457,0,0,0,0,0,0,0,0,0,0,0,0,0,0
gaggtgcagctggtggagtctggaggaggcttgatccagcctggggggtccctgagactctcctgtgtagtctctgggttcaccgtcagtagcaactacatgagctggatccgccaggctccagggaaggggctggagtgggtctcagttatttatagcggtggtagcacattctacgcagactccgtgaagggccgattcaccatctccagagacagttcccagaacacgctgtatcttcaaatgaacagcctgagagccgaggacacggccgtgtattactgtgccaggcacccctacggcgaccacgcctggggccagggcaccctggtcaccgtctcctca,EVQLVESGGGLIQPGGSLRLSCVVSGFTVSSNYMSWIRQAPGKGLEWVSVIYSGGSTFYADSVKGRFTISRDSSQNTLYLQMNSLRAEDTAVYYCARHPYGDHAWGQGTLVTVSS,tgtgccaggcacccctacggcgaccacgcc,CARHPYGDHA,IGHV3-53*01,,IGHJ1*01,,,,,,,,,,0,0,,Antibody_pairs,0,0,0,0,0,0,0,0,0,0,0,0,,,,,gacatccagatgacccagtctccatcccccctgtctgcatctgtaggagacagagtcaccatcacttgccaggcgagtcaggacattagaaactttttaaattggtatcagcagaaaccagggaaagcccctaagctcctgatccacgatgcatccaagttggaagcaggggtcccatcaaggttcagtggaagtggatctgggacagattttactttcaccatcagcagcctgcagcctgaagatattgcaacatattactgtcagcagtacgacaacctgcccctgaccttcggcggagggaccaaggtggagatcaaa,DIQMTQSPSPLSASVGDRVTITCQASQDIRNFLNWYQQKPGKAPKLLIHDASKLEAGVPSRFSGSGSGTDFTFTISSLQPEDIATYYCQQYDNLPLTFGGGTKVEIK,tgtcagcagtacgacaacctgcccctgacc,CQQYDNLPLT,IGKV1-33*01,IGKJ4*01,,,,,,,2218456,0,0,0,0,0,0,0,0,0,0,0,0,0,0
gaggtgcagctggtggagtctgggggaggcttggtccagcctggggggtccctgagactctcctgtgcagcctctggaatcaccgtcagtagcaactacatgacctgggtccgccaggctccagggaaggggctggagtgggtctcagttatttatagcggtggtagcacattctacgcagactccgtgaggggcagattcaccatctccagagacaattccaagaacacgctgtatcttcaaatgaacagcctgagagccgaggacacggctgtgtattactgtgccagggacctggagatggccggcgccttcgacatctggggccaagggacaatggtcaccgtctcttca,EVQLVESGGGLVQPGGSLRLSCAASGITVSSNYMTWVRQAPGKGLEWVSVIYSGGSTFYADSVRGRFTISRDNSKNTLYLQMNSLRAEDTAVYYCARDLEMAGAFDIWGQGTMVTVSS,tgtgccagggacctggagatggccggcgccttcgacatc,CARDLEMAGAFDI,IGHV3-66*01,,IGHJ3*02,,,,,,,,,,0,0,,Antibody_pairs,0,0,0,0,0,0,0,0,0,0,0,0,,,,,gaaattgtgttgacgcagtctccaggcaccctgtctttgtctccaggggaaagagccaccctctcctgcagggccagtcagagtgttagcagcagctacttagcctggtaccagcagaaacctggccaggctcccaggctcctcatctatggtgcatccagcagggccactggcatcccagacaggttcagtggcagtgggtctgggacagacttcactctcaccatcagcagactggagcctgaagattctgcagtgtattactgtcagcagtacggcagcagctacacctttggccaggggaccaagctggagatcaaa,EIVLTQSPGTLSLSPGERATLSCRASQSVSSSYLAWYQQKPGQAPRLLIYGASSRATGIPDRFSGSGSGTDFTLTISRLEPEDSAVYYCQQYGSSYTFGQGTKLEIK,tgtcagcagtacggcagcagctacacc,CQQYGSSYT,IGKV3-20*01,IGKJ2*01,,,,,,,2217933,0,0,0,0,0,0,0,0,0,0,0,0,0,0
gaggtgcagctggtgcagtctgggggagacttggtccagcctggggggtccctgagactctcctgtgcagtctctggattcaccgtcagtagaaactacatgacctgggtccgccaggctccagggagggggctggagtgggtctcacttatttatcccggtggtagcgcattctacgcagactccgtgaagggcagattcaccatctccagagacaattccaagaacacgctgtatcttcaaatgaacagcctgagagtcgaggacacggctgtgtattactgtgccagggaccccgtgagcaccggccactaccacgacagcgactactggggccagggcaccctggtcaccgtctcctca,EVQLVQSGGDLVQPGGSLRLSCAVSGFTVSRNYMTWVRQAPGRGLEWVSLIYPGGSAFYADSVKGRFTISRDNSKNTLYLQMNSLRVEDTAVYYCARDPVSTGHYHDSDYWGQGTLVTVSS,tgtgccagggaccccgtgagcaccggccactaccacgacagcgactac,CARDPVSTGHYHDSDY,IGHV3-66*01,,IGHJ1*01,,,,,,,,,,0,0,,Antibody_pairs,0,0,0,0,0,0,0,0,0,0,0,0,,,,,gacatccagatgacccagtctccatccgccctgtctgcatctgtaggagacagagtcaccatcacttgccaggcgagtcaggacattaacaagtttttaaattggtatcagcagaaaccagggaaagcccctaagctcctgatctacgatgcatccaatttggaaacaggggtcccatcaaggttcagtggaggtggatctgggacagattttactttcaccatcagcagcctgcagcctgaagatattgcaacatattactgtcaccagtacgacaacctgcccaggaccttcggccaagggaccaaggtggaactcaaa,DIQMTQSPSALSASVGDRVTITCQASQDINKFLNWYQQKPGKAPKLLIYDASNLETGVPSRFSGGGSGTDFTFTISSLQPEDIATYYCHQYDNLPRTFGQGTKVELK,tgtcaccagtacgacaacctgcccaggacc,CHQYDNLPRT,IGKV1-33*01,IGKJ1*01,,,,,,,2186582,0,0,0,0,0,0,0,0,0,0,0,0,0,0
gaggtgcagctggtggagtctgggggaggcttggtccagcctggggggtccctgagactctcctgtgcagcctctggattcaccgtccgtagcaactacatgagctgggtccgccaggctccagggaaggggctggagtgggtctcacttatttatagcggtggtagcacatactacgcagactccgtgaagggcagattcatcatctccagagacaattccaagaacacgctgtatcttcaaatgaacagcctgagagccgaggacacggctgtgtattactgtgccagggacctggccgtgtacggcatggacgtgtggggccaagggaccacggtcaccgtctcctca,EVQLVESGGGLVQPGGSLRLSCAASGFTVRSNYMSWVRQAPGKGLEWVSLIYSGGSTYYADSVKGRFIISRDNSKNTLYLQMNSLRAEDTAVYYCARDLAVYGMDVWGQGTTVTVSS,tgtgccagggacctggccgtgtacggcatggacgtg,CARDLAVYGMDV,IGHV3-66*01,,IGHJ6*02,,,,,,,,,,0,0,,Antibody_pairs,0,0,0,0,0,0,0,0,0,0,0,0,,,,,gacatccagttgacccagtctccatccttcctgtctgcatctgtaggagacagagtcaccatcacttgccgggccagtcagggcattagcagttatttagcctggtatcagcaaaaaccagggaaagcccctaagctcctgatctatggtgcatccactttgcaaagtggggtcccatcaaggttcagcggcagtggatctgggacagaattcaagctcacaatcagcagcctgcagcctgaagattttgcaacttattactgtcagcagctgaacaactacccccccgtgaccttcggccaagggacacgactggagattaaa,DIQLTQSPSFLSASVGDRVTITCRASQGISSYLAWYQQKPGKAPKLLIYGASTLQSGVPSRFSGSGSGTEFKLTISSLQPEDFATYYCQQLNNYPPVTFGQGTRLEIK,tgtcagcagctgaacaactacccccccgtgacc,CQQLNNYPPVT,IGKV1-9*01,IGKJ5*01,,,,,,,2144729,0,0,0,0,0,0,0,0,0,0,0,0,0,0
caggtgcagctggtgcagtctggggctgaggtgaagaagcctggggcctcagtgaaggtttcctgcaaggcatctggatacatcttcaccagctactctatgcactgggtgcgacaggcccctggacaagggcttgagtggatgggaacaatcaagcctagtgatgatagcacaaactacgcacagaagttccagggcagagtcagcatgaccagggacacgtccacgagcacagtctacatggagctgagcagcctgagatatgaggacacggccgtgtattactgtgccagggaggccaggggctactacgacaggagcggctactaccaccccggctacttcgactactggggccagggcaccctggtcaccgtctcctca,QVQLVQSGAEVKKPGASVKVSCKASGYIFTSYSMHWVRQAPGQGLEWMGTIKPSDDSTNYAQKFQGRVSMTRDTSTSTVYMELSSLRYEDTAVYYCAREARGYYDRSGYYHPGYFDYWGQGTLVTVSS,tgtgccagggaggccaggggctactacgacaggagcggctactaccaccccggctacttcgactac,CAREARGYYDRSGYYHPGYFDY,IGHV1-46*01,,IGHJ1*01,,,,,,,,,,0,0,,Antibody_pairs,0,0,0,0,0,0,0,0,0,0,0,0,,,,,cagtctgtcctgactcagcctgcctccgtgtctgggtctcctggacagtcgatcaccatctcctgcactggaaccagcagtgacgttggtggttataactttgtctcctggtaccaacagcacccaggcaaagcccccaaactcatgatttatgaggtcagtgatcggccctcaggggtttctagtcgcttctctggctccaagtctggcaacacggcctccctgaccatctctgggctccaggctgaggacgaggctgattattactgcttcagctacaccaccagcaccacctgggtgttcggcggagggaccaagctgaccgtccta,QSVLTQPASVSGSPGQSITISCTGTSSDVGGYNFVSWYQQHPGKAPKLMIYEVSDRPSGVSSRFSGSKSGNTASLTISGLQAEDEADYYCFSYTTSTTWVFGGGTKLTVL,tgcttcagctacaccaccagcaccacctgggtg,CFSYTTSTTWV,IGLV2-14*01,IGLJ2*01,,,,,,,2135060,0,0,0,0,0,0,0,0,0,0,0,0,0,0
cagctgcagctgcaggagtcgggcccaggactggtgaagccttcggagaccctgtccctcacctgcactgtctctggtggctccatcagcagtagtaatttctactggggctggatccgccagcccccagggaaggggctggagtggattgcgagtatcacttatagtgggagaaccttctacaacccgtccctcaagagtcgagtcgccatatccgtagacacgtccaagaaccagttctccctgaagctgagctctgtgaccgccgcagacacggctgtgtattactgtgccaggaccttccccagctactacgacaggagcggctaccactacctgaactacggcatggacgtgtggggccaagggaccacggtcaccgtctcctca,QLQLQESGPGLVKPSETLSLTCTVSGGSISSSNFYWGWIRQPPGKGLEWIASITYSGRTFYNPSLKSRVAISVDTSKNQFSLKLSSVTAADTAVYYCARTFPSYYDRSGYHYLNYGMDVWGQGTTVTVSS,tgtgccaggaccttccccagctactacgacaggagcggctaccactacctgaactacggcatggacgtg,CARTFPSYYDRSGYHYLNYGMDV,IGHV4-39*01,,IGHJ6*02,,,,,,,,,,0,0,,Antibody_pairs,0,0,0,0,0,0,0,0,0,0,0,0,,,,,aattttatgctgactcagccccactctatgtcggagtctccggggaagacggtaaccatctcctgcacccgcagcagtggcagcattgccagcaactatgtgcagtggtaccagcagcgcccgggcagttcccccaccactgtgatctatgaggataaccaaagaccctctggggtccctgatcggttctctggctccatcgacagctcctccaactctgcctccctcaccatctctggactgaagactgaggacgaggctgactactactgtcagagctacgacagcagcagctgggtgttcggcggagggaccaagctgaccgtccta,NFMLTQPHSMSESPGKTVTISCTRSSGSIASNYVQWYQQRPGSSPTTVIYEDNQRPSGVPDRFSGSIDSSSNSASLTISGLKTEDEADYYCQSYDSSSWVFGGGTKLTVL,tgtcagagctacgacagcagcagctgggtg,CQSYDSSSWV,IGLV6-57*01,IGLJ2*01,,,,,,,2135057,0,0,0,0,0,0,0,0,0,0,0,0,0,0
gaggtgcagctggtggagtctggaggaggcttgatccagcctggggggtccctgagactctcctgtgcagcctctgggttcaccgtcagtagcaactacatgagctgggtccgccaggctccagggaaggggctggagtgggtctcagttatttatagcggtggtagcacatactacgcagactccgtgaagggccgattcaccatctccagagacaattccaagaacacgctgtatcttcaaatgaacagcctgagagccgaggacacggccgtgtattactgtgccagggacagggactactacggcatggacgtgtggggccaagggaccacggtcaccgtctcctca,EVQLVESGGGLIQPGGSLRLSCAASGFTVSSNYMSWVRQAPGKGLEWVSVIYSGGSTYYADSVKGRFTISRDNSKNTLYLQMNSLRAEDTAVYYCARDRDYYGMDVWGQGTTVTVSS,tgtgccagggacagggactactacggcatggacgtg,CARDRDYYGMDV,IGHV3-53*01,,IGHJ6*02,,,,,,,,,,0,0,,Antibody_pairs,0,0,0,0,0,0,0,0,0,0,0,0,,,,,gacatccagttgacccagtctccatccttcctgtctgcatctgtaggagacagagtcaccatcacttgccgggccagtcagggcattagcagttatttagcctggtatcagcaaaaaccagggaaagcccctaagctcctgatctatgctgcatccactttgcaaagtggggtcccatcaaggttcagcggcagtggatctgggacagaattcactctcacaatcagcagcctgcagcctgaagattttgcaacttattactgtctgcacctgaacagctacaggaccttcggcctagggaccaaggtggagatcaaa,DIQLTQSPSFLSASVGDRVTITCRASQGISSYLAWYQQKPGKAPKLLIYAASTLQSGVPSRFSGSGSGTEFTLTISSLQPEDFATYYCLHLNSYRTFGLGTKVEIK,tgtctgcacctgaacagctacaggacc,CLHLNSYRT,IGKV1-9*01,IGKJ4*01,,,,,,,2134997,0,0,0,0,0,0,0,0,0,0,0,0,0,0
gaggtgcagctggtggagtctggaggaggcttgatccagcctggggggtccctgagactctcctgtgcagcctctgggttcatcgtcagtagcaactacatgagctgggtccgccaggctccagggaaggggctggagtgggtctcaattatttatagcggtggtagcacatactacgcagactccgtgaagggccgattcaccatctccagagacaattccaacaacacgctgtatcttcaaatgaacagcctgagagccgaggacacggccgtgtattactgtgccagggccctgcaggtgggcgccaccagcgactacttcgactactggggccagggcaccctggtcaccgtctcctca,EVQLVESGGGLIQPGGSLRLSCAASGFIVSSNYMSWVRQAPGKGLEWVSIIYSGGSTYYADSVKGRFTISRDNSNNTLYLQMNSLRAEDTAVYYCARALQVGATSDYFDYWGQGTLVTVSS,tgtgccagggccctgcaggtgggcgccaccagcgactacttcgactac,CARALQVGATSDYFDY,IGHV3-53*01,,IGHJ1*01,,,,,,,,,,0,0,,Antibody_pairs,0,0,0,0,0,0,0,0,0,0,0,0,,,,,cagtctgtgctgacgcagccgccctcagtgtctggggccccagggcagagggtcaccatctcctgcactgggagcagctccaacatcggggcaggttatgatgtacactggtaccagcagcttccaggaacagcccccaaactcctcatctatggtaacagcaatcggccctcaggggtccctgaccgattctctggctccaagtctggcacctcagcctccctggccatcactgggctccaggctgaggatgagactgattattactgccagagctgcgacagcagcctgagcgtggtggtgttcggcggagggaccaagctgaccgtccta,QSVLTQPPSVSGAPGQRVTISCTGSSSNIGAGYDVHWYQQLPGTAPKLLIYGNSNRPSGVPDRFSGSKSGTSASLAITGLQAEDETDYYCQSCDSSLSVVVFGGGTKLTVL,tgccagagctgcgacagcagcctgagcgtggtggtg,CQSCDSSLSVVV,IGLV1-40*01,IGLJ2*01,,,,,,,2134982,0,0,0,0,0,0,0,0,0,0,0,0,0,0
gaggtgcagctggtggagtctgggggaggcttggtccagcctggggggtccctgagactctcctgtgcagcctctgaaatcaccgtcagtagcaactacatgaactgggtccgccaggctccagggaaggggctggagtgggtctcagttatttatagcggtggtaccacatactacgcagactccgtgaagggcagattcaccatctccagagacaattccgagaacacgctgtatcttcaaatgaacagcctgagagccgaggacacggctgtgtattactgtgccagggacctgatggaggtgggcggcatggacgtgtggggccaagggaccacggtcaccgtctcctca,EVQLVESGGGLVQPGGSLRLSCAASEITVSSNYMNWVRQAPGKGLEWVSVIYSGGTTYYADSVKGRFTISRDNSENTLYLQMNSLRAEDTAVYYCARDLMEVGGMDVWGQGTTVTVSS,tgtgccagggacctgatggaggtgggcggcatggacgtg,CARDLMEVGGMDV,IGHV3-66*01,,IGHJ6*02,,,,,,,,,,0,0,,Antibody_pairs,0,0,0,0,0,0,0,0,0,0,0,0,,,,,ctgcctgtgctgactcagccaccctcagcgtctgggacccccgggcagagggtcaccatctcttgttctggaagcagctccaacgtcgaaaatgataatgtaaactggtttcagcagcaggtaccaggaagcacccccaaactcgtcatctataatgatcggctgcggccctcaggggtccctgaccgattctctggctccaagtctggcacctcagcctacctggccatcagtgggctccagtctgaggatgaggctgattattactgtgtggcctgggacgccagcctgcagagctacgtgttcggaactgggaccaaggtcaccgtccta,LPVLTQPPSASGTPGQRVTISCSGSSSNVENDNVNWFQQQVPGSTPKLVIYNDRLRPSGVPDRFSGSKSGTSAYLAISGLQSEDEADYYCVAWDASLQSYVFGTGTKVTVL,tgtgtggcctgggacgccagcctgcagagctacgtg,CVAWDASLQSYV,IGLV1-44*02,IGLJ1*01,,,,,,,2134978,0,0,0,0,0,0,0,0,0,0,0,0,0,0
gaggtgcagctggtggagtctggaggaggcttgatccagcctggggggtccctgagactctcctgtgcagcctctgggttcaccgtcagtagcaactacatgagctgggtccgccaggctccagggaaggggctggagtgggtctcatttatttatagcggtggtagcacatactacgcagactccgtgaagggccgattcaccatctccagagacaattccaagaacacgctgtatcttcaaatgaacagcctgagagccgaggacacggccgtgtattactgtgccagggacctgcaggagcacggcatggacgtgtggggccaagggaccacggtcaccgtctcctca,EVQLVESGGGLIQPGGSLRLSCAASGFTVSSNYMSWVRQAPGKGLEWVSFIYSGGSTYYADSVKGRFTISRDNSKNTLYLQMNSLRAEDTAVYYCARDLQEHGMDVWGQGTTVTVSS,tgtgccagggacctgcaggagcacggcatggacgtg,CARDLQEHGMDV,IGHV3-53*01,,IGHJ6*02,,,,,,,,,,0,0,,Antibody_pairs,0,0,0,0,0,0,0,0,0,0,0,0,,,,,gacatccagttgacccagtctccatcctccctgtctgcatctgtaggagacagagtcaccatcacttgccgggccagtcagggcattagcagttatttagcctggtatcagcaaaaaccagggaaagcccctaagctcctgatctatgctgcatccactttgcaaagtggggtcccatcaaggttcagcggcagtggatctgggacagacttcactctcacaatcagcagcctgcagcctgaagattttgcaacttattactgtcagcacctgaacagctacccccccggctacacctttggccaggggaccaagctggagatcaaa,DIQLTQSPSSLSASVGDRVTITCRASQGISSYLAWYQQKPGKAPKLLIYAASTLQSGVPSRFSGSGSGTDFTLTISSLQPEDFATYYCQHLNSYPPGYTFGQGTKLEIK,tgtcagcacctgaacagctacccccccggctacacc,CQHLNSYPPGYT,IGKV1-9*01,IGKJ2*01,,,,,,,2134977,0,0,0,0,0,0,0,0,0,0,0,0,0,0
caggtgcagctggtggagtctgggggaggcttggtccagcctggggggtccctgagactctcctgtgcagcctctggactcaccgtcagtagcaactacatgagctgggtccgccaggctccagggaaggggctggagtgggtctcagttatttatagcggtggtagcacatactacgcagactccgtgaagggcagattcaccatctccagagacgattccaagaacacgctgtatcttcaaatgaacagcctgagagccgaggacacggctgtgtattactgtgccagggacgtggccgacgccttcgacatctggggccaagggacaatggtcaccgtctcttca,QVQLVESGGGLVQPGGSLRLSCAASGLTVSSNYMSWVRQAPGKGLEWVSVIYSGGSTYYADSVKGRFTISRDDSKNTLYLQMNSLRAEDTAVYYCARDVADAFDIWGQGTMVTVSS,tgtgccagggacgtggccgacgccttcgacatc,CARDVADAFDI,IGHV3-66*01,,IGHJ3*02,,,,,,,,,,0,0,,Antibody_pairs,0,0,0,0,0,0,0,0,0,0,0,0,,,,,gacatcgtgatgacccagtctccatccttcctgtctgcatctgtaggagacagagtcaccatcacttgccgggccagtcagggcattagcagttatttagcctggtatcagcaaaaaccagggaaagcccctaagctcctgatctatgctgcatccactttgcaaagtggggtcccatcaaggttcagcggcagtggatctgggacagaattcactctcacaatcagcagcctgcagcctgaagattttgcaacttattactgtcagcagctgaacagctacccccccttcaccttcggccctgggaccaaagtggatatcaaa,DIVMTQSPSFLSASVGDRVTITCRASQGISSYLAWYQQKPGKAPKLLIYAASTLQSGVPSRFSGSGSGTEFTLTISSLQPEDFATYYCQQLNSYPPFTFGPGTKVDIK,tgtcagcagctgaacagctacccccccttcacc,CQQLNSYPPFT,IGKV1-9*01,IGKJ3*01,,,,,,,2134973,0,0,0,0,0,0,0,0,0,0,0,0,0,0
gaggtgcagctggtggagtctgggggaggcctggtcaagcctggggggtccctgagactctcctgtgcagcctctggattcaccttcagtagctattacatgaactgggtccgccaggctccagggaaggggctggagtgggtctcatccattagtgaggatggttatagcacatactacccagactcactgaagggccgattcaccatctccagagacagcgccaagaactcactgtatctgcaaatgaacagcctgagagccgacgacacggctgtgtattactgtgccagggacttcagcggccacaccgcctgggccggcaccggcttcgagtactggggccagggcaccctggtcaccgtctcctca,EVQLVESGGGLVKPGGSLRLSCAASGFTFSSYYMNWVRQAPGKGLEWVSSISEDGYSTYYPDSLKGRFTISRDSAKNSLYLQMNSLRADDTAVYYCARDFSGHTAWAGTGFEYWGQGTLVTVSS,tgtgccagggacttcagcggccacaccgcctgggccggcaccggcttcgagtac,CARDFSGHTAWAGTGFEY,IGHV3-21*07,,IGHJ1*01,,,,,,,,,,0,0,,Antibody_pairs,0,0,0,0,0,0,0,0,0,0,0,0,,,,,cagcctgtgctgacgcagccgccctcagtgtctggggccccagggcagaggatcaccatctcctgcactgggagcagctccaacatcggggcaggttatgatgtacactggtaccagcagcttccaggaacagcccccaaactcctcatctatggtagcagcagtcggaactcaggggtccctgaccgattctctggctccaagtctggcacctcagcctccctggccatcactgggctccaggctgaggatgaggctgattattactgccagagctacgacagcagcctgagcgtgctgtacaccttcggaactgggaccaaggtcaccgtccta,QPVLTQPPSVSGAPGQRITISCTGSSSNIGAGYDVHWYQQLPGTAPKLLIYGSSSRNSGVPDRFSGSKSGTSASLAITGLQAEDEADYYCQSYDSSLSVLYTFGTGTKVTVL,tgccagagctacgacagcagcctgagcgtgctgtacacc,CQSYDSSLSVLYT,IGLV1-40*01,IGLJ1*01,,,,,,,2060664,0,0,0,0,0,0,0,0,0,0,0,0,0,0
gaggtgcagctggtggagtctgggggaggcctggtcaagcctggggggtccctgagactctcctgtgcagcctctggattcaccttcagtagctattacatgaactgggtccgccaggctccagggaaggggctggagtgggtctcatccattagtagtgatggttataacacatactacccagactcactgaagggccgattcaccatctccagagacagcgccaagaactcactgtatctgcaaatgaacagcctgagagccgacgacacggctgtgtattactgtgccagggacttcagcggccacaccgccgtggccggcaccggcttcgagtactggggccagggcaccctggtcaccgtctcctca,EVQLVESGGGLVKPGGSLRLSCAASGFTFSSYYMNWVRQAPGKGLEWVSSISSDGYNTYYPDSLKGRFTISRDSAKNSLYLQMNSLRADDTAVYYCARDFSGHTAVAGTGFEYWGQGTLVTVSS,tgtgccagggacttcagcggccacaccgccgtggccggcaccggcttcgagtac,CARDFSGHTAVAGTGFEY,IGHV3-21*07,,IGHJ1*01,,,,,,,,,,0,0,,Antibody_pairs,0,0,0,0,0,0,0,0,0,0,0,0,,,,,cagcctgtgctgacgcagccgccctcagtgtctggggccccagggcagaggatcaccatctcctgcactgggagcagctccaacatcggggcaggttatgatgtacactggtaccagcagcttccaggaacagcccccaaactcctcatctatggtagcagcagtcggccctcaggggtccctgaccgattctctggctccaagtctggcacctcagcctccctggccatcactgggctccaggctgaggatgaggctgattattactgccagagctacgacagcagcctgagcgtgctgtacgtgttcggaactgggaccaaggtcaccgtccta,QPVLTQPPSVSGAPGQRITISCTGSSSNIGAGYDVHWYQQLPGTAPKLLIYGSSSRPSGVPDRFSGSKSGTSASLAITGLQAEDEADYYCQSYDSSLSVLYVFGTGTKVTVL,tgccagagctacgacagcagcctgagcgtgctgtacgtg,CQSYDSSLSVLYV,IGLV1-40*01,IGLJ1*01,,,,,,,2060661,0,0,0,0,0,0,0,0,0,0,0,0,0,0
gaggtgcagctggtggagtctggaggaggcttgatccagcctggggggtccctgagactctcctgtgcagcctctgggttcaccgtcagtagcaactacatgagctgggtccgccaggctccagggaaggggctggagtgggtctcagttatttatagcggtggtagcacatactacgcagactccgtgaagggccgattcaccatctccagagacaattccaagaacacgctgtatcttcaaatgaacagcctgagagccgaggacacggccgtgtattactgtgccagggacctgtacagcagcggcggcaccgacatctggggccaagggacaatggtcaccgtctcttca,EVQLVESGGGLIQPGGSLRLSCAASGFTVSSNYMSWVRQAPGKGLEWVSVIYSGGSTYYADSVKGRFTISRDNSKNTLYLQMNSLRAEDTAVYYCARDLYSSGGTDIWGQGTMVTVSS,tgtgccagggacctgtacagcagcggcggcaccgacatc,CARDLYSSGGTDI,IGHV3-53*01,,IGHJ3*02,,,,,,,,,,0,0,,Antibody_pairs,0,0,0,0,0,0,0,0,0,0,0,0,,,,,gaaattgtgttgacgcagtctccaggcaccctgtctttgtctccaggggaaagagccaccctctcctgcagggccagtcagagtgttagcagcagctacttagcctggtaccagcagaaacctggccaggctcccaggctcctcatctatggtgcatccagcagggccactggcatcccagacaggttcagtggcagtgggtctgggacagacttcactctcaccatcagcagactggagcctgaagattttgcagtgtattactgtcagcagtacggcagcagccccggcaccttcggccaagggaccaaggtggaaatcaaa,EIVLTQSPGTLSLSPGERATLSCRASQSVSSSYLAWYQQKPGQAPRLLIYGASSRATGIPDRFSGSGSGTDFTLTISRLEPEDFAVYYCQQYGSSPGTFGQGTKVEIK,tgtcagcagtacggcagcagccccggcacc,CQQYGSSPGT,IGKV3-20*01,IGKJ1*01,,,,,,,1597632,0,0,0,0,0,0,0,0,0,0,0,0,0,0
caggtccaggtggtacagtctggggctgaggtgaagaagcctggggcctcagtgaaggtctcctgcaaggtttccggatacaccctcattgaaatatccatacactgggtgcgacaggctcctggaaaagggcttgagtggatgggaggttttgatcctgaagctggtgaaacaatctacgcacagaagttccagggcagagtcaccatgaccgaggacacatctacagacacagcctacatggaggtgagcagcctgagatctgaggacacggccgtgtattactgtgccaccggccccgccatcgccgccgccgagaccaactggttcgacctgtggggccagggcaccctggtcaccgtctcctca,QVQVVQSGAEVKKPGASVKVSCKVSGYTLIEISIHWVRQAPGKGLEWMGGFDPEAGETIYAQKFQGRVTMTEDTSTDTAYMEVSSLRSEDTAVYYCATGPAIAAAETNWFDLWGQGTLVTVSS,tgtgccaccggccccgccatcgccgccgccgagaccaactggttcgacctg,CATGPAIAAAETNWFDL,IGHV1-24*01,,IGHJ1*01,,,,,,,,,,0,0,,Antibody_pairs,0,0,0,0,0,0,0,0,0,0,0,0,,,,,cagtctgccctgactcagcctgcctccgtgtctgggtctcctggacagtcgatcaccatctcctgcactggaaccagcagtgacgttggtagttataactatgtctcctggtaccaacagcacccaggcaaagcccccaaactcatgatttatgatgtcactaagcggccctcaggggttcctgatcgcttctctggctccaagtctggcaacacggcctccctgaccatctctgggctccaggctgaggacgaggctgattattactgcagcagctacaccagcagcagcacctgggtgttcggcggagggaccaagctgaccgtccta,QSALTQPASVSGSPGQSITISCTGTSSDVGSYNYVSWYQQHPGKAPKLMIYDVTKRPSGVPDRFSGSKSGNTASLTISGLQAEDEADYYCSSYTSSSTWVFGGGTKLTVL,tgcagcagctacaccagcagcagcacctgggtg,CSSYTSSSTWV,IGLV2-14*01_g168t_t198g_c337t,IGLJ2*01,,,,,,,1397527,0,0,0,0,0,0,0,0,0,0,0,0,0,0
gaggtgcagctggtggagtctggaggaggcttggtccagcctggggggtccctgagactctcctgtgcagcctctgggttcatcgtcagtagcaactacatgacctgggtccgccaggctccagggaaggggctggagtgggtctcagttatttatagcggtggtagcacattctacgcagactccgtgaagggccgattcaccatctccagacacaattccaagaacacgctgtttcttcaaatgaacagcctgagagctgaggacacggccgtgtattactgtgccagggacgcccagaactacggcatggacgtgtggggccaagggaccacggtcaccgtctcctca,EVQLVESGGGLVQPGGSLRLSCAASGFIVSSNYMTWVRQAPGKGLEWVSVIYSGGSTFYADSVKGRFTISRHNSKNTLFLQMNSLRAEDTAVYYCARDAQNYGMDVWGQGTTVTVSS,tgtgccagggacgcccagaactacggcatggacgtg,CARDAQNYGMDV,IGHV3-53*04,,IGHJ6*02,,,,,,,,,,0,0,,Antibody_pairs,0,0,0,0,0,0,0,0,0,0,0,0,,,,,gacatccagatgacccagtctccatcctccctgtctgcatctgtaggagacagagtcaccatcacttgccgggcaagtcagagcattagcagctatttaaattggtatcagcagaaaccagggaaagcccctaagctcctgatctttgctgcatccagtttgcaaactggggccccatcaaggttcagtggcagtggatctgggacagatttcactctcaccatcagcagtctgcaacctgaagattttgcaacttactactgtcagcagagctacagcacccccccctacacctttggccaggggaccaagctggagatcaaa,DIQMTQSPSSLSASVGDRVTITCRASQSISSYLNWYQQKPGKAPKLLIFAASSLQTGAPSRFSGSGSGTDFTLTISSLQPEDFATYYCQQSYSTPPYTFGQGTKLEIK,tgtcagcagagctacagcacccccccctacacc,CQQSYSTPPYT,IGKV1D-39*01,IGKJ2*01,,,,,,,1397524,0,0,0,0,0,0,0,0,0,0,0,0,0,0
gaggtgcagctggtggagtctggaggaggcttgatccagcctggggggtccctgagactctcctgtgcagcctctgggttcatcgtcagtagcaactacatgagctgggtccgccaggctccagggaaggggctggagtgggtctcaattatttatagcggtggtagcacattctacgcagactccgtgaagggccgattcaccatctccagagacaattccaagaacacgctgtatcttcaaatgaacagcctgagagtcgaggacacggccgtgtattactgtgccagggacctgcaggagctgggcagcctggactactggggccagggcaccctggtcaccgtctcctca,EVQLVESGGGLIQPGGSLRLSCAASGFIVSSNYMSWVRQAPGKGLEWVSIIYSGGSTFYADSVKGRFTISRDNSKNTLYLQMNSLRVEDTAVYYCARDLQELGSLDYWGQGTLVTVSS,tgtgccagggacctgcaggagctgggcagcctggactac,CARDLQELGSLDY,IGHV3-53*01,,IGHJ1*01,,,,,,,,,,0,0,,Antibody_pairs,0,0,0,0,0,0,0,0,0,0,0,0,,,,,gacatccagatgacccagtctccatcttccgtgtctgcatctgtaggagacagagtcaccatcacttgtcgggcgagtcagggtattagcagctggttagcctggtatcagcagaaaccagggaaagcccctaagctcctgatctatgctgcatccagtttgcaaagtggggtcccatcaaggttcagcggcagtggatctgggacagatttcactctcaccatcagcagcctgcagcctgaagattttgcaacttactattgtcaggaggccaacagcttcccctacacctttggccaggggaccaagctggagatcaaa,DIQMTQSPSSVSASVGDRVTITCRASQGISSWLAWYQQKPGKAPKLLIYAASSLQSGVPSRFSGSGSGTDFTLTISSLQPEDFATYYCQEANSFPYTFGQGTKLEIK,tgtcaggaggccaacagcttcccctacacc,CQEANSFPYT,IGKV1-12*01,IGKJ2*01,,,,,,,1392553,0,0,0,0,0,0,0,0,0,0,0,0,0,0
caggtccagctggtacagtctggggctgaggtgaagaagcctggggcctcagtgaaggtctcctgcaaggtttccggatacaccctcattgaattatccatgcactgggtgcgacaggctcctggaaaagggcttgagtggatgggaggttttgatcctgaagatgttgaaacaatctacgcacagcagttccagggcagagtcaccatgaccgaggacacatctacagacacagcctacatggagctgagcagcctgagatctgaggacacggccgtgtattactgtgccaccggctgggcctacaagagcacctggtacttcggctactggggccagggcaccctggtcaccgtctcctca,QVQLVQSGAEVKKPGASVKVSCKVSGYTLIELSMHWVRQAPGKGLEWMGGFDPEDVETIYAQQFQGRVTMTEDTSTDTAYMELSSLRSEDTAVYYCATGWAYKSTWYFGYWGQGTLVTVSS,tgtgccaccggctgggcctacaagagcacctggtacttcggctac,CATGWAYKSTWYFGY,IGHV1-24*01,,IGHJ1*01,,,,,,,,,,0,0,,Antibody_pairs,0,0,0,0,0,0,0,0,0,0,0,0,,,,,cagtctgccctgactcagcctccctccgcgtccgggtctcctggacagtcagtcaccatctcctgcactggaaccagcagtgacgttggtggttataactatgtctcctggtaccaacagcacccaggcaaagcccccaaactcatgatttatgaggtcagtaagcggccctcaggggtccctgatcgcttctctggctccaagtctggcaacacggcctccctgaccgtctctgggctccaggctgaggatgaggctgattattactgcagcagctacgccggcagcaggatgggcttcggcggagggaccaagctgaccgtccta,QSALTQPPSASGSPGQSVTISCTGTSSDVGGYNYVSWYQQHPGKAPKLMIYEVSKRPSGVPDRFSGSKSGNTASLTVSGLQAEDEADYYCSSYAGSRMGFGGGTKLTVL,tgcagcagctacgccggcagcaggatgggc,CSSYAGSRMG,IGLV2-8*01,IGLJ2*01,,,,,,,1347915,0,0,0,0,0,0,0,0,0,0,0,0,0,0
caggtgcagctggtggagtctggaggaggcttgatccagcctggggggtccctgagactctcctgtgcagcctctgggctcaccgtcaatagaaactacatgagctggatccgccaggctccagggaaggggctggagtgggtctcagttatttatagcggtggtagcacattctacgcagactccgtgaagggccgattcaccatctccagagacaattccaagaacacgctgtctcttcaaatgaacagcctgagagccgaggacacggccatatattactgtgccagggacttctacgagggcagcttcgacatctggggccaagggacaatggtcaccgtctcttca,QVQLVESGGGLIQPGGSLRLSCAASGLTVNRNYMSWIRQAPGKGLEWVSVIYSGGSTFYADSVKGRFTISRDNSKNTLSLQMNSLRAEDTAIYYCARDFYEGSFDIWGQGTMVTVSS,tgtgccagggacttctacgagggcagcttcgacatc,CARDFYEGSFDI,IGHV3-53*01,,IGHJ3*02,,,,,,,,,,0,0,,Antibody_pairs,0,0,0,0,0,0,0,0,0,0,0,0,,,,,gccatccagttgacccagtctccatccttcctgtctgcatctataggagacagagtcaccatcacttgccgggccagtcagggcattagcagttatttagcctggtatcagcaaaaaccagggaaagcccctaagctcctgatctatgctgcatccactttgcaaagtggggtcccatcaaggttcagcggcagtggatctgggacagaattcactctcacaatcagcagcctgcagcctgaagattttgcaagttattactgtcagcagctgaacagctaccccgcccccgtgttcggccctgggaccaaagtggatatcaaa,AIQLTQSPSFLSASIGDRVTITCRASQGISSYLAWYQQKPGKAPKLLIYAASTLQSGVPSRFSGSGSGTEFTLTISSLQPEDFASYYCQQLNSYPAPVFGPGTKVDIK,tgtcagcagctgaacagctaccccgcccccgtg,CQQLNSYPAPV,IGKV1-9*01,IGKJ3*01,,,,,,,1346823,0,0,0,0,0,0,0,0,0,0,0,0,0,0
caggtgcagctggtggagtctggaggaggcttgatccagcctggggggtccctgagactctcctgtgcagcctctggggtcaccgtcagtagcaactacatgagctgggtccgccaggctccagggaaggggctggagtgggtctcaattatttatagcggtggtaccacatactacgcagactccgtgaagggccgattcaccatctccagagacagttccatgaacacgctgtatcttcaaatgaacagcctgagagccgaggacacggccgtgtattactgtgccagggacctgatggtgtacggcatcgacgtgtggggccaagggaccacggtcaccgtctcctca,QVQLVESGGGLIQPGGSLRLSCAASGVTVSSNYMSWVRQAPGKGLEWVSIIYSGGTTYYADSVKGRFTISRDSSMNTLYLQMNSLRAEDTAVYYCARDLMVYGIDVWGQGTTVTVSS,tgtgccagggacctgatggtgtacggcatcgacgtg,CARDLMVYGIDV,IGHV3-53*01,,IGHJ6*02,,,,,,,,,,0,0,,Antibody_pairs,0,0,0,0,0,0,0,0,0,0,0,0,,,,,gaaatcgtgatgacccagtctccatcctcactctctgcatctgtaggagacagagtcaccatcacttgtcgggcgagtcagggtattagcagttatttagcctggtatcagcaaaaaccagggaaagcccctaagctcctgatctatgctgcatccactttgcaaagtggggtcccatcaaggttcagcggcagtggatctgggacagatttcactctcaccatcagctccctgcagcctgaagattttgcaacttattactgtcagcagctggacagctacccccccggctacaccttcggccaggggaccaaagtggatatcaaa,EIVMTQSPSSLSASVGDRVTITCRASQGISSYLAWYQQKPGKAPKLLIYAASTLQSGVPSRFSGSGSGTDFTLTISSLQPEDFATYYCQQLDSYPPGYTFGQGTKVDIK,tgtcagcagctggacagctacccccccggctacacc,CQQLDSYPPGYT,IGKV1-8*03,IGKJ3*01,,,,,,,1346822,0,0,0,0,0,0,0,0,0,0,0,0,0,0
gaggtgcagctgctggagtctggaggagacttgatccagcctggggggtccctgagactctcctgtgcagcctctggggtcaccgtcagtagcaactacatgagctgggtccgccaggctccagggaaggggctggagtgggtctcaattatttatcccggtggtagcacattctacgcagactccgtgaagggccgattcaccatctccagagacaattccaagaacacgctgtatcttcaaatgcacagcctgagagccgaggacacggccgtgtattactgtgccagggacctgggcagcggcgacatggacgtgtggggcaaagggaccacggtcaccgtctcctca,EVQLLESGGDLIQPGGSLRLSCAASGVTVSSNYMSWVRQAPGKGLEWVSIIYPGGSTFYADSVKGRFTISRDNSKNTLYLQMHSLRAEDTAVYYCARDLGSGDMDVWGKGTTVTVSS,tgtgccagggacctgggcagcggcgacatggacgtg,CARDLGSGDMDV,IGHV3-53*01,,IGHJ6*03,,,,,,,,,,0,0,,Antibody_pairs,0,0,0,0,0,0,0,0,0,0,0,0,,,,,gacatcgtgatgacccagtctccatccttcctgtctgcatctgtaggagacagagtcaccatcacttgccgggccagtcagggcattagcagttatttagcctggtatcagcaaaaaccagggaaagcccctaagctcctgatccaggctgcatccactttgcaaagtggggtcccatcaaggttcagcggcagtggatctgggacagaattcactctcacaatcagcagcctgcagcctgaagattttgcaacttattactgtcagcagctgaacagctacaggtacaccttcggccaagggaccaaggtggaaatcaaa,DIVMTQSPSFLSASVGDRVTITCRASQGISSYLAWYQQKPGKAPKLLIQAASTLQSGVPSRFSGSGSGTEFTLTISSLQPEDFATYYCQQLNSYRYTFGQGTKVEIK,tgtcagcagctgaacagctacaggtacacc,CQQLNSYRYT,IGKV1-9*01,IGKJ1*01,,,,,,,1346821,0,0,0,0,0,0,0,0,0,0,0,0,0,0
caggtgcagctggtgcagtctggggctgaggtgaagaagcctggggcctcagtgaaggtttcctgcaaggcatctggatacaccttcaccagctactatatgcactgggtgcgacaggcccctggacaagggcttgagtggatgggaataatcaactctagtggtggtagcacaagctacgcacagaagttccagggcagagtcaccatgaccagggacacgtccacgagcacagtctacatggagctgagcagcctgagatctgaggacacggccgtgtattactgtgccaggccccccaggaactactacgacaggagcggctactaccagagggccgagtacttccagcactggggccagggcaccctggtcaccgtctcctca,QVQLVQSGAEVKKPGASVKVSCKASGYTFTSYYMHWVRQAPGQGLEWMGIINSSGGSTSYAQKFQGRVTMTRDTSTSTVYMELSSLRSEDTAVYYCARPPRNYYDRSGYYQRAEYFQHWGQGTLVTVSS,tgtgccaggccccccaggaactactacgacaggagcggctactaccagagggccgagtacttccagcac,CARPPRNYYDRSGYYQRAEYFQH,IGHV1-46*01,,IGHJ1*01,,,,,,,,,,0,0,,Antibody_pairs,0,0,0,0,0,0,0,0,0,0,0,0,,,,,gacatccagctgacccagtctccatcctccctgtctgcatctgtaggagacagagtcaccatcacttgccaggcgagtcaggacattagcaactatttaaattggtatcagcagagaccagggaaagcccctaagctcctgatctacgatgcatccaatttggaaacaggggtcccatcaaggttcagtggaagtggatctgggacagattttactttcaccatcagcagcctgcagcctgaagatattgcaacatattactgtcagcagtacgacaacccccccctgacctttggcggggggaccaagctggagatcaaa,DIQLTQSPSSLSASVGDRVTITCQASQDISNYLNWYQQRPGKAPKLLIYDASNLETGVPSRFSGSGSGTDFTFTISSLQPEDIATYYCQQYDNPPLTFGGGTKLEIK,tgtcagcagtacgacaacccccccctgacc,CQQYDNPPLT,IGKV1-33*01,IGKJ2*01,,,,,,,1338222,0,0,0,0,0,0,0,0,0,0,0,0,0,0
gaggtgcagctggtggagtctggaggaggcttgatccagcctggggggtccctgagactctcctgtgcagcctctgggttcaccgtcagtagcaactacatgagctgggtccgccaggctccagggaaggggctggagtgggtctcagttatttatcccggtggtagcacattctacgcagactccgtgaagggccgattcaccatctccagagacaattccaagaacacgctgtatcttcaaatgaacagcctgagagccgaggacacggccgtgtattactgtgccagggaggtggccggcacctacgactactggggccagggcaccctggtcaccgtctcctca,EVQLVESGGGLIQPGGSLRLSCAASGFTVSSNYMSWVRQAPGKGLEWVSVIYPGGSTFYADSVKGRFTISRDNSKNTLYLQMNSLRAEDTAVYYCAREVAGTYDYWGQGTLVTVSS,tgtgccagggaggtggccggcacctacgactac,CAREVAGTYDY,IGHV3-53*01,,IGHJ1*01,,,,,,,,,,0,0,,Antibody_pairs,0,0,0,0,0,0,0,0,0,0,0,0,,,,,gacatccagatgacccagtctccatcttccgtgtctgcatctgtaggagacagagtcaccatcacttgtcgggcgagtcagggtattagcagctggttagcctggtatcagcagaaaccagggaaagcccctaagctcctgatctatgctgcatccagtttgcaaagtggggtcccatcaaggttcagcggcagtggatctgggacagatttcactctcaccatcagcagcctgcagcctgaagattttgcaacttactattgtcagcaggccaacagcttccccggcggcaccttcggccctgggaccaaagtggatatcaaa,DIQMTQSPSSVSASVGDRVTITCRASQGISSWLAWYQQKPGKAPKLLIYAASSLQSGVPSRFSGSGSGTDFTLTISSLQPEDFATYYCQQANSFPGGTFGPGTKVDIK,tgtcagcaggccaacagcttccccggcggcacc,CQQANSFPGGT,IGKV1-12*01,IGKJ3*01,,,,,,,1338213,0,0,0,0,0,0,0,0,0,0,0,0,0,0
gaggtgcagctggtggagtctggaggaggcttgatccagcctggggggtccctgagactctcctgtgcagcctctgggctcaccgtcagtagcaactacatgagctgggtccgccaggctccagggaaggggctggagtgggtctcagttatttatagcggtggtagcacatactacgcagactccgtgaagggccgattcaccatctccagagacaattccaagaacacgctgtatcttcaaatgaacagcctgagagccgaggacacggccgtgtattactgtgccaggagcccctacggcggcaacagctggggccagggcaccctggtcaccgtctcctca,EVQLVESGGGLIQPGGSLRLSCAASGLTVSSNYMSWVRQAPGKGLEWVSVIYSGGSTYYADSVKGRFTISRDNSKNTLYLQMNSLRAEDTAVYYCARSPYGGNSWGQGTLVTVSS,tgtgccaggagcccctacggcggcaacagc,CARSPYGGNS,IGHV3-53*01,,IGHJ1*01,,,,,,,,,,0,0,,Antibody_pairs,0,0,0,0,0,0,0,0,0,0,0,0,,,,,gacatccagatgacccagtctccatcctccctgtctgcatctgtaggagacagagtcaccatcacttgccaggcgagtcaggacattagcaactatttaaattggtatcagcagaaaccagggaaagcccctaagctcctgatctacgatgcatccaatttggaaacaggggtcccatcaaggttcagtggaagtggatctgggacagattttactttcaccatcagcagcctgcagcctgaagatattgcaacatattactgtcagcagtacgacaacctgcccatcaccttcggccaagggacacgactggagattaaa,DIQMTQSPSSLSASVGDRVTITCQASQDISNYLNWYQQKPGKAPKLLIYDASNLETGVPSRFSGSGSGTDFTFTISSLQPEDIATYYCQQYDNLPITFGQGTRLEIK,tgtcagcagtacgacaacctgcccatcacc,CQQYDNLPIT,IGKV1-33*01,IGKJ5*01,,,,,,,1338212,0,0,0,0,0,0,0,0,0,0,0,0,0,0
gaggtgcagctggtggagtctggaggaggcttgatccagcctggggggtccctgagactctcctgtgcagtctctgggttcaccgtcagtaacaactacatgagctgggtccgccaggctccagggaaggggctggagtgggtctcagttatttatagcggtggtaccacatactacgcagactccgtgaagggccgattcaccatctccagagacaattccaagaacacgctgtatcttcaaatgaacagcctgagagccgaggacacggccgtgtattactgtgccaggggcgacgtgagcggctacaggtacggcctggactactggggccagggcaccctggtcaccgtctccgga,EVQLVESGGGLIQPGGSLRLSCAVSGFTVSNNYMSWVRQAPGKGLEWVSVIYSGGTTYYADSVKGRFTISRDNSKNTLYLQMNSLRAEDTAVYYCARGDVSGYRYGLDYWGQGTLVTVSG,tgtgccaggggcgacgtgagcggctacaggtacggcctggactac,CARGDVSGYRYGLDY,IGHV3-53*01,,IGHJ1*01,,,,,,,,,,0,0,,Antibody_pairs,0,0,0,0,0,0,0,0,0,0,0,0,,,,,gacatccagttgacccagtctccatcctccctgtctgcatttgtaggagacagagtcaccatcacttgccgggccagtgagggcattagcagttatttagcctggtatcagcaaaaaccagggaacgcccctaagctcctgatctatgctgcatccactttggaaagtggggtcccatcaaggttcagcggcagtggatctgggacagacttcactctcacaatcagcagcctgcagcctgaagattttgcaacttattactgtcagcagctgaacagctaccccggcacctttggccaggggaccaagctggagatcaaa,DIQLTQSPSSLSAFVGDRVTITCRASEGISSYLAWYQQKPGNAPKLLIYAASTLESGVPSRFSGSGSGTDFTLTISSLQPEDFATYYCQQLNSYPGTFGQGTKLEIK,tgtcagcagctgaacagctaccccggcacc,CQQLNSYPGT,IGKV1-9*01,IGKJ2*01,,,,,,,1335960,0,0,0,0,0,0,0,0,0,0,0,0,0,0
gaggtgcagctggtggagtctggaggaggcttgatccagcctggggggtccctgagactctcctgtgcagcctctgggttcaccgtcagtagcaactacatgagctgggtccgccaggctccagggaaggggctggagtgggtctcagttatttatagcggtggtaccacatactacgcagactccgtgaagggccgattcaccatctccagagacaattccaagaacacgctgtatcttcaaatgaacagcctgagagccgaggacacggccgtgtattactgtgccaggggcgacgtgagcggctacaggtacggcctggactactggggccagggcaccctggtcaccgtctccgga,EVQLVESGGGLIQPGGSLRLSCAASGFTVSSNYMSWVRQAPGKGLEWVSVIYSGGTTYYADSVKGRFTISRDNSKNTLYLQMNSLRAEDTAVYYCARGDVSGYRYGLDYWGQGTLVTVSG,tgtgccaggggcgacgtgagcggctacaggtacggcctggactac,CARGDVSGYRYGLDY,IGHV3-53*01,,IGHJ1*01,,,,,,,,,,0,0,,Antibody_pairs,0,0,0,0,0,0,0,0,0,0,0,0,,,,,gacatccagttgacccagtctccatcctccctgtctgcatctgtaggagacagagtcaccatcacttgccgggccagtcagggcattagcagttatttagcctggtatcagcaaaaaccagggaaagcccctaagctcctgatctatgctgcatccactttggaaaatggggtcccatcaaggttcagcggcagtggatctgggacagacttcactctcacaatcagcagcctgcagcctgaagattttgcaacttattactgtcagcagctgaacagctaccccggcacctttggccaggggaccaagctggagatcaaa,DIQLTQSPSSLSASVGDRVTITCRASQGISSYLAWYQQKPGKAPKLLIYAASTLENGVPSRFSGSGSGTDFTLTISSLQPEDFATYYCQQLNSYPGTFGQGTKLEIK,tgtcagcagctgaacagctaccccggcacc,CQQLNSYPGT,IGKV1-9*01,IGKJ2*01,,,,,,,1335959,0,0,0,0,0,0,0,0,0,0,0,0,0,0
gaggtgcagctggtggagtctgggggaggcttggtacagcctggggggtccctgagactctcctgtgcagcctctggattcgaccttggcggctattccatgcactgggtccgccaggctccagggaaggggctggagtgggtcgcaggtatttatgctagtggtggtgccacagcctacgcagactccgtgaagggccggttcaccatctccgcagacacttccaagaacacggcgtatctgcaaatgaacagcctgagagccgaggacacggccgtatattactgtgccaggagctactactacggcggcttcggcatggactactggggccagggcaccctggtcaccgtctcctca,EVQLVESGGGLVQPGGSLRLSCAASGFDLGGYSMHWVRQAPGKGLEWVAGIYASGGATAYADSVKGRFTISADTSKNTAYLQMNSLRAEDTAVYYCARSYYYGGFGMDYWGQGTLVTVSS,tgtgccaggagctactactacggcggcttcggcatggactac,CARSYYYGGFGMDY,IGHV3-23*04,,IGHJ1*01,,,,,,,,,,0,0,,Antibody_pairs,0,0,0,0,0,0,0,0,0,0,0,0,,,,,gacatccagatgacccagtctccatcctccctgtctgcatctgtaggagacagagtcaccatcacttgccgggcaagtcagagcgttagcagcgctgtagcttggtatcagcagaaaccagggaaagcccctaagctcctgatctattctgcatccgatttgtacagtggggtcccatcaaggttcagtggcagtagatctgggacagatttcactctcaccatcagcagtctgcaacctgaagattttgcaacttactactgtcagcagagccacacctaccccatcaccttcggccaagggaccaaggtggaaatcaaa,DIQMTQSPSSLSASVGDRVTITCRASQSVSSAVAWYQQKPGKAPKLLIYSASDLYSGVPSRFSGSRSGTDFTLTISSLQPEDFATYYCQQSHTYPITFGQGTKVEIK,tgtcagcagagccacacctaccccatcacc,CQQSHTYPIT,IGKV1D-39*01,IGKJ1*01,,,,,,,1335409,0,0,0,0,0,0,0,0,0,0,0,0,0,0
gaggtgcagctggtggagtctgggggaggcttggtccagcctggggggtccctgagactctcctgtgcagcctctggaatcaccgtcagtagcaactacatgaactgggtccgccaggctccagggaaggggctggagtgggtctcacttatttatagcggtggtagcacatactacgcagactccgtgaagggcagattcaccatctccagagacaattccaagaacacgctgtatcttcaaatgaacagcctgagagccgaggacacggctgtgtatcactgtgccagggacctggtggtgtacggcatggacgtgtggggccaagggaccacggtcaccgtctcctca,EVQLVESGGGLVQPGGSLRLSCAASGITVSSNYMNWVRQAPGKGLEWVSLIYSGGSTYYADSVKGRFTISRDNSKNTLYLQMNSLRAEDTAVYHCARDLVVYGMDVWGQGTTVTVSS,tgtgccagggacctggtggtgtacggcatggacgtg,CARDLVVYGMDV,IGHV3-66*01,,IGHJ6*02,,,,,,,,,,0,0,,Antibody_pairs,0,0,0,0,0,0,0,0,0,0,0,0,,,,,gaaattgtgttgacgcagtctccaggcaccctgtctttgtctccaggggaaagagccaccctctcctgcagggccagtcagagtgttagcagcagctacttagcctggtaccagcagaaacctggccaggctcccaggctcctcatctatggtgcatccagcagggccactggcatcccagacaggttcagtggcagtgggtctgggacagacttcactctcaccatcagcagactggagcctgaagattttgcagtgtattactgtcagcagtacggcagcagccccacctttggccaggggaccaagctggagatcaaa,EIVLTQSPGTLSLSPGERATLSCRASQSVSSSYLAWYQQKPGQAPRLLIYGASSRATGIPDRFSGSGSGTDFTLTISRLEPEDFAVYYCQQYGSSPTFGQGTKLEIK,tgtcagcagtacggcagcagccccacc,CQQYGSSPT,IGKV3-20*01,IGKJ2*01,,,,,,,1334440,0,0,0,0,0,0,0,0,0,0,0,0,0,0
caggtgcagctggtggagtctggaggaggcttgatccagcctggggggtccctgagactctcctgtgcagcctctgggttcatcgtcagtagcaactacatgagctgggtccgccaggctccagggaaggggctggagtgggtctcagttatttatagcggtggtagcacattctacgcagactccgtgaagggccgattcaccatctccagagacaattccaagaacacgctgtatcttcaaatgaacagcctgagagccgaggacacggccgtgtattactgtgccagggactacggcgactactacttcgactactggggccagggcaccctggtcaccgtctcctca,QVQLVESGGGLIQPGGSLRLSCAASGFIVSSNYMSWVRQAPGKGLEWVSVIYSGGSTFYADSVKGRFTISRDNSKNTLYLQMNSLRAEDTAVYYCARDYGDYYFDYWGQGTLVTVSS,tgtgccagggactacggcgactactacttcgactac,CARDYGDYYFDY,IGHV3-53*01,,IGHJ1*01,,,,,,,,,,0,0,,Antibody_pairs,0,0,0,0,0,0,0,0,0,0,0,0,,,,,gaaattgtgttgacgcagtctccaggcaccctgtctttgtctccaggggaaagagccaccctctcctgcagggccagtcagagtgttagcagcagctacttagcctggtaccagcagaaacctggccaggctcccaggctcctcatctatggtgcatccagcagggccactggcatcccagacaggttcagtggcagtgggtctgggacagacttcactctcaccatcagcagactggagcctgaagattttgcagtgtattactgtcagcagtacggcagcagccccaggaccttcggccaagggaccaaggtggaaatcaaa,EIVLTQSPGTLSLSPGERATLSCRASQSVSSSYLAWYQQKPGQAPRLLIYGASSRATGIPDRFSGSGSGTDFTLTISRLEPEDFAVYYCQQYGSSPRTFGQGTKVEIK,tgtcagcagtacggcagcagccccaggacc,CQQYGSSPRT,IGKV3-20*01,IGKJ1*01,,,,,,,1314088,0,0,0,0,0,0,0,0,0,0,0,0,0,0
gaggtgcagctggtggagtctggaggaggcttgatccagcctggggggtccctgagactctcctgtgcagcctctgggatcatcgtcagtagcaactacatgacctgggtccgccaggctccagggaaggggctggagtgggtctcagttatttatagcggtggtagcacattctacgcagactccgtgaagggccgattcaccatctccagagacaattccaagaacacgctgtatcttcaaatgagcagcctgagagccgaggacacggccgtgtattactgtgccagggacctgggcccctacggcatggacgtgtggggccaagggaccacggtcaccgtctcctca,EVQLVESGGGLIQPGGSLRLSCAASGIIVSSNYMTWVRQAPGKGLEWVSVIYSGGSTFYADSVKGRFTISRDNSKNTLYLQMSSLRAEDTAVYYCARDLGPYGMDVWGQGTTVTVSS,tgtgccagggacctgggcccctacggcatggacgtg,CARDLGPYGMDV,IGHV3-53*01,,IGHJ6*02,,,,,,,,,,0,0,,Antibody_pairs,0,0,0,0,0,0,0,0,0,0,0,0,,,,,gacatccagttgacccagtctccatccttcctgtctgcatctgtaggagacagagtcaccatcacttgccgggccagtcagggcattagcagtgatttagcctggtatcagcaaaaaccagggaaagcccctaacctcctgatctatgctgcatccactttgcaaagtggggtcccatcaaggttcagcggcagtggatctgggacagaattcactctcacaatcagcagcctgcagcctgaagattttgcaacttattactgtcagcagctgaacagcgacctgtacacctttggccaggggaccaagctggagatcaaa,DIQLTQSPSFLSASVGDRVTITCRASQGISSDLAWYQQKPGKAPNLLIYAASTLQSGVPSRFSGSGSGTEFTLTISSLQPEDFATYYCQQLNSDLYTFGQGTKLEIK,tgtcagcagctgaacagcgacctgtacacc,CQQLNSDLYT,IGKV1-9*01,IGKJ2*01,,,,,,,1311248,0,0,0,0,0,0,0,0,0,0,0,0,0,0
gaggtgcagctggtggagtctggaggaggcttgatccagcctggggggtccctgagactctcctgtgcagcctctgggatcaccgtcagtagcaactacatgagctgggtccgccaggctccagggaaggggctggagtgggtctcagttatttatagcggtggtagcacagactacgcagactccgtgaagggccgattcaccatctccagagacaagtccaagaacacgctgtatcttcaaatgaacagcctgagagccgaggacacggccgtgtattactgtgccagggacctgggcgaggccggcggcatggacgtgtggggccaagggaccacggtcaccgtctcctca,EVQLVESGGGLIQPGGSLRLSCAASGITVSSNYMSWVRQAPGKGLEWVSVIYSGGSTDYADSVKGRFTISRDKSKNTLYLQMNSLRAEDTAVYYCARDLGEAGGMDVWGQGTTVTVSS,tgtgccagggacctgggcgaggccggcggcatggacgtg,CARDLGEAGGMDV,IGHV3-53*01,,IGHJ6*02,,,,,,,,,,0,0,,Antibody_pairs,0,0,0,0,0,0,0,0,0,0,0,0,,,,,gccatccagttgacccagtctccatcctccctgtctgcatctgtaggagacagagtcaccatcacttgccgggccagtcagggcattagcagttatttagcctggtatcagcaaaaaccagggaaagcccctaagctcctgatctatgctgcatccactttgcaaagtggggtcccatcaaggttcagcggcagtggatctgggacagacttcactctcacaatcagcagcctgcagcctgaagattttgcaacttattactgtcagcagctgaacagctacccccccgccttcggcggagggaccaaggtggagatcaaa,AIQLTQSPSSLSASVGDRVTITCRASQGISSYLAWYQQKPGKAPKLLIYAASTLQSGVPSRFSGSGSGTDFTLTISSLQPEDFATYYCQQLNSYPPAFGGGTKVEIK,tgtcagcagctgaacagctacccccccgcc,CQQLNSYPPA,IGKV1-9*01,IGKJ4*01,,,,,,,1311247,0,0,0,0,0,0,0,0,0,0,0,0,0,0
gaggtgcagctggtggagtctggaggaggcttgatccagcctggggggtccctgagactctcctgtgcagcctctgagttcatcgtcagtagaaactacatgagctgggtccgccaggctccagggaaggggctggagtgggtctcagttatttatagcggtggtagcacatactacgcagactccgtgaagggccgattcaccatctccagagacaattccaagaacacgctgaatcttcaaatgaacagcctgagagccgaggacacggccgtgtattactgtgccagggactacggcgactactacttcgactactggggccagggcaccctggtcaccgtctcctca,EVQLVESGGGLIQPGGSLRLSCAASEFIVSRNYMSWVRQAPGKGLEWVSVIYSGGSTYYADSVKGRFTISRDNSKNTLNLQMNSLRAEDTAVYYCARDYGDYYFDYWGQGTLVTVSS,tgtgccagggactacggcgactactacttcgactac,CARDYGDYYFDY,IGHV3-53*01,,IGHJ1*01,,,,,,,,,,0,0,,Antibody_pairs,0,0,0,0,0,0,0,0,0,0,0,0,,,,,gaaattgtgttgacgcagtctccaggcaccctgtctttgtctccaggggaaagagccaccctctcctgcagggccagtcagggtgttagcagcttcttagcctggtaccagcagaaacctggccaggctcccaggctcctcatccatggtgcatccagcagggccactggcatcccagacaggttcagtggcagtgggtctgggacagacttcactctcaccatcaccagactggagcctgaagattttgcagtgtattactgtcagcagtacggcagcagccccaggaccttcggccaagggaccaaggtggaaatcaaa,EIVLTQSPGTLSLSPGERATLSCRASQGVSSFLAWYQQKPGQAPRLLIHGASSRATGIPDRFSGSGSGTDFTLTITRLEPEDFAVYYCQQYGSSPRTFGQGTKVEIK,tgtcagcagtacggcagcagccccaggacc,CQQYGSSPRT,IGKV3-20*01,IGKJ1*01,,,,,,,1311246,0,0,0,0,0,0,0,0,0,0,0,0,0,0
caggtgcagctggtggagactggaggaggcttgatccagcctggggggtccctgagactctcctgtgcagcctctgggttcaccgtcagtagcaactacatgagctgggtccgccaggctccagggaaggggctggagtgggtctcagttatttatagcggtggtagcacattctacgcagactccgtgaagggccgattcaccatctccagagacaattccaagaacacgctgtatcttcaaatgaacagcctgagagccgaggacacggccgtgtattactgtgccagggacctggagagggccggcggcatggacgtgtggggccaagggacaatggtcaccgtctcttca,QVQLVETGGGLIQPGGSLRLSCAASGFTVSSNYMSWVRQAPGKGLEWVSVIYSGGSTFYADSVKGRFTISRDNSKNTLYLQMNSLRAEDTAVYYCARDLERAGGMDVWGQGTMVTVSS,tgtgccagggacctggagagggccggcggcatggacgtg,CARDLERAGGMDV,IGHV3-53*02,,IGHJ3*02,,,,,,,,,,0,0,,Antibody_pairs,0,0,0,0,0,0,0,0,0,0,0,0,,,,,gaaattgtgatgacgcagtctccaggcaccctgtctttgtctccaggggaaagagccaccctctcctgcagggccagtcagagtgttagcagcagctacttagcctggtaccagcagaaacctggccaggctcccaggctcctcatctatggtgcatccagcagggccactggcatcccagacaggttcagtggcagtgggtctgggacagacttcactctcaccatcagcagactggagcctgaagattttgcagtgtattactgtcagcagtacggcagcctgtacaccttcggccaggggaccaaagtggatatcaaa,EIVMTQSPGTLSLSPGERATLSCRASQSVSSSYLAWYQQKPGQAPRLLIYGASSRATGIPDRFSGSGSGTDFTLTISRLEPEDFAVYYCQQYGSLYTFGQGTKVDIK,tgtcagcagtacggcagcctgtacacc,CQQYGSLYT,IGKV3-20*01,IGKJ3*01,,,,,,,1310038,0,0,0,0,0,0,0,0,0,0,0,0,0,0
caggtgcagctggtggagtctggaggaggcttgatccagcctggggggtccctgagactctcctgtgcagcctctgggttcaccgtcagtagcaactacatgagctgggtccgccaggctccagggaaggggctggagtgggtctcagttatttatagcggtggtagcacattctacgcagactccgtgaagggccgattcaccatctccagagacaattccaagagcacgctgtatcttcaaatgaacagcctgagagtcgaggacacggccgtgtattactgtgccagggacttcggcgacttctacttcgactactggggccagggcaccctggtcaccgtctcctca,QVQLVESGGGLIQPGGSLRLSCAASGFTVSSNYMSWVRQAPGKGLEWVSVIYSGGSTFYADSVKGRFTISRDNSKSTLYLQMNSLRVEDTAVYYCARDFGDFYFDYWGQGTLVTVSS,tgtgccagggacttcggcgacttctacttcgactac,CARDFGDFYFDY,IGHV3-53*01,,IGHJ1*01,,,,,,,,,,0,0,,Antibody_pairs,0,0,0,0,0,0,0,0,0,0,0,0,,,,,gaaattgtgttgacgcagtctccaggcaccctgtctttgtctccaggggaaagagccaccctctcctgcagggccagtcagagtgttagcagctacttagcctggtaccagcagaaacctggccaggctcccaggctcctcatctatggtgcatccagcagggccactggcatcccagacaggttcagtggcagtgggtctgggacagacttcactctcaccatcagcagactggagcctgaagattttgcagtgtattactgtcagcagtacggcagcagccccaggacctttggccaggggaccaagctggagatcaaa,EIVLTQSPGTLSLSPGERATLSCRASQSVSSYLAWYQQKPGQAPRLLIYGASSRATGIPDRFSGSGSGTDFTLTISRLEPEDFAVYYCQQYGSSPRTFGQGTKLEIK,tgtcagcagtacggcagcagccccaggacc,CQQYGSSPRT,IGKV3-20*01,IGKJ2*01,,,,,,,1087267,0,0,0,0,0,0,0,0,0,0,0,0,0,0
gaggtgcagctggtggagtctggaggaggcttgatccagcctggggggtccctgagactctcctgtgcagcctctgggctcaccgtcagtagcaactacatgagctgggtccgccaggctccagggaaggggctggagtgggtctcagttatttatagcggtggtagcacattctacgcagactccgtgaagggccgattcaccatctccagagacaattccaagaacacgctgtatcttcaaatgaacagcctgagagccgaggacacggccgtgtattactgtgccagggacctggacgtgtacggcctggacgtgtggggccaagggaccacggtcaccgtctcctca,EVQLVESGGGLIQPGGSLRLSCAASGLTVSSNYMSWVRQAPGKGLEWVSVIYSGGSTFYADSVKGRFTISRDNSKNTLYLQMNSLRAEDTAVYYCARDLDVYGLDVWGQGTTVTVSS,tgtgccagggacctggacgtgtacggcctggacgtg,CARDLDVYGLDV,IGHV3-53*01,,IGHJ6*02,,,,,,,,,,0,0,,Antibody_pairs,0,0,0,0,0,0,0,0,0,0,0,0,,,,,gacatcgtgatgacccagtctccatccttcctgtctgcatctgtaggagacagagtcaccatcacttgccgggccagtcagggcattagcagttatttagcctggtatcagcaaaaaccagggaaagcccctaagctcctgatctatgctgcatccactttgcaaagtggggtcccatcaaggttcagcggcagtggatctgggacagaattcactctcacaatcagcagcctgcagcctgaagattttgcaacttattactgtcagcagctgaacagctacccccccaagttcaccttcggcccagggaccaaggtggagatcaaa,DIVMTQSPSFLSASVGDRVTITCRASQGISSYLAWYQQKPGKAPKLLIYAASTLQSGVPSRFSGSGSGTEFTLTISSLQPEDFATYYCQQLNSYPPKFTFGPGTKVEIK,tgtcagcagctgaacagctacccccccaagttcacc,CQQLNSYPPKFT,IGKV1-9*01,IGKJ4*01,,,,,,,1087266,0,0,0,0,0,0,0,0,0,0,0,0,0,0
gaggtgcagctggtggagtctgggggaggcttggtccagcctggggggtccctgagactctcctgtgcagcctctggattcaccgtcagtagcaactacatgagctgggtccgccaggctccagggaaggggctggagtgggtctcagttatttatagcggtggtagcacattctacgcagactccgtgaagggcagattcaccatctccagagacaattccatgaacacgctgtttcttcaaatgaacagcctgagagccgaggacacggctgtgtattactgtgccagggtgctgcccatgtacggcgactacctggactactggggccagggcaccctggtcaccgtctcctca,EVQLVESGGGLVQPGGSLRLSCAASGFTVSSNYMSWVRQAPGKGLEWVSVIYSGGSTFYADSVKGRFTISRDNSMNTLFLQMNSLRAEDTAVYYCARVLPMYGDYLDYWGQGTLVTVSS,tgtgccagggtgctgcccatgtacggcgactacctggactac,CARVLPMYGDYLDY,IGHV3-66*01,,IGHJ1*01,,,,,,,,,,0,0,,Antibody_pairs,0,0,0,0,0,0,0,0,0,0,0,0,,,,,gacatcgtgatgacccagtctccatcctccctgtctgcatctgtaggagacagagtcaccatcacttgccgggcaagtcagagcattagcagatatttaaattggtatcagcagaaaccagggaaagcccctaagctcctgatctatgctgcatccagtttgcaaagtggggtcccatcaaggttcagtggcagtggatctgggacagatttcactctcaccatcagcagtctgcaacctgaagattttgcaacttactactgtcagcagagctacagcaccccccccgagtacacctttggccaggggaccaagctggagatcaaa,DIVMTQSPSSLSASVGDRVTITCRASQSISRYLNWYQQKPGKAPKLLIYAASSLQSGVPSRFSGSGSGTDFTLTISSLQPEDFATYYCQQSYSTPPEYTFGQGTKLEIK,tgtcagcagagctacagcaccccccccgagtacacc,CQQSYSTPPEYT,IGKV1D-39*01,IGKJ2*01,,,,,,,1083498,0,0,0,0,0,0,0,0,0,0,0,0,0,0
gaggtgcagctggtggagtctggaggaggcttggtccagcctggggggtccctgagactctcctgtgcagcctctgggttcatcgtcagtagcaactacatgagctgggtccgccaggctccagggaaggggctggagtgggtctcagttatttatagcggtggtagcacatactacgcagactccgtgaagggccgattcaccatctccagacacaattccaagaacacgctgtatcttcaaatgaacagcctgagagctgaggacacggccgtgtattactgtgccagggaggcctacggcatggacgtgtggggccaagggaccacggtcaccgtctcctca,EVQLVESGGGLVQPGGSLRLSCAASGFIVSSNYMSWVRQAPGKGLEWVSVIYSGGSTYYADSVKGRFTISRHNSKNTLYLQMNSLRAEDTAVYYCAREAYGMDVWGQGTTVTVSS,tgtgccagggaggcctacggcatggacgtg,CAREAYGMDV,IGHV3-53*04,,IGHJ6*02,,,,,,,,,,0,0,,Antibody_pairs,0,0,0,0,0,0,0,0,0,0,0,0,,,,,gacatcgtgatgacccagtctccatccttcctgtctgcatctgtaggagacagagtcaccatcacttgccgggccagtcagggcattagcagttatttagcctggtatcagcaaaaaccagggaaagcccctaagctcctgatctatgctgcatccactttgcaaagtggggtcccatcaaggttcagcggcagtggatctgggacagaattcactctcacaatcagcagcctgcagcctgaagattttgcaacttattactgtcagcagctgaacagctaccccccctacacctttggccaggggaccaagctggagatcaaa,DIVMTQSPSFLSASVGDRVTITCRASQGISSYLAWYQQKPGKAPKLLIYAASTLQSGVPSRFSGSGSGTEFTLTISSLQPEDFATYYCQQLNSYPPYTFGQGTKLEIK,tgtcagcagctgaacagctaccccccctacacc,CQQLNSYPPYT,IGKV1-9*01,IGKJ2*01,,,,,,,1075136,0,0,0,0,0,0,0,0,0,0,0,0,0,0
caggtgcagctgcaggagtcgggcccaggactggtgaagccttcggggaccctgtccctcacctgcgctatctctggtggctccatcagcagtagtaactggtggacttgggtccgccagcccccagggaaggggctgcagtggattggggaaatccagcatggtgggggcaccaactacaacccgtccctcaagagtcgagccaccatattcgtagacgtgtccaagaaccacttctccctgaggctgagctctgtgaccgccgcggacacggccgtgtattactgtgccaaggtgcccccctactgcaccagcgccagctgccccgacgactactactaccactacatggacgtgtggggcaaagggaccacggtcaccgtctccgga,QVQLQESGPGLVKPSGTLSLTCAISGGSISSSNWWTWVRQPPGKGLQWIGEIQHGGGTNYNPSLKSRATIFVDVSKNHFSLRLSSVTAADTAVYYCAKVPPYCTSASCPDDYYYHYMDVWGKGTTVTVSG,tgtgccaaggtgcccccctactgcaccagcgccagctgccccgacgactactactaccactacatggacgtg,CAKVPPYCTSASCPDDYYYHYMDV,IGHV4-4*02,,IGHJ6*03,,,,,,,,,,0,0,,Antibody_pairs,0,0,0,0,0,0,0,0,0,0,0,0,,,,,tcttctgagctgactcaggaccctgctgtgtctgtggccttgggacagacagtcaggatcacatgccaaggagacagcctcagaggctattctgcaagctggtaccagctgaagccaggacaggcccctgtacttgtcatctatggtaaaaacaaccggccctcagggatcccagaccgattctctggctccacctcaggaaacagagcttccttgatcatcactgggactcaggcggaagatgaggctgactattactgtaacagcagggacaccaacggctacaggcccgtgctgttcggcggagggaccaagctgaccgtccta,SSELTQDPAVSVALGQTVRITCQGDSLRGYSASWYQLKPGQAPVLVIYGKNNRPSGIPDRFSGSTSGNRASLIITGTQAEDEADYYCNSRDTNGYRPVLFGGGTKLTVL,tgtaacagcagggacaccaacggctacaggcccgtgctg,CNSRDTNGYRPVL,IGLV3-19*01,IGLJ2*01,,,,,,,969168,0,0,0,0,0,0,0,0,0,0,0,0,0,0
caggtgcagctgcaggagtcgggcccaggactggtgaagccttcggggaccctgtccctcacctgcgctgtctctggtggctccatcagcagtagtaactggtggagttgggtccgccagcccccagggaaggggctggagtggattggggaaatctatcatagtgggagcaccaactacaacccgtccctcaagagtcgagtcaccatatcagtagacaagtccaagaaccagttctccctgaagctgagctctgtgaccgccgcggacacggccgtgtattactgtgccagggcccccccctactgcagcagcaccagctgccccgacgactactactactactacatggacgtgtggggcaaagggaccacggtcaccgtctccgga,QVQLQESGPGLVKPSGTLSLTCAVSGGSISSSNWWSWVRQPPGKGLEWIGEIYHSGSTNYNPSLKSRVTISVDKSKNQFSLKLSSVTAADTAVYYCARAPPYCSSTSCPDDYYYYYMDVWGKGTTVTVSG,tgtgccagggcccccccctactgcagcagcaccagctgccccgacgactactactactactacatggacgtg,CARAPPYCSSTSCPDDYYYYYMDV,IGHV4-4*02,,IGHJ6*03,,,,,,,,,,0,0,,Antibody_pairs,0,0,0,0,0,0,0,0,0,0,0,0,,,,,tcttctgagctgactcaggaccctgctgtgtctgtggccttgggacagacagtcaggatcacatgccaaggagacagcctcagaagctattatgcaagctggtaccagcagaagccaggacaggcccctgtacttgtcatctatggtaaaaacaaccggccctcagggatcccagaccgattctctggctccagctcaggaaacacagcttccttgaccatcactggggctcaggcggaagatgaggctgactattactgtaacagcagggacagcagcggcaaccaccccgtggtgttcggcggagggaccaagctgaccgtccta,SSELTQDPAVSVALGQTVRITCQGDSLRSYYASWYQQKPGQAPVLVIYGKNNRPSGIPDRFSGSSSGNTASLTITGAQAEDEADYYCNSRDSSGNHPVVFGGGTKLTVL,tgtaacagcagggacagcagcggcaaccaccccgtggtg,CNSRDSSGNHPVV,IGLV3-19*01,IGLJ2*01,,,,,,,969167,0,0,0,0,0,0,0,0,0,0,0,0,0,0
caggtgcagctgcaggagtcgggcccaggactggtgaagccttcggggaccctgtccctcacctgcgctgtctctggtggctccatcagcagtagtaactggtggagttgggtccgccagcccccagggaaggggctggagtggattggggaaatctatcatggtgggagcaccaactacaacccgtccctcaagagtcgagtcaccatatcagtagacaagtccaagaaccagttctccctgaagctgagctctgtgaccgccgcggacacggccgtgtattactgtgccagggcccccccctactgcaccagcgccagctgccccgacgactactactactactacatggacgtgtggggcaaagggaccacggtcaccgtctccgga,QVQLQESGPGLVKPSGTLSLTCAVSGGSISSSNWWSWVRQPPGKGLEWIGEIYHGGSTNYNPSLKSRVTISVDKSKNQFSLKLSSVTAADTAVYYCARAPPYCTSASCPDDYYYYYMDVWGKGTTVTVSG,tgtgccagggcccccccctactgcaccagcgccagctgccccgacgactactactactactacatggacgtg,CARAPPYCTSASCPDDYYYYYMDV,IGHV4-4*02,,IGHJ6*03,,,,,,,,,,0,0,,Antibody_pairs,0,0,0,0,0,0,0,0,0,0,0,0,,,,,tcttctgagctgactcaggaccctgctgtgtctgtggccttgggacagacagtcaggatcacatgccaaggagacagcctcagaggctattatgcaagctggtaccagcagaagccaggacaggcccctgtacttgtcatctatggtaaaaacaaccggccctcagggatcccagaccgattctctggctccagctcaggaaacacagcttccttgaccatcactggggctcaggcggaagatgaggctgactattactgtaacagcagggacagcagcggcaaccaccccgtggtgttcggcggagggaccaagctgaccgtccta,SSELTQDPAVSVALGQTVRITCQGDSLRGYYASWYQQKPGQAPVLVIYGKNNRPSGIPDRFSGSSSGNTASLTITGAQAEDEADYYCNSRDSSGNHPVVFGGGTKLTVL,tgtaacagcagggacagcagcggcaaccaccccgtggtg,CNSRDSSGNHPVV,IGLV3-19*01,IGLJ2*01,,,,,,,969166,0,0,0,0,0,0,0,0,0,0,0,0,0,0
gaggtgcagctggtggagtctgggggaggcttggtacagcctggggggtccctgagactctcctgtgcagcctctggattcaacgttagctactattccatacactgggtccgccaggctccagggaaggggctggagtgggtcgcatctatttatccttattatggtagcacatcctacgcagactccgtgaagggccggttcaccatctccgcagacacttccaagaacacggcgtatctgcaaatgaacagcctgagagccgaggacacggccgtatattactgtgccaggggctacggctgggccctggactactggggccagggcaccctggtcaccgtcttcaac,EVQLVESGGGLVQPGGSLRLSCAASGFNVSYYSIHWVRQAPGKGLEWVASIYPYYGSTSYADSVKGRFTISADTSKNTAYLQMNSLRAEDTAVYYCARGYGWALDYWGQGTLVTVFN,tgtgccaggggctacggctgggccctggactac,CARGYGWALDY,IGHV3-23*04,,IGHJ1*01,,,,,,,,,,0,0,,Antibody_pairs,0,0,0,0,0,0,0,0,0,0,0,0,,,,,cagatgacccagtctccatcctccctgtctgcatctgtaggagacagagtcaccatcacttgccgggcaagtcagagcgttagcagtgctgtagcctggtatcagcagaaaccagggaaagctcctaagctcctgatctatagtgcctccagtttgtacagtggggtcccatcaaggttcagcggcagtagatctgggacagattacactctcaccatcagcagcctgcagcctgaagattttgcaacttattactgtcagcaggacggctggagcctgatcaccttcggccaagggaccaaggtggaaatcaaa,QMTQSPSSLSASVGDRVTITCRASQSVSSAVAWYQQKPGKAPKLLIYSASSLYSGVPSRFSGSRSGTDYTLTISSLQPEDFATYYCQQDGWSLITFGQGTKVEIK,tgtcagcaggacggctggagcctgatcacc,CQQDGWSLIT,IGKV1D-13*02,IGKJ1*01,,,,,,,745539,0,0,0,0,0,0,0,0,0,0,0,0,0,0
gaggtgcagctggtggagtctgggggaggcttggtacagcctggggggtccctgagactctcctgtgcagcctctggattcaacgttagctactattccatacactgggtccgccaggctccagggaaggggctggagtgggtcgcatctatttatccttattatggtagcacatcctacgcagactccgtgaagggccggttcaccatctccgcagacacttccaagaacacggcgtatctgcaaatgaacagcctgagagccgaggacacggccgtatattactgtgccaggggctacggctgggccctggactactggggccagggcaccctggtcaccgtctcctca,EVQLVESGGGLVQPGGSLRLSCAASGFNVSYYSIHWVRQAPGKGLEWVASIYPYYGSTSYADSVKGRFTISADTSKNTAYLQMNSLRAEDTAVYYCARGYGWALDYWGQGTLVTVSS,tgtgccaggggctacggctgggccctggactac,CARGYGWALDY,IGHV3-23*04,,IGHJ1*01,,,,,,,,,,0,0,,Antibody_pairs,0,0,0,0,0,0,0,0,0,0,0,0,,,,,gacatccagatgacccagtctccatcctccctgtctgcatctgtaggagacagagtcaccatcacttgccgggcaagtcagagcgttagcagcgctgtagcttggtatcagcagaaaccagggaaagcccctaagctcctgatctattctgcatccagtttgtacagtggggtcccatcaaggttcagtggcagtagatctgggacagatttcactctcaccatcagcagtctgcaacctgaagattttgcaacttactactgtcagcaggacggctggagcctgatcaccttcggccaagggaccaaggtggaaatcaaa,DIQMTQSPSSLSASVGDRVTITCRASQSVSSAVAWYQQKPGKAPKLLIYSASSLYSGVPSRFSGSRSGTDFTLTISSLQPEDFATYYCQQDGWSLITFGQGTKVEIK,tgtcagcaggacggctggagcctgatcacc,CQQDGWSLIT,IGKV1D-39*01,IGKJ1*01,,,,,,,745538,0,0,0,0,0,0,0,0,0,0,0,0,0,0
gaggtgcagctggtggagtctgggggaggcttggtacagcctggggggtccctgagactctcctgtgcagcctctggattcaacgttagctactcttccatacactgggtccgccaggctccagggaaggggctggagtgggtcgcatatatttatcctagtagtggttacacatcctacgcagactccgtgaagggccggttcaccatctccgcagacacttccaagaacacggcgtatctgcaaatgaacagcctgagagccgaggacacggccgtatattactgtgccaggagctacagcaccaagctggccatggactactggggccagggcaccctggtcaccgtcttcaac,EVQLVESGGGLVQPGGSLRLSCAASGFNVSYSSIHWVRQAPGKGLEWVAYIYPSSGYTSYADSVKGRFTISADTSKNTAYLQMNSLRAEDTAVYYCARSYSTKLAMDYWGQGTLVTVFN,tgtgccaggagctacagcaccaagctggccatggactac,CARSYSTKLAMDY,IGHV3-23*04,,IGHJ1*01,,,,,,,,,,0,0,,Antibody_pairs,0,0,0,0,0,0,0,0,0,0,0,0,,,,,gacatccagatgacccagtctccatcctccctgtctgcatctgtaggagacagagtcaccatcacttgccgggcaagtcagagcgttagcagcgctgtagcttggtatcagcagaaaccagggaaagcccctaagctcctgatctattctgcatccagtttgtacagtggggtcccatcaaggttcagtggcagtagatctgggacagatttcactctcaccatcagcagtctgcaacctgaagattttgcaacttactactgtcagcagagccagtggtaccccatcaccttcggccaagggaccaaggtggaaatcaaa,DIQMTQSPSSLSASVGDRVTITCRASQSVSSAVAWYQQKPGKAPKLLIYSASSLYSGVPSRFSGSRSGTDFTLTISSLQPEDFATYYCQQSQWYPITFGQGTKVEIK,tgtcagcagagccagtggtaccccatcacc,CQQSQWYPIT,IGKV1D-39*01,IGKJ1*01,,,,,,,745537,0,0,0,0,0,0,0,0,0,0,0,0,0,0
gaggtgcagctggtggagtctgggggaggcttggtacagcctggggggtccctgagactctcctgtgcagcctctggattcaacgttagctactcttccatacactgggtccgccaggctccagggaaggggctggagtgggtcgcatatatttatcctagtagtggttacacatcctacgcagactccgtgaagggccggttcaccatctccgcagacacttccaagaacacggcgtatctgcaaatgaacagcctgagagccgaggacacggccgtatattactgtgccaggagctacagcaccaagctggccatggactactggggccagggcaccctggtcaccgtcgtctca,EVQLVESGGGLVQPGGSLRLSCAASGFNVSYSSIHWVRQAPGKGLEWVAYIYPSSGYTSYADSVKGRFTISADTSKNTAYLQMNSLRAEDTAVYYCARSYSTKLAMDYWGQGTLVTVVS,tgtgccaggagctacagcaccaagctggccatggactac,CARSYSTKLAMDY,IGHV3-23*04,,IGHJ1*01,,,,,,,,,,0,0,,Antibody_pairs,0,0,0,0,0,0,0,0,0,0,0,0,,,,,gacatccagatgacccagtctccatcctccctgtctgcatctgtaggagacagagtcaccatcacttgccgggcaagtcagagcgttagcagcgctgtagcttggtatcagcagaaaccagggaaagcccctaagctcctgatctattctgcatccagtttgtacagtggggtcccatcaaggttcagtggcagtagatctgggacagatttcactctcaccatcagcagtctgcaacctgaagattttgcaacttactactgtcagcagagccagtggtaccccatcaccttcggccaagggaccaaggtggaaatcaaa,DIQMTQSPSSLSASVGDRVTITCRASQSVSSAVAWYQQKPGKAPKLLIYSASSLYSGVPSRFSGSRSGTDFTLTISSLQPEDFATYYCQQSQWYPITFGQGTKVEIK,tgtcagcagagccagtggtaccccatcacc,CQQSQWYPIT,IGKV1D-39*01,IGKJ1*01,,,,,,,745536,0,0,0,0,0,0,0,0,0,0,0,0,0,0
caggtgcagctgcaggagtcgggcccaggactggtgaagccttcggggaccctgtccctcacctgcgctgtctctggtggctccatcagcagtagtcactggtggagttgggtccgccagcccccagggaaggggctggagtgggttggggaaatctctcttagtgggagcacccactacggcccgtccctcaagagtcgagtcagcatatcactagacaagtccatgaaccacttctccctgaggctgagctctgtgaccgccgcggacacggccgtgtattactgtgccagggagagcaggttctacggcgcctacttcgactactggggccagggcaccctggtcaccgtctcctca,QVQLQESGPGLVKPSGTLSLTCAVSGGSISSSHWWSWVRQPPGKGLEWVGEISLSGSTHYGPSLKSRVSISLDKSMNHFSLRLSSVTAADTAVYYCARESRFYGAYFDYWGQGTLVTVSS,tgtgccagggagagcaggttctacggcgcctacttcgactac,CARESRFYGAYFDY,IGHV4-4*02,,IGHJ1*01,,,,,,,,,,0,0,,Antibody_pairs,0,0,0,0,0,0,0,0,0,0,0,0,,,,,gacatccagttgacccagtctccatccttcctgtctgcatctgtaggagacagagtcaccatcacttgctgggccagtcagggcattaacagttatttagcctggtatcagcaaaaaccagggaaaacccctaagctcctgatctatgctgcatccactttgcaaagtggggtcccatcaaggttcagcggcagtggatctgggacagaattcactctcacaatcagcagcctgcagcctgaagattttgcaacttattactgtcagcagctgaacagctacccctgcagcttcggccaagggacaacactggagattaaa,DIQLTQSPSFLSASVGDRVTITCWASQGINSYLAWYQQKPGKTPKLLIYAASTLQSGVPSRFSGSGSGTEFTLTISSLQPEDFATYYCQQLNSYPCSFGQGTTLEIK,tgtcagcagctgaacagctacccctgcagc,CQQLNSYPCS,IGKV1-9*02,IGKJ5*01,,,,,,,738090,0,0,0,0,0,0,0,0,0,0,0,0,0,0
caggtgcagctggtgcagtctgggcctgaggtgaagaagcctggggcctcagtgaaggtctcctgcaaggcttctggatacaccttcaccgactactatatacactgggtgcgacaggcccctggacaagggcttgagtggatgggatggatcaaccctaacagtggtggcacaaactatgcacagaactttcaggactgggtcaccatgaccagggacacgtccatcaccacagcctacatggagctgagcagcctgagatctgacgacacggccgtgtattactgtgccagggacaggatcaccaccgccgcccccttcgactactggggccagggcaccctggtcaccgtctcctca,QVQLVQSGPEVKKPGASVKVSCKASGYTFTDYYIHWVRQAPGQGLEWMGWINPNSGGTNYAQNFQDWVTMTRDTSITTAYMELSSLRSDDTAVYYCARDRITTAAPFDYWGQGTLVTVSS,tgtgccagggacaggatcaccaccgccgcccccttcgactac,CARDRITTAAPFDY,IGHV1-2*04,,IGHJ1*01,,,,,,,,,,0,0,,Antibody_pairs,0,0,0,0,0,0,0,0,0,0,0,0,,,,,tcctatgtgctgactcagccaccctcagtgtcagtggccccaggaaagacggccaagattacctgtgggggaaacaacattggaagtaaaagtgtgcactggtaccagcagaagccaggccaggcccctgtgctggtcatgtattatgatttcgaccggccctcagggatccctgagcgattctctggctccaactctgggaacacggccaccctgaccatcagcagggtcgaagccgaggatgaggccgactattactgtcaggtgtgggacagcgacaggtactgggtgttcggcggagggaccaagctgaccgtccta,SYVLTQPPSVSVAPGKTAKITCGGNNIGSKSVHWYQQKPGQAPVLVMYYDFDRPSGIPERFSGSNSGNTATLTISRVEAEDEADYYCQVWDSDRYWVFGGGTKLTVL,tgtcaggtgtgggacagcgacaggtactgggtg,CQVWDSDRYWV,IGLV3-21*04,IGLJ2*01,,,,,,,738089,0,0,0,0,0,0,0,0,0,0,0,0,0,0
caggtgcagctggtgcagtctggggctgaggtgaagaagcctggggcctcagtgaaggtctcctgcaagacttctggatacaccttcaccgactactatatacactgggtgcgacaggcccctggacaagggcttgagtggatgggatggatcaaccctaccgatggtggcacaaactatgcacagaagtttcaggactgggtcaccatgaccagggacacgtccatcaccacagcctacatggagctgagcaggctgagatctgacggcacggccgtgtatttctgtgccagggacaggatcaccaccgccgcccccttcgactactggggccagggcaccctggtcaccgtctcctca,QVQLVQSGAEVKKPGASVKVSCKTSGYTFTDYYIHWVRQAPGQGLEWMGWINPTDGGTNYAQKFQDWVTMTRDTSITTAYMELSRLRSDGTAVYFCARDRITTAAPFDYWGQGTLVTVSS,tgtgccagggacaggatcaccaccgccgcccccttcgactac,CARDRITTAAPFDY,IGHV1-2*04,,IGHJ1*01,,,,,,,,,,0,0,,Antibody_pairs,0,0,0,0,0,0,0,0,0,0,0,0,,,,,tcctatgtgctgactcagccaccctcagtgtcagtggccccaggacagacggccaggattacctgtgggggaagcaacattggaagtaaaagtgtgcactggtaccagcagaagccaggccagacccctatgctggtcatctattatgattacgaccggccctcagggatccctgagcgattctctggctccaactctgggagcacggccaccctgaccatcagcagggtcgaagccggggatgaggccgactattactgtcaggtgtgggacagcagcagcgaccacgtgtgggtgttcggaggaggcaccacgctgaccgtcctc,SYVLTQPPSVSVAPGQTARITCGGSNIGSKSVHWYQQKPGQTPMLVIYYDYDRPSGIPERFSGSNSGSTATLTISRVEAGDEADYYCQVWDSSSDHVWVFGGGTTLTVL,tgtcaggtgtgggacagcagcagcgaccacgtgtgggtg,CQVWDSSSDHVWV,IGLV3-21*04,IGLJ7*01,,,,,,,738088,0,0,0,0,0,0,0,0,0,0,0,0,0,0
caggttcagctggtgcagtctggagctgaggtgaagaagcctggggcctcagtgaaggtctcctgcagggcttctggttacatctttaccagctatggtttcagctgggtgcgacaggcccctggacaagggcttgagtggatgggatggatcagcgcttacaatggtaacacagactattcacagaagctccagggcagagtcaccatgaccacagacacatccacgaacacagtctacatggagctgaggaccctgcaatctgacgacacggccgtgtattactgtgccagggacaggggcgacaggctgtactactactactactacggcatggacgtgtggggccaagggaccacggtcaccgtctcctca,QVQLVQSGAEVKKPGASVKVSCRASGYIFTSYGFSWVRQAPGQGLEWMGWISAYNGNTDYSQKLQGRVTMTTDTSTNTVYMELRTLQSDDTAVYYCARDRGDRLYYYYYYGMDVWGQGTTVTVSS,tgtgccagggacaggggcgacaggctgtactactactactactacggcatggacgtg,CARDRGDRLYYYYYYGMDV,IGHV1-18*01,,IGHJ6*02,,,,,,,,,,0,0,,Antibody_pairs,0,0,0,0,0,0,0,0,0,0,0,0,,,,,gatgttgtgatgactcagtctccactctccctgcccgtcacccttggacagccggcctccatctcctgcaggtctagtcaaagcctcgtatacagtgatggaaacacctacttgaattggtttcagcaggggccaggccaatctccaaggcgcctaatttataaggtttctaaccgggactctggggtcccagacagattcagcggcagtgggtcaggcactgatttcacactgaaaatcagcagggtggaggctgaggatgttggggtttattactgcatgcaggccacccactggcccctgaccttcggcggagggaccaaggtggagatcaaa,DVVMTQSPLSLPVTLGQPASISCRSSQSLVYSDGNTYLNWFQQGPGQSPRRLIYKVSNRDSGVPDRFSGSGSGTDFTLKISRVEAEDVGVYYCMQATHWPLTFGGGTKVEIK,tgcatgcaggccacccactggcccctgacc,CMQATHWPLT,IGKV2-30*01,IGKJ4*01,,,,,,,738087,0,0,0,0,0,0,0,0,0,0,0,0,0,0
caggttcagctggtgcagtctggaggtgaggtgaagaagcctggggcctcagtgaaggtctcctgcaaggcttctggttacacctttaccagctatggtatcagctgggtgcgacaggcccctggacaagggcttgagtggatgggatggatcagcgcttacaatggtaacagaaagtatgcacagaaggtccagggcagagtcagcatgaccatagacacacacacgagcacagccaacatggagctgaggagcctgagatctgacgacacggccgtgtattactgtgccaaggacaggggcgacggcgactacaggtactactactacggcatggacgtgtggggccaagggaccacggtcaccgtctcctca,QVQLVQSGGEVKKPGASVKVSCKASGYTFTSYGISWVRQAPGQGLEWMGWISAYNGNRKYAQKVQGRVSMTIDTHTSTANMELRSLRSDDTAVYYCAKDRGDGDYRYYYYGMDVWGQGTTVTVSS,tgtgccaaggacaggggcgacggcgactacaggtactactactacggcatggacgtg,CAKDRGDGDYRYYYYGMDV,IGHV1-18*01,,IGHJ6*02,,,,,,,,,,0,0,,Antibody_pairs,0,0,0,0,0,0,0,0,0,0,0,0,,,,,gatgttgtgatgactcagtctccactctccctgcccgtcacccttggacagccggcctccatctcctgcaggtctagtcaaagcctcgtatacagtgatggaaacacctacttgagttggtttcagcagaggccaggccaatctccaaggcgcctaatttataaggtttctaaccgggactctggggtcccagacagattcagcggcagtgggtcaggcactgatttcacactgaaaatcagcagggtggaggctgaggatgttggggtttattactgcatgcaggacacccactggccccccaccttcggcggagggaccaaggtggagatcaaa,DVVMTQSPLSLPVTLGQPASISCRSSQSLVYSDGNTYLSWFQQRPGQSPRRLIYKVSNRDSGVPDRFSGSGSGTDFTLKISRVEAEDVGVYYCMQDTHWPPTFGGGTKVEIK,tgcatgcaggacacccactggccccccacc,CMQDTHWPPT,IGKV2-30*01,IGKJ4*01,,,,,,,738086,0,0,0,0,0,0,0,0,0,0,0,0,0,0
caggtgcagctggtgcagtctggggctgaggtgaagaagcctgggtcctcggtgaaggtctcctgcaaggcttctggaggcaccttcaacagctatgctttcagctgggtgcgacaggcccctggacaagggcttgagtggatgggaagcatcatccctatctttggtacaacaaactacgcacagaagttccagggcagagtcacgattaccgcggacgaatccacgagcacagcctacatggagctgagcagcctgagatctgaggacacggccgtgtattactgtgccaggtacttcgacacctacaacaactacggcttcgccaactggggccagggcaccctggtcaccgtctcctca,QVQLVQSGAEVKKPGSSVKVSCKASGGTFNSYAFSWVRQAPGQGLEWMGSIIPIFGTTNYAQKFQGRVTITADESTSTAYMELSSLRSEDTAVYYCARYFDTYNNYGFANWGQGTLVTVSS,tgtgccaggtacttcgacacctacaacaactacggcttcgccaac,CARYFDTYNNYGFAN,IGHV1-69*01,,IGHJ1*01,,,,,,,,,,0,0,,Antibody_pairs,0,0,0,0,0,0,0,0,0,0,0,0,,,,,gacattgagctgacacagccaccctcggtgtcagtggtcccaggacagacggccaggatcagctgctctggagataatataccatacgaatatgcttcttggtaccagcagaagccaggccaggcccctgtgctggtgatatatggagacaataacaggccctcagggatccctgagcgattctctggctccaactcagggaatacagccacgttgaccatcagtggaacccaggcagaagatgaggctgactattactgtgccagctgggacagcatgaccgtggacggcgtgttcggcggagggaccaagctgaccgtccta,DIELTQPPSVSVVPGQTARISCSGDNIPYEYASWYQQKPGQAPVLVIYGDNNRPSGIPERFSGSNSGNTATLTISGTQAEDEADYYCASWDSMTVDGVFGGGTKLTVL,tgtgccagctgggacagcatgaccgtggacggcgtg,CASWDSMTVDGV,IGLV3-25*02,IGLJ2*01,,,,,,,164079,0,0,0,0,0,0,0,0,0,0,0,0,0,0
caggtgcagctggtgcagtctggggctgaggtgaagaagcctgggtcctcggtgaaggtctcctgcaaggcttctggaggcaccttcaacagctatgctttcagctgggtgcgacaggcccctggacaagggcttgagtggatgggaagcatcatccctctctttggttttgtagtctacgcacagaagttccagggcagagtcacgattaccgcggacgaatccacgagcacagcctacatggagctgagcagcctgagatctgaggacacggccgtgtattactgtgccaggtacttcgacacctacaacaactacggcttcgccaactggggccagggcaccctggtcaccgtctcctca,QVQLVQSGAEVKKPGSSVKVSCKASGGTFNSYAFSWVRQAPGQGLEWMGSIIPLFGFVVYAQKFQGRVTITADESTSTAYMELSSLRSEDTAVYYCARYFDTYNNYGFANWGQGTLVTVSS,tgtgccaggtacttcgacacctacaacaactacggcttcgccaac,CARYFDTYNNYGFAN,IGHV1-69*01,,IGHJ1*01,,,,,,,,,,0,0,,Antibody_pairs,0,0,0,0,0,0,0,0,0,0,0,0,,,,,gacattgagctgacacagccaccctcggtgtcagtggtcccaggacagacggccaggatcagctgctctggagataatataccatacgaatatgcttcttggtaccagcagaagccaggccaggcccctgtgctggtgatatatggagacaataacaggccctcagggatccctgagcgattctctggctccaactcagggaatacagccacgttgaccatcagtggaacccaggcagaagatgaggctgactattactgtgccagctgggacagcatgaccgtggacggcgtgttcggcggagggaccaagctgaccgtccta,DIELTQPPSVSVVPGQTARISCSGDNIPYEYASWYQQKPGQAPVLVIYGDNNRPSGIPERFSGSNSGNTATLTISGTQAEDEADYYCASWDSMTVDGVFGGGTKLTVL,tgtgccagctgggacagcatgaccgtggacggcgtg,CASWDSMTVDGV,IGLV3-25*02,IGLJ2*01,,,,,,,164078,0,0,0,0,0,0,0,0,0,0,0,0,0,0
caggtccagctgctggaatctggggctgaggtgaagaagcctgggtcctcggtgaaggtctcctgcaaggcttctggagacaccttcatcagatatagtttcacctgggtgcgacaggcccctggacaagggcttgagtggatgggaaggatcatcactatccttgatgtagcacactacgcaccgcacctccagggcagagtcacgattaccgcggacaaatccacgagcacagtctacctggagctgagaaacctgagatctgacgacacggccgtgtatttctgtgccggcgtgtacgagggcgaggccgacgagggcgagtacaggaacaacggcttcctgaagcactggggccagggcaccctggtcaccgtcacctca,QVQLLESGAEVKKPGSSVKVSCKASGDTFIRYSFTWVRQAPGQGLEWMGRIITILDVAHYAPHLQGRVTITADKSTSTVYLELRNLRSDDTAVYFCAGVYEGEADEGEYRNNGFLKHWGQGTLVTVTS,tgtgccggcgtgtacgagggcgaggccgacgagggcgagtacaggaacaacggcttcctgaagcac,CAGVYEGEADEGEYRNNGFLKH,IGHV1-69*02,,IGHJ1*01,,,,,,,,,,0,0,,Antibody_pairs,0,0,0,0,0,0,0,0,0,0,0,0,,,,,gaactagagctgacgcagtctccagccaccctgtctgtgtctccaggggaaagagccaccctctcctgcagggccagtgagagtgttagcagcgacttagcctggtaccagcagaaacctggccaggctcccaggctcctcatctatggtgcatccaccagggccactggtgtcccagccaggttcagtggcagtgggtctggggcagagttcactctcaccatcagcagcctgcagtctgaagattttgcagtttattactgtcagcagtacaacaactggccccccaggtacaccttcggccaagggacacgactggagattaaa,ELELTQSPATLSVSPGERATLSCRASESVSSDLAWYQQKPGQAPRLLIYGASTRATGVPARFSGSGSGAEFTLTISSLQSEDFAVYYCQQYNNWPPRYTFGQGTRLEIK,tgtcagcagtacaacaactggccccccaggtacacc,CQQYNNWPPRYT,IGKV3-15*01,IGKJ5*01,,,,,,,164069,0,0,0,0,0,0,0,0,0,0,0,0,0,0
gaggtccagctggtggaatctggggctgaggtgaagaagcctgggtcctcggtgaaggtctcctgcaaggcttctggagacaccttcatcagatatagtttcacctgggtgcgacaggcccctggacaagggcttgagtggatgggaaggatcatcactatccttgatgtagcacactacgcaccgcacctccagggcagagtcacgattaccgcggacaaatccacgagcacagtctacctggagctgagaaacctgagatctgacgacacggccgtgtatttctgtgccggcgtgtacgagggcgaggccgacgagggcgagtacgacaacaacggcttcctgaagcactggggccagggcaccctggtcaccgtctcctca,EVQLVESGAEVKKPGSSVKVSCKASGDTFIRYSFTWVRQAPGQGLEWMGRIITILDVAHYAPHLQGRVTITADKSTSTVYLELRNLRSDDTAVYFCAGVYEGEADEGEYDNNGFLKHWGQGTLVTVSS,tgtgccggcgtgtacgagggcgaggccgacgagggcgagtacgacaacaacggcttcctgaagcac,CAGVYEGEADEGEYDNNGFLKH,IGHV1-69*02,,IGHJ1*01,,,,,,,,,,0,0,,Antibody_pairs,0,0,0,0,0,0,0,0,0,0,0,0,,,,,gacatagtgatgacgcagtctccagccaccctgtctgtgtctccaggggaaagagccaccctctcctgcagggccagtgagagtgttagcagcgacttagcctggtaccagcagaaacctggccaggctcccaggctcctcatctatggtgcatccaccagggccactggtgtcccagccaggttcagtggcagtgggtctggggcagagttcactctcaccatcagcagcctgcagtctgaagattttgcagtttattactgtcagcagtacaacaactggccccccaggtacaccttcggccaagggacacgactggagattaaa,DIVMTQSPATLSVSPGERATLSCRASESVSSDLAWYQQKPGQAPRLLIYGASTRATGVPARFSGSGSGAEFTLTISSLQSEDFAVYYCQQYNNWPPRYTFGQGTRLEIK,tgtcagcagtacaacaactggccccccaggtacacc,CQQYNNWPPRYT,IGKV3-15*01,IGKJ5*01,,,,,,,164067,0,0,0,0,0,0,0,0,0,0,0,0,0,0
