Antigen,Species,Epitope_ID_A,Epitope_ID_B,Epitope_A,Epitope_B,Length_A,Length_B,Shared_residues,Overlap,Fraction_overlap_A,Fraction_overlap_B,Fraction_overlap_avg,Jaccard_score
Tumor necrosis factor receptor superfamily member 10B,Homo sapiens,https://www.iedb.org/epitope/132769,https://www.iedb.org/epitope/606206,"{78: 'E', 79: 'G', 80: 'L', 87: 'I', 89: 'E', 90: 'D', 91: 'G', 106: 'H', 107: 'W', 109: 'D', 110: 'L', 111: 'L', 112: 'F', 114: 'L', 115: 'R'}","{87: 'I', 89: 'E', 90: 'D', 91: 'G', 102: 'D', 106: 'H', 109: 'D', 110: 'L', 111: 'L', 112: 'F', 113: 'C', 115: 'R'}",15,12,"{87: 'I', 89: 'E', 90: 'D', 91: 'G', 106: 'H', 109: 'D', 110: 'L', 111: 'L', 112: 'F', 115: 'R'}",10,0.6666666666666666,0.8333333333333334,0.75,0.5882352941176471
Tumor necrosis factor receptor superfamily member 10B,Homo sapiens,https://www.iedb.org/epitope/132769,https://www.iedb.org/epitope/2134754,"{78: 'E', 79: 'G', 80: 'L', 87: 'I', 89: 'E', 90: 'D', 91: 'G', 106: 'H', 107: 'W', 109: 'D', 110: 'L', 111: 'L', 112: 'F', 114: 'L', 115: 'R'}","{87: 'I', 88: 'S', 89: 'E', 90: 'D', 91: 'G', 106: 'H', 109: 'D', 110: 'L', 111: 'L', 112: 'F', 114: 'L', 115: 'R', 117: 'T'}",15,13,"{87: 'I', 89: 'E', 90: 'D', 91: 'G', 106: 'H', 109: 'D', 110: 'L', 111: 'L', 112: 'F', 114: 'L', 115: 'R'}",11,0.7333333333333333,0.8461538461538461,0.7897435897435897,0.6470588235294118
Tumor necrosis factor receptor superfamily member 10B,Homo sapiens,https://www.iedb.org/epitope/132769,https://www.iedb.org/epitope/2134755,"{78: 'E', 79: 'G', 80: 'L', 87: 'I', 89: 'E', 90: 'D', 91: 'G', 106: 'H', 107: 'W', 109: 'D', 110: 'L', 111: 'L', 112: 'F', 114: 'L', 115: 'R'}","{98: 'K', 118: 'R', 119: 'C', 120: 'D', 121: 'S', 123: 'E', 124: 'V', 125: 'E', 140: 'E', 141: 'E', 142: 'G', 143: 'T', 152: 'M', 155: 'K'}",15,14,{},0,0.0,0.0,0.0,0.0
Tumor necrosis factor receptor superfamily member 10B,Homo sapiens,https://www.iedb.org/epitope/132769,https://www.iedb.org/epitope/2134756,"{78: 'E', 79: 'G', 80: 'L', 87: 'I', 89: 'E', 90: 'D', 91: 'G', 106: 'H', 107: 'W', 109: 'D', 110: 'L', 111: 'L', 112: 'F', 114: 'L', 115: 'R'}","{98: 'K', 99: 'Y', 101: 'Q', 118: 'R', 119: 'C', 121: 'S', 122: 'G', 123: 'E', 124: 'V', 125: 'E', 128: 'P', 140: 'E', 141: 'E'}",15,13,{},0,0.0,0.0,0.0,0.0
Tumor necrosis factor receptor superfamily member 10B,Homo sapiens,https://www.iedb.org/epitope/132769,https://www.iedb.org/epitope/2134757,"{78: 'E', 79: 'G', 80: 'L', 87: 'I', 89: 'E', 90: 'D', 91: 'G', 106: 'H', 107: 'W', 109: 'D', 110: 'L', 111: 'L', 112: 'F', 114: 'L', 115: 'R'}","{115: 'R', 120: 'D', 121: 'S', 122: 'G', 141: 'E', 143: 'T', 146: 'E', 150: 'P', 152: 'M', 153: 'C', 154: 'R', 155: 'K', 157: 'R', 158: 'T'}",15,14,{115: 'R'},1,0.06666666666666667,0.07142857142857142,0.06904761904761905,0.03571428571428571
Tumor necrosis factor receptor superfamily member 10B,Homo sapiens,https://www.iedb.org/epitope/132769,https://www.iedb.org/epitope/2134758,"{78: 'E', 79: 'G', 80: 'L', 87: 'I', 89: 'E', 90: 'D', 91: 'G', 106: 'H', 107: 'W', 109: 'D', 110: 'L', 111: 'L', 112: 'F', 114: 'L', 115: 'R'}","{74: 'S', 75: 'S', 76: 'P', 79: 'G', 80: 'L', 87: 'I', 89: 'E', 90: 'D', 91: 'G', 106: 'H', 109: 'D', 110: 'L', 111: 'L', 112: 'F'}",15,14,"{79: 'G', 80: 'L', 87: 'I', 89: 'E', 90: 'D', 91: 'G', 106: 'H', 109: 'D', 110: 'L', 111: 'L', 112: 'F'}",11,0.7333333333333333,0.7857142857142857,0.7595238095238095,0.6111111111111112
Tumor necrosis factor receptor superfamily member 10B,Homo sapiens,https://www.iedb.org/epitope/606206,https://www.iedb.org/epitope/2134754,"{87: 'I', 89: 'E', 90: 'D', 91: 'G', 102: 'D', 106: 'H', 109: 'D', 110: 'L', 111: 'L', 112: 'F', 113: 'C', 115: 'R'}","{87: 'I', 88: 'S', 89: 'E', 90: 'D', 91: 'G', 106: 'H', 109: 'D', 110: 'L', 111: 'L', 112: 'F', 114: 'L', 115: 'R', 117: 'T'}",12,13,"{87: 'I', 89: 'E', 90: 'D', 91: 'G', 106: 'H', 109: 'D', 110: 'L', 111: 'L', 112: 'F', 115: 'R'}",10,0.8333333333333334,0.7692307692307693,0.8012820512820513,0.6666666666666666
Tumor necrosis factor receptor superfamily member 10B,Homo sapiens,https://www.iedb.org/epitope/606206,https://www.iedb.org/epitope/2134755,"{87: 'I', 89: 'E', 90: 'D', 91: 'G', 102: 'D', 106: 'H', 109: 'D', 110: 'L', 111: 'L', 112: 'F', 113: 'C', 115: 'R'}","{98: 'K', 118: 'R', 119: 'C', 120: 'D', 121: 'S', 123: 'E', 124: 'V', 125: 'E', 140: 'E', 141: 'E', 142: 'G', 143: 'T', 152: 'M', 155: 'K'}",12,14,{},0,0.0,0.0,0.0,0.0
Tumor necrosis factor receptor superfamily member 10B,Homo sapiens,https://www.iedb.org/epitope/606206,https://www.iedb.org/epitope/2134756,"{87: 'I', 89: 'E', 90: 'D', 91: 'G', 102: 'D', 106: 'H', 109: 'D', 110: 'L', 111: 'L', 112: 'F', 113: 'C', 115: 'R'}","{98: 'K', 99: 'Y', 101: 'Q', 118: 'R', 119: 'C', 121: 'S', 122: 'G', 123: 'E', 124: 'V', 125: 'E', 128: 'P', 140: 'E', 141: 'E'}",12,13,{},0,0.0,0.0,0.0,0.0
Tumor necrosis factor receptor superfamily member 10B,Homo sapiens,https://www.iedb.org/epitope/606206,https://www.iedb.org/epitope/2134757,"{87: 'I', 89: 'E', 90: 'D', 91: 'G', 102: 'D', 106: 'H', 109: 'D', 110: 'L', 111: 'L', 112: 'F', 113: 'C', 115: 'R'}","{115: 'R', 120: 'D', 121: 'S', 122: 'G', 141: 'E', 143: 'T', 146: 'E', 150: 'P', 152: 'M', 153: 'C', 154: 'R', 155: 'K', 157: 'R', 158: 'T'}",12,14,{115: 'R'},1,0.08333333333333333,0.07142857142857142,0.07738095238095238,0.04
Tumor necrosis factor receptor superfamily member 10B,Homo sapiens,https://www.iedb.org/epitope/606206,https://www.iedb.org/epitope/2134758,"{87: 'I', 89: 'E', 90: 'D', 91: 'G', 102: 'D', 106: 'H', 109: 'D', 110: 'L', 111: 'L', 112: 'F', 113: 'C', 115: 'R'}","{74: 'S', 75: 'S', 76: 'P', 79: 'G', 80: 'L', 87: 'I', 89: 'E', 90: 'D', 91: 'G', 106: 'H', 109: 'D', 110: 'L', 111: 'L', 112: 'F'}",12,14,"{87: 'I', 89: 'E', 90: 'D', 91: 'G', 106: 'H', 109: 'D', 110: 'L', 111: 'L', 112: 'F'}",9,0.75,0.6428571428571429,0.6964285714285714,0.5294117647058824
Tumor necrosis factor receptor superfamily member 10B,Homo sapiens,https://www.iedb.org/epitope/2134754,https://www.iedb.org/epitope/2134755,"{87: 'I', 88: 'S', 89: 'E', 90: 'D', 91: 'G', 106: 'H', 109: 'D', 110: 'L', 111: 'L', 112: 'F', 114: 'L', 115: 'R', 117: 'T'}","{98: 'K', 118: 'R', 119: 'C', 120: 'D', 121: 'S', 123: 'E', 124: 'V', 125: 'E', 140: 'E', 141: 'E', 142: 'G', 143: 'T', 152: 'M', 155: 'K'}",13,14,{},0,0.0,0.0,0.0,0.0
Tumor necrosis factor receptor superfamily member 10B,Homo sapiens,https://www.iedb.org/epitope/2134754,https://www.iedb.org/epitope/2134756,"{87: 'I', 88: 'S', 89: 'E', 90: 'D', 91: 'G', 106: 'H', 109: 'D', 110: 'L', 111: 'L', 112: 'F', 114: 'L', 115: 'R', 117: 'T'}","{98: 'K', 99: 'Y', 101: 'Q', 118: 'R', 119: 'C', 121: 'S', 122: 'G', 123: 'E', 124: 'V', 125: 'E', 128: 'P', 140: 'E', 141: 'E'}",13,13,{},0,0.0,0.0,0.0,0.0
Tumor necrosis factor receptor superfamily member 10B,Homo sapiens,https://www.iedb.org/epitope/2134754,https://www.iedb.org/epitope/2134757,"{87: 'I', 88: 'S', 89: 'E', 90: 'D', 91: 'G', 106: 'H', 109: 'D', 110: 'L', 111: 'L', 112: 'F', 114: 'L', 115: 'R', 117: 'T'}","{115: 'R', 120: 'D', 121: 'S', 122: 'G', 141: 'E', 143: 'T', 146: 'E', 150: 'P', 152: 'M', 153: 'C', 154: 'R', 155: 'K', 157: 'R', 158: 'T'}",13,14,{115: 'R'},1,0.07692307692307693,0.07142857142857142,0.07417582417582418,0.038461538461538464
Tumor necrosis factor receptor superfamily member 10B,Homo sapiens,https://www.iedb.org/epitope/2134754,https://www.iedb.org/epitope/2134758,"{87: 'I', 88: 'S', 89: 'E', 90: 'D', 91: 'G', 106: 'H', 109: 'D', 110: 'L', 111: 'L', 112: 'F', 114: 'L', 115: 'R', 117: 'T'}","{74: 'S', 75: 'S', 76: 'P', 79: 'G', 80: 'L', 87: 'I', 89: 'E', 90: 'D', 91: 'G', 106: 'H', 109: 'D', 110: 'L', 111: 'L', 112: 'F'}",13,14,"{87: 'I', 89: 'E', 90: 'D', 91: 'G', 106: 'H', 109: 'D', 110: 'L', 111: 'L', 112: 'F'}",9,0.6923076923076923,0.6428571428571429,0.6675824175824177,0.5
Tumor necrosis factor receptor superfamily member 10B,Homo sapiens,https://www.iedb.org/epitope/2134755,https://www.iedb.org/epitope/2134756,"{98: 'K', 118: 'R', 119: 'C', 120: 'D', 121: 'S', 123: 'E', 124: 'V', 125: 'E', 140: 'E', 141: 'E', 142: 'G', 143: 'T', 152: 'M', 155: 'K'}","{98: 'K', 99: 'Y', 101: 'Q', 118: 'R', 119: 'C', 121: 'S', 122: 'G', 123: 'E', 124: 'V', 125: 'E', 128: 'P', 140: 'E', 141: 'E'}",14,13,"{98: 'K', 118: 'R', 119: 'C', 121: 'S', 123: 'E', 124: 'V', 125: 'E', 140: 'E', 141: 'E'}",9,0.6428571428571429,0.6923076923076923,0.6675824175824177,0.5
Tumor necrosis factor receptor superfamily member 10B,Homo sapiens,https://www.iedb.org/epitope/2134755,https://www.iedb.org/epitope/2134757,"{98: 'K', 118: 'R', 119: 'C', 120: 'D', 121: 'S', 123: 'E', 124: 'V', 125: 'E', 140: 'E', 141: 'E', 142: 'G', 143: 'T', 152: 'M', 155: 'K'}","{115: 'R', 120: 'D', 121: 'S', 122: 'G', 141: 'E', 143: 'T', 146: 'E', 150: 'P', 152: 'M', 153: 'C', 154: 'R', 155: 'K', 157: 'R', 158: 'T'}",14,14,"{120: 'D', 121: 'S', 141: 'E', 143: 'T', 152: 'M', 155: 'K'}",6,0.42857142857142855,0.42857142857142855,0.42857142857142855,0.2727272727272727
Tumor necrosis factor receptor superfamily member 10B,Homo sapiens,https://www.iedb.org/epitope/2134755,https://www.iedb.org/epitope/2134758,"{98: 'K', 118: 'R', 119: 'C', 120: 'D', 121: 'S', 123: 'E', 124: 'V', 125: 'E', 140: 'E', 141: 'E', 142: 'G', 143: 'T', 152: 'M', 155: 'K'}","{74: 'S', 75: 'S', 76: 'P', 79: 'G', 80: 'L', 87: 'I', 89: 'E', 90: 'D', 91: 'G', 106: 'H', 109: 'D', 110: 'L', 111: 'L', 112: 'F'}",14,14,{},0,0.0,0.0,0.0,0.0
Tumor necrosis factor receptor superfamily member 10B,Homo sapiens,https://www.iedb.org/epitope/2134756,https://www.iedb.org/epitope/2134757,"{98: 'K', 99: 'Y', 101: 'Q', 118: 'R', 119: 'C', 121: 'S', 122: 'G', 123: 'E', 124: 'V', 125: 'E', 128: 'P', 140: 'E', 141: 'E'}","{115: 'R', 120: 'D', 121: 'S', 122: 'G', 141: 'E', 143: 'T', 146: 'E', 150: 'P', 152: 'M', 153: 'C', 154: 'R', 155: 'K', 157: 'R', 158: 'T'}",13,14,"{121: 'S', 122: 'G', 141: 'E'}",3,0.23076923076923078,0.21428571428571427,0.22252747252747251,0.125
Tumor necrosis factor receptor superfamily member 10B,Homo sapiens,https://www.iedb.org/epitope/2134756,https://www.iedb.org/epitope/2134758,"{98: 'K', 99: 'Y', 101: 'Q', 118: 'R', 119: 'C', 121: 'S', 122: 'G', 123: 'E', 124: 'V', 125: 'E', 128: 'P', 140: 'E', 141: 'E'}","{74: 'S', 75: 'S', 76: 'P', 79: 'G', 80: 'L', 87: 'I', 89: 'E', 90: 'D', 91: 'G', 106: 'H', 109: 'D', 110: 'L', 111: 'L', 112: 'F'}",13,14,{},0,0.0,0.0,0.0,0.0
Tumor necrosis factor receptor superfamily member 10B,Homo sapiens,https://www.iedb.org/epitope/2134757,https://www.iedb.org/epitope/2134758,"{115: 'R', 120: 'D', 121: 'S', 122: 'G', 141: 'E', 143: 'T', 146: 'E', 150: 'P', 152: 'M', 153: 'C', 154: 'R', 155: 'K', 157: 'R', 158: 'T'}","{74: 'S', 75: 'S', 76: 'P', 79: 'G', 80: 'L', 87: 'I', 89: 'E', 90: 'D', 91: 'G', 106: 'H', 109: 'D', 110: 'L', 111: 'L', 112: 'F'}",14,14,{},0,0.0,0.0,0.0,0.0
