pdb,Hchain,Lchain,model,antigen_chain,antigen_type,antigen_het_name,antigen_name,short_header,date,compound,organism,heavy_species,light_species,antigen_species,authors,resolution,method,r_free,r_factor,scfv,engineered,heavy_subclass,light_subclass,light_ctype,affinity,delta_g,affinity_method,temperature,pmid
7xsc,A,B,0,E,protein,,spike protein s1,VIRAL PROTEIN/IMMUNE SYSTEM,05/24/23,Crystal structure of SARS-CoV-2 spike receptor binding domain bound with P5S-2B10,Homo sapiens; Severe acute respiratory syndrome coronavirus 2,homo sapiens,homo sapiens,severe acute respiratory syndrome coronavirus2 ,"Wang, X., Wang, Z., Lin, Z.",2.88,X-RAY DIFFRACTION,0.250,0.200,False,True,IGHV3,IGKV1,Kappa,,,,,
7xsc,D,H,0,F,protein,,spike protein s1,VIRAL PROTEIN/IMMUNE SYSTEM,05/24/23,Crystal structure of SARS-CoV-2 spike receptor binding domain bound with P5S-2B10,Homo sapiens; Severe acute respiratory syndrome coronavirus 2,homo sapiens,homo sapiens,severe acute respiratory syndrome coronavirus2 ,"Wang, X., Wang, Z., Lin, Z.",2.88,X-RAY DIFFRACTION,0.250,0.200,False,True,IGHV3,IGKV1,Kappa,,,,,
7xs8,A,L,0,E,protein,,spike protein s1,VIRAL PROTEIN/IMMUNE SYSTEM,04/26/23,Crystal structure of SARS-CoV-2 spike receptor binding domain bound with P5S-1H1 Fab,Homo sapiens; Severe acute respiratory syndrome coronavirus 2,homo sapiens,homo sapiens,severe acute respiratory syndrome coronavirus2 ,"Wang, X., Wang, Z.",2.8,X-RAY DIFFRACTION,0.267,0.216,False,True,IGHV3,IGKV1,Kappa,,,,,
7s5p,H,L,0,A,protein,,spike protein s1,VIRAL PROTEIN/IMMUNE SYSTEM,03/09/22,Crystal structure of SARS-CoV-2 B.1.351 variant receptor binding domain in complex with neutralizing antibody CS23,Homo sapiens; Severe acute respiratory syndrome coronavirus 2,homo sapiens,homo sapiens,severe acute respiratory syndrome coronavirus2 ,"Yuan, M., Wilson, I.A.",2.86,X-RAY DIFFRACTION,0.247,0.208,False,True,IGHV3,IGLV3,Lambda,,,,,
7ul0,H,L,0,A,protein,,spike protein s1,VIRAL PROTEIN/Immune System,03/08/23,Crystal structure of SARS-CoV-2 RBD in complex with the ridge-binding nAb EH8 isolated from a nonvaccinated pediatric patient,Homo sapiens; Severe acute respiratory syndrome coronavirus 2,homo sapiens,homo sapiens,severe acute respiratory syndrome coronavirus2 ,"Chen, Y., Tolbert, W.D., Bai, X., Pazgier, M.",2.49,X-RAY DIFFRACTION,0.256,0.225,False,True,IGHV1,IGLV2,Lambda,,,,,
7ul1,H,L,0,A,protein,,spike protein s1,VIRAL PROTEIN/Immune System,03/08/23,Crystal structure of SARS-CoV-2 RBD in complex with the neutralizing IGHV3-53-encoded antibody EH3 isolated from a nonvaccinated pediatric patient,Homo sapiens; Severe acute respiratory syndrome coronavirus,homo sapiens,homo sapiens,severe acute respiratory syndrome coronavirus,"Chen, Y., Tolbert, W.D., Pazgier, M.",2.65,X-RAY DIFFRACTION,0.221,0.174,False,True,IGHV3,IGKV3,Kappa,,,,,
7t72,H,L,0,A,protein,,spike protein s1,VIRAL PROTEIN,12/21/22,Epitope-based selection of SARS-CoV-2 neutralizing antibodies from convalescent patients,Homo sapiens; Severe acute respiratory syndrome coronavirus 2,homo sapiens,homo sapiens,severe acute respiratory syndrome coronavirus2 ,"Langley, D.B., Christ, D., Rouet, R.",3.177,X-RAY DIFFRACTION,0.308,0.237,False,True,IGHV3,IGKV1,Kappa,,,,,
8bh5,H,L,0,E,protein,,spike protein s1,IMMUNE SYSTEM,11/23/22,SARS-CoV-2 BA.2.12.1 RBD in complex with Beta-27 Fab and C1 nanobody,Homo sapiens; Lama glama; Severe acute respiratory syndrome coronavirus 2,homo sapiens,homo sapiens,severe acute respiratory syndrome coronavirus2 ,"Huo, J., Zhou, D., Ren, J., Stuart, D.I.",2.38,X-RAY DIFFRACTION,0.233,0.186,False,True,IGHV3,IGKV3,Kappa,,,,,
7wbz,H,L,0,A,protein,,spike protein s1,VIRAL PROTEIN/IMMUNE SYSTEM,08/31/22,Crystal structure of the SARS-Cov-2 RBD in complex with Fab 2303,Homo sapiens; Severe acute respiratory syndrome coronavirus 2,homo sapiens,homo sapiens,severe acute respiratory syndrome coronavirus2 ,"Xiang, Y., Ma, B.",2.42,X-RAY DIFFRACTION,0.220,0.182,False,True,IGHV3,IGKV1,Kappa,,,,,
8cwv,H,L,0,A,protein,,spike protein s1,IMMUNE SYSTEM,07/06/22,Crystal structure of SARS-CoV-2 spike protein receptor-binding domain in complex with a cross-neutralizing nanobody 2-31 and a human antibody CC12.1 Fab,Homo sapiens; Lama glama; Severe acute respiratory syndrome coronavirus 2,homo sapiens,homo sapiens,severe acute respiratory syndrome coronavirus2 ,"Liu, H., Wilson, I.A.",2.51,X-RAY DIFFRACTION,0.264,0.238,False,True,IGHV3,IGKV1,Kappa,,,,,
7jmo,H,L,0,A,protein,,spike protein s1,IMMUNE SYSTEM,08/02/20,Crystal structure of SARS-CoV-2 receptor binding domain in complex with neutralizing antibody COVA2-04,SEVERE ACUTE RESPIRATORY SYNDROME CORONAVIRUS 2; HOMO SAPIENS,homo sapiens,homo sapiens,severe acute respiratory syndrome coronavirus2 ,"Wu, N.C., Yuan, M., Liu, H., Zhu, X., Wilson, I.A.",2.359,X-RAY DIFFRACTION,0.238,0.195,False,True,IGHV3,IGKV3,Kappa,,,,,
2ny3,D,C,0,A,protein,,envelope glycoprotein gp120,VIRAL PROTEIN/IMMUNE SYSTEM,11/20/06,"HIV-1 gp120 Envelope Glycoprotein (K231C, T257S, E267C, S334A, S375W) Complexed with CD4 and Antibody 17b",HUMAN IMMUNODEFICIENCY VIRUS 1; HOMO SAPIENS,homo sapiens,homo sapiens,human immunodeficiency virus 1,"Zhou, T., Xu, L., Dey, B., Hessell, A.J., Van Ryk, D., Xiang, S.H., Yang, X., Zhang, M.Y., Zwick, M.B., Arthos, J., Burton, D.R., Dimitrov, D.S., Sodroski, J., Wyatt, R., Nabel, G.J., Kwong, P.D.",2.0,X-RAY DIFFRACTION,0.243,0.203,False,True,IGHV1,IGKV3,Kappa,8.15e-07,,SPR,,17301785
6q18,H,L,0,A,protein,,hemagglutinin,IMMUNE SYSTEM,08/03/19,Human antibody H1244 in complex with the influenza hemagglutinin head domain of A/Beijing/262/95(H1N1),INFLUENZA A VIRUS (A/BEIJING/262/1995(H1N1)); HOMO SAPIENS,homo sapiens,homo sapiens,influenza a virus (a/beijing/262/1995(h1n1)),"McCarthy, K.R., Harrison, S.C.",2.55,X-RAY DIFFRACTION,0.243,0.206,False,True,IGHV4,IGLV3,Lambda,,,,,
2ny0,D,C,0,A,protein,,envelope glycoprotein gp120,VIRAL PROTEIN/IMMUNE SYSTEM,11/20/06,"HIV-1 gp120 Envelope Glycoprotein (M95W, W96C, T257S, V275C, S334A, S375W, A433M) Complexed with CD4 and Antibody 17b",HUMAN IMMUNODEFICIENCY VIRUS 1; HOMO SAPIENS,homo sapiens,homo sapiens,human immunodeficiency virus 1,"Zhou, T., Xu, L., Dey, B., Hessell, A.J., Van Ryk, D., Xiang, S.H., Yang, X., Zhang, M.Y., Zwick, M.B., Arthos, J., Burton, D.R., Dimitrov, D.S., Sodroski, J., Wyatt, R., Nabel, G.J., Kwong, P.D.",2.2,X-RAY DIFFRACTION,0.242,0.202,False,True,IGHV1,IGKV3,Kappa,2.32e-07,,SPR,,17301785
7bej,H,L,0,E,protein,,spike glycoprotein,VIRAL PROTEIN/IMMUNE SYSTEM,12/23/20,Crystal structure of the receptor binding domain of SARS-CoV-2 Spike glycoprotein in complex with COVOX-158 Fab (crystal form 1),HOMO SAPIENS; SEVERE ACUTE RESPIRATORY SYNDROME CORONAVIRUS 2,homo sapiens,homo sapiens,severe acute respiratory syndrome coronavirus2 ,"Zhou, D., Zhao, Y., Ren, J., Stuart, D.",2.42,X-RAY DIFFRACTION,0.231,0.190,False,True,IGHV3,IGKV1,Kappa,,,,,
7s0x,C,D,0,F,protein,,circumsporozoite protein,IMMUNE SYSTEM,08/31/21,Fab352 in complex with the C-terminal alphaTSR domain of P. falciparum,HOMO SAPIENS; PLASMODIUM FALCIPARUM (ISOLATE 3D7),homo sapiens,homo sapiens,plasmodium falciparum (isolate 3d7),"Pholcharee, T., Oyen, D., Wilson, I.A.",2.8,X-RAY DIFFRACTION,0.276,0.225,False,True,IGHV3,IGLV3,Lambda,,,,,
7s0x,H,L,0,E,protein,,circumsporozoite protein,IMMUNE SYSTEM,08/31/21,Fab352 in complex with the C-terminal alphaTSR domain of P. falciparum,HOMO SAPIENS; PLASMODIUM FALCIPARUM (ISOLATE 3D7),homo sapiens,homo sapiens,plasmodium falciparum (isolate 3d7),"Pholcharee, T., Oyen, D., Wilson, I.A.",2.8,X-RAY DIFFRACTION,0.276,0.225,False,True,IGHV3,IGLV3,Lambda,,,,,
6z2m,B,C,0,A,protein,,spike glycoprotein,VIRAL PROTEIN,06/03/20,"H11-D4, SARS-CoV-2 RBD, CR3022 ternary complex",SEVERE ACUTE RESPIRATORY SYNDROME CORONAVIRUS 2; HOMO SAPIENS; LAMA GLAMA,homo sapiens,homo sapiens,severe acute respiratory syndrome coronavirus2 ,"Naismith, J.H., Ren, J., Zhou, D., Zhao, Y., Stuart, D.I.",2.71,X-RAY DIFFRACTION,0.241,0.198,False,True,IGHV5,IGKV4,Kappa,,,,,
4khx,H,L,0,A,protein,,gp41 helix,Immune system,05/01/13,Crystal structure of gp41 helix complexed with antibody 8062,HUMAN IMMUNODEFICIENCY VIRUS 1; HOMO SAPIENS,homo sapiens,homo sapiens,human immunodeficiency virus 1,"Li, M., Gustchina, A,, Wlodawer, A.",2.921,X-RAY DIFFRACTION,0.289,0.237,False,False,IGHV1,IGLV3,Lambda,4.2e-09,-11.427932644037815,ITC,,TBD
7c01,H,L,0,A,protein,,sars-cov-2 spike protein s1,VIRAL PROTEIN,05/27/20,Molecular basis for a potent human neutralizing antibody targeting SARS-CoV-2 RBD,SEVERE ACUTE RESPIRATORY SYNDROME CORONAVIRUS 2; HOMO SAPIENS,homo sapiens,homo sapiens,severe acute respiratory syndrome coronavirus2 ,"Shi, R., Qi, J., Wang, Q., Gao, F.G., Yan, J.",2.88,X-RAY DIFFRACTION,0.265,0.218,False,True,IGHV3,IGKV1,Kappa,,,,,
1rzk,H,L,0,G,protein,,envelope glycoprotein gp120,Viral protein/Immune system,12/24/03,HIV-1 YU2 GP120 ENVELOPE GLYCOPROTEIN COMPLEXED WITH CD4 AND INDUCED NEUTRALIZING ANTIBODY 17B,HUMAN IMMUNODEFICIENCY VIRUS 1; HOMO SAPIENS,homo sapiens,homo sapiens,human immunodeficiency virus 1,"Huang, C.C., Venturi, M., Majeed, S., Moore, M.J., Phogat, S., Zhang, M.-Y., Dimitrov, D.S., Hendrickson, W.A., Robinson, J., Sodroski, J., Wyatt, R., Choe, H., Farzan, M., Kwong, P.D.",2.9,X-RAY DIFFRACTION,0.297,0.205,False,True,IGHV1,IGKV3,Kappa,,,,,
7pqy,H,L,0,E,protein,,spike protein s1,VIRAL PROTEIN,09/20/21,Crystal structure of the receptor binding domain of SARS-CoV-2 Spike glycoprotein in complex with FI-3A Fab,SEVERE ACUTE RESPIRATORY SYNDROME CORONAVIRUS 2; HOMO SAPIENS,homo sapiens,homo sapiens,severe acute respiratory syndrome coronavirus2 ,"Zhou, D., Ren, J., Stuart, D.",3.0,X-RAY DIFFRACTION,0.245,0.228,False,True,IGHV3,IGKV1,Kappa,,,,,
6yla,H,L,0,E,protein,,sars-cov-2 rbd,VIRAL PROTEIN,04/06/20,Crystal structure of the SARS-CoV-2 receptor binding domain in complex with CR3022 Fab,SEVERE ACUTE RESPIRATORY SYNDROME CORONAVIRUS 2; HOMO SAPIENS,homo sapiens,homo sapiens,severe acute respiratory syndrome coronavirus2 ,"Huo, J., Zhao, Y., Ren, J., Zhou, D., Ginn, H.M., Fry, E.E., Owens, R., Stuart, D.I.",2.42,X-RAY DIFFRACTION,0.237,0.213,False,True,IGHV5,IGKV4,Kappa,,,,,
2eks,B,A,0,C,protein,,lysozyme c,IMMUNE SYSTEM/HYDROLASE,03/24/07,Crystal structure of humanized HyHEL-10 FV-HEN lysozyme complex,HOMO SAPIENS; GALLUS GALLUS,homo sapiens,homo sapiens,gallus gallus,"Nakanishi, T., Tsumoto, K., Yokota, A., Kondo, H., Kumagai, I.",2.0,X-RAY DIFFRACTION,0.265,0.221,False,True,IGHV4,IGKV3,Kappa,,,,,
7cho,H,L,0,E,protein,,spike protein s1,VIRAL PROTEIN,07/06/20,Crystal structure of SARS-CoV-2 antibody P5A-1D2 with RBD,SEVERE ACUTE RESPIRATORY SYNDROME CORONAVIRUS 2; HOMO SAPIENS,homo sapiens,homo sapiens,severe acute respiratory syndrome coronavirus2 ,"Wang, X., Zhang, L., Ge, J., Wang, R., Zhang, Q.",2.561,X-RAY DIFFRACTION,0.247,0.202,False,True,IGHV3,IGLV1,Lambda,,,,,
7neg,H,L,0,E,protein,,surface glycoprotein,VIRAL PROTEIN/IMMUNE SYSTEM,02/04/21,Crystal structure of the N501Y mutant receptor binding domain of SARS-CoV-2 Spike glycoprotein in complex with COVOX-269 Fab,HOMO SAPIENS; SEVERE ACUTE RESPIRATORY SYNDROME CORONAVIRUS 2,homo sapiens,homo sapiens,severe acute respiratory syndrome coronavirus2 ,"Zhou, D., Ren, J., Stuart, D.",2.19,X-RAY DIFFRACTION,0.223,0.195,False,True,IGHV3,IGKV1,Kappa,,,,,
3mac,H,L,0,A,protein,,transmembrane glycoprotein,IMMUNE SYSTEM,03/23/10,crystal structure of GP41-derived protein complexed with fab 8062,HUMAN IMMUNODEFICIENCY VIRUS 1; HOMO SAPIENS,homo sapiens,homo sapiens,human immunodeficiency virus 1,"Li, M., Gustchina, E., Louis, J., Gustchina, A., Wlodawer, A., Clore, M.",2.5,X-RAY DIFFRACTION,0.264,0.200,False,True,IGHV1,IGLV3,Lambda,2e-07,-9.23,ITC,28.0,21085615
6b0h,D,C,0,I,protein,,pfs25,IMMUNE SYSTEM,09/14/17,Crystal structure of Pfs25 in complex with the transmission blocking antibody 1262,PLASMODIUM FALCIPARUM; HOMO SAPIENS,homo sapiens,homo sapiens,plasmodium falciparum,"McLeod, B., Scally, S.W., Bosch, A., King, C.R., Julien, J.P.",2.7,X-RAY DIFFRACTION,0.238,0.186,False,True,IGHV4,IGKV1,Kappa,,,,,
6q0h,H,L,0,A,protein,,hemagglutinin,IMMUNE SYSTEM,08/01/19,Inferred intermediate I-7 (I-7-0) of the human antibody lineage 652 in complex with influenza hemagglutinin head domain of A/Beijing/262/95(H1N1),INFLUENZA A VIRUS (A/BEIJING/262/1995(H1N1)); HOMO SAPIENS,homo sapiens,homo sapiens,influenza a virus (a/beijing/262/1995(h1n1)),"McCarthy, K.R., Harrison, S.C.",2.75,X-RAY DIFFRACTION,0.269,0.241,False,True,IGHV4,IGLV3,Lambda,,,,,
2i60,H,L,0,G,protein,,exterior membrane glycoprotein(gp120),VIRAL PROTEIN/IMMUNE SYSTEM,08/26/06,"Crystal structure of [Phe23]M47, a scorpion-toxin mimic of CD4, in complex with HIV-1 YU2 GP120 envelope glycoprotein and anti-HIV-1 antibody 17B",HUMAN IMMUNODEFICIENCY VIRUS 1; HOMO SAPIENS; SYNTHETIC CONSTRUCT,homo sapiens,homo sapiens,human immunodeficiency virus 1,"Huang, C.-C., Kwong, P.D.",2.4,X-RAY DIFFRACTION,0.281,0.215,False,True,IGHV1,IGKV3,Kappa,6.240000000000001e-09,-11.193370928227925,SPR,,TBD
7mmo,A,B,0,C,protein,,spike protein s1,IMMUNE SYSTEM/VIRAL PROTEIN,04/30/21,LY-CoV1404 neutralizing antibody against SARS-CoV-2,HOMO SAPIENS; SEVERE ACUTE RESPIRATORY SYNDROME CORONAVIRUS 2,homo sapiens,homo sapiens,severe acute respiratory syndrome coronavirus2 ,"Hendle, J., Pustilnik, A., Sauder, J.M., Coleman, K.A., Boyles, J.S., Dickinson, C.D.",2.427,X-RAY DIFFRACTION,0.253,0.226,False,True,IGHV2,IGLV2,Lambda,,,,,
2ny1,D,C,0,A,protein,,envelope glycoprotein gp120,VIRAL PROTEIN/IMMUNE SYSTEM,11/20/06,"HIV-1 gp120 Envelope Glycoprotein (I109C, T257S, S334A, S375W, Q428C) Complexed with CD4 and Antibody 17b",HUMAN IMMUNODEFICIENCY VIRUS 1; HOMO SAPIENS,homo sapiens,homo sapiens,human immunodeficiency virus 1,"Zhou, T., Xu, L., Dey, B., Hessell, A.J., Van Ryk, D., Xiang, S.H., Yang, X, Zhang, M.Y., Zwick, M.B., Arthos, J., Burton, D.R., Dimitrov, D.S., Sodroski, J., Wyatt, R., Nabel, G.J., Kwong, P.D.",1.99,X-RAY DIFFRACTION,0.250,0.209,False,True,IGHV1,IGKV3,Kappa,2.02e-07,,SPR,,17301785
7jmp,H,L,0,A,protein,,spike protein s1,Viral Protein/IMMUNE SYSTEM,08/02/20,Crystal structure of SARS-CoV-2 receptor binding domain in complex with neutralizing antibody COVA2-39,SEVERE ACUTE RESPIRATORY SYNDROME CORONAVIRUS 2; HOMO SAPIENS,homo sapiens,homo sapiens,severe acute respiratory syndrome coronavirus2 ,"Wu, N.C., Yuan, M., Liu, H., Zhu, X., Wilson, I.A.",1.712,X-RAY DIFFRACTION,0.209,0.177,False,True,IGHV3,IGLV2,Lambda,,,,,
6ayz,B,D,0,A,protein,,histone chaperone asf1,IMMUNE SYSTEM,09/08/17,Crystal structure of Asf1-Fab 12E complex,HOMO SAPIENS; SACCHAROMYCES CEREVISIAE (STRAIN ATCC 204508 / S288C),homo sapiens,homo sapiens,saccharomyces cerevisiae (strain atcc 204508 /s288c) ,"Bailey, L.J., Kossiakoff, A.A.",2.096,X-RAY DIFFRACTION,0.236,0.191,False,True,IGHV3,IGKV1,Kappa,,,,,
2i5y,R,Q,0,P,protein,,exterior membrane glycoprotein(gp120),VIRAL PROTEIN/IMMUNE SYSTEM,08/26/06,"Crystal structure of CD4M47, a scorpion-toxin mimic of CD4, in complex with HIV-1 YU2 GP120 envelope glycoprotein and anti-HIV-1 antibody 17B",HUMAN IMMUNODEFICIENCY VIRUS; HOMO SAPIENS; SYNTHETIC CONSTRUCT,homo sapiens,homo sapiens,human immunodeficiency virus,"Huang, C.-C., Kwong, P.D.",2.2,X-RAY DIFFRACTION,0.273,0.214,False,True,IGHV1,IGKV3,Kappa,2.7e-09,-11.689711339052632,SPR,,TBD
7l2c,H,L,0,A,protein,,spike glycoprotein,IMMUNE SYSTEM/Viral Protein,12/16/20,Crystallographic structure of neutralizing antibody 2-51 in complex with SARS-CoV-2 spike N-terminal domain (NTD),SEVERE ACUTE RESPIRATORY SYNDROME CORONAVIRUS 2; HOMO SAPIENS,homo sapiens,homo sapiens,severe acute respiratory syndrome coronavirus2 ,"Cerutti, G., Reddem, E.R., Shapiro, L.",3.65,X-RAY DIFFRACTION,0.272,0.216,False,True,IGHV1,IGLV2,Lambda,,,,,
7zf8,H,L,0,E,protein,,spike protein s1,VIRAL PROTEIN,04/01/22,SARS-CoV-2 Omicron BA.2 RBD in complex with COVOX-150 Fab,HOMO SAPIENS; SEVERE ACUTE RESPIRATORY SYNDROME CORONAVIRUS 2,homo sapiens,homo sapiens,severe acute respiratory syndrome coronavirus2 ,"Zhou, D., Huo, J., Ren, J., Stuart, D.I.",2.95,X-RAY DIFFRACTION,0.258,0.220,False,True,IGHV3,IGKV1,Kappa,,,,,
7e86,A,B,0,C,protein,,spike protein s1,"VIRAL PROTEIN,IMMUNE SYSTEM",03/01/21,Crystal structure of the SARS-CoV-2 S RBD in complex with BD-508 Fab,SEVERE ACUTE RESPIRATORY SYNDROME CORONAVIRUS 2; HOMO SAPIENS,homo sapiens,homo sapiens,severe acute respiratory syndrome coronavirus2 ,"Gao, C., Xiao, J.",2.9,X-RAY DIFFRACTION,0.255,0.196,False,True,IGHV3,IGKV1,Kappa,,,,,
7cm4,H,L,0,A,protein,,spike glycoprotein,VIRAL PROTEIN,07/24/20,Crystal Structure of COVID-19 virus spike receptor-binding domain complexed with a neutralizing antibody CT-P59,SEVERE ACUTE RESPIRATORY SYNDROME CORONAVIRUS 2; HOMO SAPIENS,homo sapiens,homo sapiens,severe acute respiratory syndrome coronavirus2 ,"Kim, Y.G., Jeong, J.H., Bae, J.S., Lee, J.H.",2.71,X-RAY DIFFRACTION,0.242,0.217,False,True,IGHV2,IGLV1,Lambda,,,,,
7n3i,H,L,0,C,protein,,spike protein s1,IMMUNE SYSTEM/VIRAL PROTEIN,06/01/21,Crystal structure of the SARS-CoV-2 receptor binding domain in complex with the human neutralizing antibody Fab fragment C098,SEVERE ACUTE RESPIRATORY SYNDROME CORONAVIRUS 2; HOMO SAPIENS,homo sapiens,homo sapiens,severe acute respiratory syndrome coronavirus2 ,"Flyak, A.I., Bjorkman, P.J., Barnes, C.O.",2.03,X-RAY DIFFRACTION,0.208,0.179,False,True,IGHV3,IGKV3,Kappa,,,,,
7n4m,H,L,0,A,protein,,spike protein s1,VIRAL PROTEIN/IMMUNE SYSTEM,06/04/21,Crystal structure of SARS-CoV-2 receptor binding domain in complex with neutralizing human antibody WRAIR-2151.,HOMO SAPIENS; SEVERE ACUTE RESPIRATORY SYNDROME CORONAVIRUS 2,homo sapiens,homo sapiens,severe acute respiratory syndrome coronavirus2 ,"Sankhala, R.S., Joyce, M.G.",3.79,X-RAY DIFFRACTION,0.317,0.258,False,True,IGHV4,IGLV6,Lambda,,,,,
6xc2,X,Y,0,Z,protein,,spike protein s1,IMMUNE SYSTEM/VIRAL PROTEIN,06/08/20,Crystal structure of SARS-CoV-2 receptor binding domain in complex with neutralizing antibody CC12.1,SEVERE ACUTE RESPIRATORY SYNDROME CORONAVIRUS 2; HOMO SAPIENS,homo sapiens,homo sapiens,severe acute respiratory syndrome coronavirus2 ,"Yuan, M., Liu, H., Wu, N.C., Zhu, X., Wilson, I.A.",3.112,X-RAY DIFFRACTION,0.267,0.213,False,True,IGHV3,IGKV1,Kappa,,,,,
7pqy,B,C,0,A,protein,,spike protein s1,VIRAL PROTEIN,09/20/21,Crystal structure of the receptor binding domain of SARS-CoV-2 Spike glycoprotein in complex with FI-3A Fab,SEVERE ACUTE RESPIRATORY SYNDROME CORONAVIRUS 2; HOMO SAPIENS,homo sapiens,homo sapiens,severe acute respiratory syndrome coronavirus2 ,"Zhou, D., Ren, J., Stuart, D.",3.0,X-RAY DIFFRACTION,0.245,0.228,False,True,IGHV3,IGKV1,Kappa,,,,,
6b08,C,B,0,A,protein,,pfs25,IMMUNE SYSTEM,09/14/17,Crystal structure of Pfs25 in complex with the transmission blocking antibody 1276,HOMO SAPIENS; PLASMODIUM FALCIPARUM,homo sapiens,homo sapiens,plasmodium falciparum,"Scally, S.W., McLeod, B., Bosch, A., King, C.R., Julien, J.P.",2.2,X-RAY DIFFRACTION,0.233,0.191,False,True,IGHV1,IGLV3,Lambda,1.6e-08,-10.635483235413163,BLI,,TBD
6xc4,H,L,0,A,protein,,spike protein s1,IMMUNE SYSTEM/VIRAL PROTEIN,06/08/20,Crystal structure of SARS-CoV-2 receptor binding domain in complex with neutralizing antibody CC12.3,SEVERE ACUTE RESPIRATORY SYNDROME CORONAVIRUS 2; HOMO SAPIENS,homo sapiens,homo sapiens,severe acute respiratory syndrome coronavirus2 ,"Yuan, M., Liu, H., Wu, N.C., Zhu, X., Wilson, I.A.",2.341,X-RAY DIFFRACTION,0.219,0.184,False,True,IGHV3,IGKV3,Kappa,,,,,
1g9m,H,L,0,G,protein,,envelope glycoprotein gp120,Viral protein/Immune system,11/24/00,HIV-1 HXBC2 GP120 ENVELOPE GLYCOPROTEIN COMPLEXED WITH CD4 AND INDUCED NEUTRALIZING ANTIBODY 17B,HUMAN IMMUNODEFICIENCY VIRUS 1; HOMO SAPIENS,homo sapiens,homo sapiens,human immunodeficiency virus 1,"Kwong, P.D., Wyatt, R., Majeed, S., Robinson, J., Sweet, R.W., Sodroski, J., Hendrickson, W.A.",2.2,X-RAY DIFFRACTION,0.330,0.268,False,True,IGHV1,IGKV3,Kappa,,,,,
6ayz,R,C,0,M,protein,,histone chaperone asf1,IMMUNE SYSTEM,09/08/17,Crystal structure of Asf1-Fab 12E complex,HOMO SAPIENS; SACCHAROMYCES CEREVISIAE (STRAIN ATCC 204508 / S288C),homo sapiens,homo sapiens,saccharomyces cerevisiae (strain atcc 204508 /s288c) ,"Bailey, L.J., Kossiakoff, A.A.",2.096,X-RAY DIFFRACTION,0.236,0.191,False,True,IGHV3,IGKV1,Kappa,,,,,
7mmo,D,E,0,F,protein,,spike protein s1,IMMUNE SYSTEM/VIRAL PROTEIN,04/30/21,LY-CoV1404 neutralizing antibody against SARS-CoV-2,HOMO SAPIENS; SEVERE ACUTE RESPIRATORY SYNDROME CORONAVIRUS 2,homo sapiens,homo sapiens,severe acute respiratory syndrome coronavirus2 ,"Hendle, J., Pustilnik, A., Sauder, J.M., Coleman, K.A., Boyles, J.S., Dickinson, C.D.",2.427,X-RAY DIFFRACTION,0.253,0.226,False,True,IGHV2,IGLV2,Lambda,,,,,
7msq,D,E,0,B,protein,,spike protein s1,VIRAL PROTEIN/ANTIVIRAL PROTEIN,05/12/21,Complex between the Fab arm of AB-3467 and the SARS-CoV-2 receptor binding domain (RBD),SEVERE ACUTE RESPIRATORY SYNDROME CORONAVIRUS 2; HOMO SAPIENS,homo sapiens,homo sapiens,severe acute respiratory syndrome coronavirus2 ,"Langley, D.B., Christ, D.",2.29,X-RAY DIFFRACTION,0.245,0.194,False,True,IGHV4,IGKV1,Kappa,,,,,
7e7x,H,L,0,A,protein,,spike protein s1,VIRAL PROTEIN,02/28/21,SARS-CoV-2 Spike Protein N terminal domain in Complex with N11 Fab,SEVERE ACUTE RESPIRATORY SYNDROME CORONAVIRUS 2; HOMO SAPIENS,homo sapiens,homo sapiens,severe acute respiratory syndrome coronavirus2 ,"Zhang, Z., Shuo, D., Xiao, J.",2.78,X-RAY DIFFRACTION,0.279,0.248,False,True,IGHV1,IGLV2,Lambda,,,,,
5x8m,B,C,0,A,protein,,programmed cell death 1 ligand 1,IMMUNE SYSTEM,03/03/17,PD-L1 in complex with durvalumab,HOMO SAPIENS,homo sapiens,homo sapiens,homo sapiens,"Heo, Y.S., Lee, H.T.",2.661,X-RAY DIFFRACTION,0.219,0.181,False,True,IGHV3,IGKV3,Kappa,,,,,
7zf9,H,L,0,E,protein,,spike protein s1,VIRAL PROTEIN,04/01/22,SARS-CoV-2 Omicron BA.2 RBD in complex with COVOX-150 Fab (P21),HOMO SAPIENS; SEVERE ACUTE RESPIRATORY SYNDROME CORONAVIRUS 2,homo sapiens,homo sapiens,severe acute respiratory syndrome coronavirus2 ,"Zhou, D., Huo, J., Ren, J., Stuart, D.I.",3.25,X-RAY DIFFRACTION,0.265,0.222,False,True,IGHV3,IGKV1,Kappa,,,,,
2yss,B,A,0,C,protein,,lysozyme c,IMMUNE SYSTEM/HYDROLASE,04/03/07,Crystal structure of Humanized HYHEL-10 FV mutant(HQ39KW47Y)-HEN lysozyme complex,HOMO SAPIENS; GALLUS GALLUS,homo sapiens,homo sapiens,gallus gallus,"Nakanishi, T., Tsumoto, K., Yokota, A., Kondo, H., Kumagai, I.",2.4,X-RAY DIFFRACTION,0.265,0.218,False,True,IGHV4,IGKV3,Kappa,,,,,
5uea,H,L,0,D,protein,,histone chaperone asf1,IMMUNE SYSTEM,12/29/16,Structure of antigen-Fab complex with Histone chaperone ASF1,HOMO SAPIENS; SACCHAROMYCES CEREVISIAE (STRAIN ATCC 204508 / S288C),homo sapiens,homo sapiens,saccharomyces cerevisiae (strain atcc 204508 /s288c) ,"Bailey, L.J., Kossiakoff, A.A.",1.701,X-RAY DIFFRACTION,0.207,0.154,False,True,IGHV3,IGKV1,Kappa,,,,,
7e7y,C,D,0,E,protein,,spike protein s1,VIRAL PROTEIN,02/28/21,Crystal structure of the SARS-CoV-2 S RBD in complex with BD-623 Fab,HOMO SAPIENS; SEVERE ACUTE RESPIRATORY SYNDROME CORONAVIRUS 2,homo sapiens,homo sapiens,severe acute respiratory syndrome coronavirus2 ,"Wei, Y., Xiao, J.",2.41,X-RAY DIFFRACTION,0.241,0.197,False,True,IGHV3,IGLV2,Lambda,,,,,
7kfy,H,L,0,A,protein,,surface glycoprotein,IMMUNE SYSTEM/Viral protein,10/15/20,Structural basis for a germline-biased antibody response to SARS-CoV-2 (RBD:C1A-F10 Fab),SEVERE ACUTE RESPIRATORY SYNDROME CORONAVIRUS 2; HOMO SAPIENS,homo sapiens,homo sapiens,severe acute respiratory syndrome coronavirus2 ,"Pan, J., Abraham, J., Clark, L., Clark, S.",2.157,X-RAY DIFFRACTION,0.249,0.205,False,True,IGHV3,IGKV1,Kappa,,,,,
7rxj,A,B,0,G,protein,,circumsporozoite protein,IMMUNE SYSTEM,08/23/21,Fab236 in complex with the C-terminal alpha-TSR domain of P. falciparum,HOMO SAPIENS; PLASMODIUM FALCIPARUM (ISOLATE 3D7),homo sapiens,homo sapiens,plasmodium falciparum (isolate 3d7),"Pholcharee, T., Oyen, D., Wilson, I.A.",2.345,X-RAY DIFFRACTION,0.249,0.218,False,True,IGHV3,IGLV3,Lambda,,,,,
6q0i,H,L,0,A,protein,,hemagglutinin,IMMUNE SYSTEM,08/01/19,Inferred intermediate I-7 (I-7-6) of the human antibody lineage 652 in complex with influenza hemagglutinin head domain of A/Beijing/262/95(H1N1),INFLUENZA A VIRUS (A/BEIJING/262/1995(H1N1)); HOMO SAPIENS,homo sapiens,homo sapiens,influenza a virus (a/beijing/262/1995(h1n1)),"McCarthy, K.R., Harrison, S.C.",2.702,X-RAY DIFFRACTION,0.255,0.213,False,True,IGHV4,IGLV3,Lambda,,,,,
7zf9,A,B,0,C,protein,,spike protein s1,VIRAL PROTEIN,04/01/22,SARS-CoV-2 Omicron BA.2 RBD in complex with COVOX-150 Fab (P21),HOMO SAPIENS; SEVERE ACUTE RESPIRATORY SYNDROME CORONAVIRUS 2,homo sapiens,homo sapiens,severe acute respiratory syndrome coronavirus2 ,"Zhou, D., Huo, J., Ren, J., Stuart, D.I.",3.25,X-RAY DIFFRACTION,0.265,0.222,False,True,IGHV3,IGKV1,Kappa,,,,,
7f7e,C,L,0,E,protein,,spike protein s1,VIRAL PROTEIN,06/29/21,SARS-CoV-2 S protein RBD in complex with A5-10 Fab,HOMO SAPIENS; SEVERE ACUTE RESPIRATORY SYNDROME CORONAVIRUS 2,homo sapiens,homo sapiens,severe acute respiratory syndrome coronavirus2 ,"Dou, Y., Wang, X., Wang, K., Liu, P., Lu, B.",2.49,X-RAY DIFFRACTION,0.256,0.214,False,True,IGHV3,IGKV1,Kappa,,,,,
7klg,I,M,0,B,protein,,spike glycoprotein,VIRAL PROTEIN/Immune System,10/30/20,SARS-CoV-2 RBD in complex with Fab 15033,HOMO SAPIENS; SEVERE ACUTE RESPIRATORY SYNDROME CORONAVIRUS 2,homo sapiens,homo sapiens,severe acute respiratory syndrome coronavirus2 ,"Li, Z., Rini, J.M.",3.2,X-RAY DIFFRACTION,0.290,0.271,False,True,IGHV3,IGKV1,Kappa,,,,,
7m3i,H,L,0,R,protein,,spike protein s1,IMMUNE SYSTEM/VIRAL PROTEIN,03/18/21,"Structure of SARS-CoV-2 spike protein receptor binding domain in complex with a neutralizing antibody, CV2-75 Fab",HOMO SAPIENS; SEVERE ACUTE RESPIRATORY SYNDROME CORONAVIRUS 2,homo sapiens,homo sapiens,severe acute respiratory syndrome coronavirus2 ,"Hurlburt, N.K., Pancera, M.",2.8,X-RAY DIFFRACTION,0.281,0.245,False,True,IGHV4,IGLV3,Lambda,,,,,
7u2e,H,L,0,A,protein,,spike protein s1,VIRAL PROTEIN/IMMUNE SYSTEM,02/23/22,Crystal structure of SARS-CoV-2 receptor binding domain in complex with neutralizing antibody ADI-55688,SEVERE ACUTE RESPIRATORY SYNDROME CORONAVIRUS 2; HOMO SAPIENS,homo sapiens,homo sapiens,severe acute respiratory syndrome coronavirus2 ,"Yuan, M., Zhu, X., Wilson, I.A.",2.85,X-RAY DIFFRACTION,0.284,0.254,False,True,IGHV3,IGLV1,Lambda,,,,,
7u2d,H,L,0,A,protein,,spike protein s1,VIRAL PROTEIN/IMMUNE SYSTEM,02/23/22,Crystal structure of SARS-CoV-2 receptor binding domain in complex with neutralizing antibody ADG20,SEVERE ACUTE RESPIRATORY SYNDROME CORONAVIRUS 2; HOMO SAPIENS,homo sapiens,homo sapiens,severe acute respiratory syndrome coronavirus2 ,"Zhu, X., Yuan, M., Wilson, I.A.",2.76,X-RAY DIFFRACTION,0.259,0.220,False,True,IGHV3,IGLV1,Lambda,,,,,
7klg,H,L,0,A,protein,,spike glycoprotein,VIRAL PROTEIN/Immune System,10/30/20,SARS-CoV-2 RBD in complex with Fab 15033,HOMO SAPIENS; SEVERE ACUTE RESPIRATORY SYNDROME CORONAVIRUS 2,homo sapiens,homo sapiens,severe acute respiratory syndrome coronavirus2 ,"Li, Z., Rini, J.M.",3.2,X-RAY DIFFRACTION,0.290,0.271,False,True,IGHV3,IGKV1,Kappa,,,,,
7cjf,A,B,0,C,protein,,spike glycoprotein,VIRAL PROTEIN,07/10/20,Crystal structure of SARS-CoV-2 RBD in complex with a neutralizing antibody Fab,HOMO SAPIENS; SEVERE ACUTE RESPIRATORY SYNDROME CORONAVIRUS 2,homo sapiens,homo sapiens,severe acute respiratory syndrome coronavirus2 ,"Guo, Y., Li, X., Zhang, G., Fu, D., Schweizer, L., Zhang, H., Rao, Z.",2.108,X-RAY DIFFRACTION,0.229,0.185,False,True,IGHV3,IGKV1,Kappa,,,,,
7kn7,H,L,0,A,protein,,spike protein s1,VIRAL PROTEIN/IMMUNE SYSTEM,11/04/20,Crystal structure of SARS-CoV-2 receptor binding domain complexed with nanobody VHH W and antibody Fab CC12.3,SEVERE ACUTE RESPIRATORY SYNDROME CORONAVIRUS 2; VICUGNA PACOS; HOMO SAPIENS,homo sapiens,homo sapiens,severe acute respiratory syndrome coronavirus2 ,"Liu, H., Yuan, M., Zhu, X., Wu, N.C., Wilson, I.A.",2.73,X-RAY DIFFRACTION,0.241,0.203,False,True,IGHV3,IGKV3,Kappa,,,,,
6b0g,D,C,0,E,protein,,25 kda ookinete surface antigen,IMMUNE SYSTEM,09/14/17,Crystal structure of Pfs25 in complex with the transmission blocking antibody 1245,HOMO SAPIENS; PLASMODIUM FALCIPARUM,homo sapiens,homo sapiens,plasmodium falciparum,"McLeod, B., Scally, S.W., Bosch, A., King, C.R., Julien, J.P.",1.9,X-RAY DIFFRACTION,0.200,0.164,False,True,IGHV1,IGKV2,Kappa,3.1e-08,-10.243615428706017,BLI,,TBD
6ym0,H,L,0,E,protein,,rbd,VIRAL PROTEIN,04/07/20,Crystal structure of the SARS-CoV-2 receptor binding domain in complex with CR3022 Fab (crystal form 1),SEVERE ACUTE RESPIRATORY SYNDROME CORONAVIRUS 2; HOMO SAPIENS,homo sapiens,homo sapiens,severe acute respiratory syndrome coronavirus2 ,"Huo, J., Zhao, Y., Ren, J., Zhou, D., Ginn, H.M., Fry, E.E., Owens, R., Stuart, D.I.",4.36,X-RAY DIFFRACTION,0.319,0.323,False,True,IGHV5,IGKV4,Kappa,,,,,
4xmp,H,L,0,G,protein,,"envelope glycoprotein gp160,envelope glycoprotein gp160,envelope glycoprotein gp160 ",IMMUNE SYSTEM,01/15/15,Crystal structure of broadly and potently neutralizing antibody VRC08 in complex with HIV-1 clade A strain Q842.d12 gp120,HUMAN IMMUNODEFICIENCY VIRUS 1; HOMO SAPIENS,homo sapiens,homo sapiens,human immunodeficiency virus 1,"Zhou, T., Srivatsan, S., Kwong, P.D.",1.7831,X-RAY DIFFRACTION,0.201,0.165,False,True,unknown,unknown,unknown,,,,,
7rxi,H,L,0,A,protein,,circumsporozoite protein,IMMUNE SYSTEM,08/23/21,Fab234 in complex with the C-terminal alpha-TSR domain of P. falciparum,HOMO SAPIENS; PLASMODIUM FALCIPARUM (ISOLATE 3D7),homo sapiens,homo sapiens,plasmodium falciparum (isolate 3d7),"Pholcharee, T., Oyen, D., Wilson, I.A.",2.15,X-RAY DIFFRACTION,0.265,0.219,False,True,IGHV3,IGLV3,Lambda,,,,,
2nxz,D,C,0,A,protein,,envelope glycoprotein gp120,VIRAL PROTEIN/IMMUNE SYSTEM,11/20/06,"HIV-1 gp120 Envelope Glycoprotein (T257S, S334A, S375W) Complexed with CD4 and Antibody 17b",HUMAN IMMUNODEFICIENCY VIRUS 1; HOMO SAPIENS,homo sapiens,homo sapiens,human immunodeficiency virus 1,"Zhou, T., Xu, L., Dey, B., Hessell, A.J., Van Ryk, D., Xiang, S.H., Yang, X., Zhang, M.Y., Zwick, M.B., Arthos, J., Burton, D.R., Dimitrov, D.S., Sodroski, J., Wyatt, R., Nabel, G.J., Kwong, P.D.",2.04,X-RAY DIFFRACTION,0.244,0.206,False,True,IGHV1,IGKV3,Kappa,5.29e-07,,SPR,,17301785
7k8m,A,B,0,E,protein,,surface glycoprotein,VIRAL PROTEIN/IMMUNE SYSTEM,09/27/20,"Crystal structure of an anti-SARS-CoV-2 human neutralizing antibody Fab fragment, C110",HOMO SAPIENS; SEVERE ACUTE RESPIRATORY SYNDROME CORONAVIRUS 2,homo sapiens,homo sapiens,severe acute respiratory syndrome coronavirus2 ,"Jette, C.A., Barnes, C.O., Bjorkman, P.J.",3.2,X-RAY DIFFRACTION,0.234,0.175,False,True,IGHV3,IGKV3,Kappa,,,,,
7bz5,H,L,0,A,protein,,spike protein s1,VIRAL PROTEIN/IMMUNE SYSTEM,05/13/20,Structure of COVID-19 virus spike receptor-binding domain complexed with a neutralizing antibody,SEVERE ACUTE RESPIRATORY SYNDROME CORONAVIRUS 2; HOMO SAPIENS,homo sapiens,homo sapiens,severe acute respiratory syndrome coronavirus2 ,"Wu, Y., Qi, J., Gao, F.",1.84,X-RAY DIFFRACTION,0.191,0.167,False,True,IGHV3,IGKV1,Kappa,,,,,
3ma9,H,L,0,A,protein,,transmembrane glycoprotein,IMMUNE SYSTEM,03/23/10,Crystal structure of gp41 derived protein complexed with fab 8066,HUMAN IMMUNODEFICIENCY VIRUS 1; HOMO SAPIENS,homo sapiens,homo sapiens,human immunodeficiency virus 1,"Li, M., Gustchina, E., Louis, J., Gustchina, A., Wlodawer, A., Clore, M.",2.05,X-RAY DIFFRACTION,0.245,0.193,False,True,IGHV1,IGLV3,Lambda,1e-08,-11.02,ITC,28.0,21085615
1rzj,H,L,0,G,protein,,envelope glycoprotein gp120,Viral protein/Immune system,12/24/03,HIV-1 HXBC2 GP120 ENVELOPE GLYCOPROTEIN COMPLEXED WITH CD4 AND INDUCED NEUTRALIZING ANTIBODY 17B,HUMAN IMMUNODEFICIENCY VIRUS 1; HOMO SAPIENS,homo sapiens,homo sapiens,human immunodeficiency virus 1,"Huang, C.C., Venturi, M., Majeed, S., Moore, M.J., Phogat, S., Zhang, M.-Y., Dimitrov, D.S., Hendrickson, W.A., Robinson, J., Sodroski, J., Wyatt, R., Choe, H., Farzan, M., Kwong, P.D.",2.2,X-RAY DIFFRACTION,0.323,0.262,False,True,IGHV1,IGKV3,Kappa,,,,,
6mft,A,B,0,C,protein,,gp120,IMMUNE SYSTEM/VIRAL PROTEIN,09/12/18,Crystal structure of glycosylated 426c HIV-1 gp120 core G459C in complex with glVRC01 A60C heavy chain,HOMO SAPIENS,homo sapiens,homo sapiens,homo sapiens,"Weidle, C., Pancera, M., Stamatatos, L., Gray, M.",2.315,X-RAY DIFFRACTION,0.295,0.244,False,True,IGHV1,IGKV3,Kappa,2.3e-06,-7.691979474199363,SPR,,TBD
7chs,H,L,0,E,protein,,spike protein s1,VIRAL PROTEIN,07/06/20,Crystal structure of SARS-CoV-2 antibody P22A-1D1 with RBD,SEVERE ACUTE RESPIRATORY SYNDROME CORONAVIRUS 2; HOMO SAPIENS,homo sapiens,homo sapiens,severe acute respiratory syndrome coronavirus2 ,"Wang, X., Zhang, L., Ge, J., Wang, R., Zhang, Q.",2.401,X-RAY DIFFRACTION,0.224,0.191,False,True,IGHV3,IGKV1,Kappa,,,,,
5d72,M,N,0,B,protein,,granulocyte-macrophage colony-stimulating factor,IMMUNE SYSTEM,08/13/15,"Crystal structure of MOR04252, a neutralizing anti-human GM-CSF antibody Fab fragment in complex with human GM-CSF",HOMO SAPIENS,homo sapiens,homo sapiens,homo sapiens,"Eylenstein, R., Weinfurtner, D., Steidl, S., Boettcher, J., Augustin, M.",2.6,X-RAY DIFFRACTION,0.266,0.232,False,True,IGHV3,IGLV3,Lambda,6e-12,-15.309340828919966,Unknown,,TBD
7cdi,H,L,0,E,protein,,spike protein s1,VIRAL PROTEIN,06/19/20,Crystal structure of SARS-CoV-2 antibody P2C-1F11 with RBD,SEVERE ACUTE RESPIRATORY SYNDROME CORONAVIRUS 2; HOMO SAPIENS,homo sapiens,homo sapiens,severe acute respiratory syndrome coronavirus2 ,"Wang, X., Zhang, L., Ge, J., Wang, R.",2.96,X-RAY DIFFRACTION,0.254,0.202,False,True,IGHV3,IGKV3,Kappa,,,,,
2eiz,B,A,0,C,protein,,lysozyme c,IMMUNE SYSTEM/HYDROLASE,03/14/07,Crystal structure of humanized HYHEL-10 fv mutant(HW47Y)-hen lysozyme complex,HOMO SAPIENS; GALLUS GALLUS,homo sapiens,homo sapiens,gallus gallus,"Nakanishi, T., Tsumoto, K., Yokota, A., Kondo, H., Kumagai, I.",1.9,X-RAY DIFFRACTION,0.253,0.214,False,True,IGHV4,IGKV3,Kappa,,,,,
7rxj,H,L,0,I,protein,,circumsporozoite protein,IMMUNE SYSTEM,08/23/21,Fab236 in complex with the C-terminal alpha-TSR domain of P. falciparum,HOMO SAPIENS; PLASMODIUM FALCIPARUM (ISOLATE 3D7),homo sapiens,homo sapiens,plasmodium falciparum (isolate 3d7),"Pholcharee, T., Oyen, D., Wilson, I.A.",2.345,X-RAY DIFFRACTION,0.249,0.218,False,True,IGHV3,IGLV3,Lambda,,,,,
5umn,E,F,0,A,protein,,hemagglutinin,IMMUNE SYSTEM,01/27/17,"Crystal structure of C05 VPGSGW mutant bound to H3 influenza hemagglutinin, HA1 subunit",INFLUENZA A VIRUS; HOMO SAPIENS,homo sapiens,homo sapiens,influenza a virus,"Wu, N.C., Wilson, I.A.",1.97,X-RAY DIFFRACTION,0.208,0.181,False,True,IGHV3,IGKV1,Kappa,,,,,
7bwj,H,L,0,E,protein,,sars-cov-2 receptor binding domain,VIRAL PROTEIN,06/03/20,crystal structure of SARS-CoV-2 antibody with RBD,SEVERE ACUTE RESPIRATORY SYNDROME CORONAVIRUS 2; HOMO SAPIENS,homo sapiens,homo sapiens,severe acute respiratory syndrome coronavirus2 ,"Wang, X., Ge, J.",2.85,X-RAY DIFFRACTION,0.264,0.219,False,True,IGHV4,IGLV2,Lambda,,,,,
2xra,H,L,0,A,protein,,transmembrane protein gp41,IMMUNE SYSTEM,09/13/10,crystal structure of the HK20 Fab in complex with a gp41 mimetic 5- Helix,SYNTHETIC CONSTRUCT; HOMO SAPIENS,homo sapiens,homo sapiens,synthetic construct,"Sabin, C., Corti, D., Buzon, V., Seaman, M.S., Lutje-Hulsik, D., Hinz, A., Vanzetta, F., Agatic, G., Silacci, C., Langedijk, J.P.M., Mainetti, L., Scarlatti, G., Sallusto, F., Weiss, R., Lanzavecchia, A., Weissenhorn, W.",2.3,X-RAY DIFFRACTION,0.27943,0.23693,False,False,IGHV1,IGKV1,Kappa,3.3e-09,-11.56,SPR,25.0,21124990
7kmh,A,B,0,C,protein,,spike protein s1,IMMUNE SYSTEM/VIRAL PROTEIN,11/02/20,LY-CoV488 neutralizing antibody against SARS-CoV-2,HOMO SAPIENS; SEVERE ACUTE RESPIRATORY SYNDROME CORONAVIRUS 2,homo sapiens,homo sapiens,severe acute respiratory syndrome coronavirus2 ,"Hendle, J., Pustilnik, A., Sauder, J.M., Boyles, J.S., Dickinson, C.D., Coleman, K.A.",1.72,X-RAY DIFFRACTION,0.242,0.194,False,True,IGHV3,IGKV1,Kappa,,,,,
2ny5,H,L,0,G,protein,,envelope glycoprotein gp120,VIRAL PROTEIN/IMMUNE SYSTEM,11/20/06,"HIV-1 gp120 Envelope Glycoprotein (M95W, W96C, I109C, T257S, V275C, S334A, S375W, Q428C, A433M) Complexed with CD4 and Antibody 17b",HUMAN IMMUNODEFICIENCY VIRUS 1; HOMO SAPIENS,homo sapiens,homo sapiens,human immunodeficiency virus 1,"Zhou, T., Xu, L., Dey, B., Hessell, A.J., Van Ryk, D., Xiang, S.H., Yang, X., Zhang, M.Y., Zwick, M.B., Arthos, J., Burton, D.R., Dimitrov, D.S., Sodroski, J., Wyatt, R., Nabel, G.J., Kwong, P.D.",2.5,X-RAY DIFFRACTION,0.255,0.198,False,True,IGHV1,IGKV3,Kappa,3.19e-07,,SPR,,17301785
5if0,A,B,0,I,protein,,germline-targeting hiv-1 gp120 engineered outer domain eod-gt8 ,IMMUNE SYSTEM/VIRAL PROTEIN,02/25/16,Crystal structure of VRC01c-HuGL2 Fab from an HIV-1 naive donor in complex with with a germline-targeting gp120 engineered outer domain eOD-GT8 at 2.44 A,HOMO SAPIENS,homo sapiens,homo sapiens,homo sapiens,"Sarkar, A., Wilson, I.A.",2.44,X-RAY DIFFRACTION,0.232,0.191,False,True,IGHV1,IGKV4,Kappa,,,,,
1gc1,H,L,0,G,protein,,envelope protein gp120,VIRAL PROTEIN/RECEPTOR/IMMUNE SYSTEM,06/15/98,HIV-1 GP120 CORE COMPLEXED WITH CD4 AND A NEUTRALIZING HUMAN ANTIBODY,HOMO SAPIENS; HUMAN IMMUNODEFICIENCY VIRUS 1,homo sapiens,homo sapiens,human immunodeficiency virus 1,"Kwong, P.D., Wyatt, R., Robinson, J., Sweet, R.W., Sodroski, J., Hendrickson, W.A.",2.5,X-RAY DIFFRACTION,0.302,0.210,False,True,IGHV1,IGKV3,Kappa,,,,,
6azz,F,E,0,D,protein,,pfs25,IMMUNE SYSTEM,09/13/17,Crystal structure of Pfs25 in complex with the transmission blocking antibody 1190,HOMO SAPIENS; PLASMODIUM FALCIPARUM,homo sapiens,homo sapiens,plasmodium falciparum,"Scally, S.W., McLeod, B., Bosch, A., King, C.R., Julien, J.P.",2.4,X-RAY DIFFRACTION,0.217,0.191,False,True,IGHV1,IGLV3,Lambda,6.7e-09,-11.151229137696946,BLI,,TBD
1yym,H,L,0,G,protein,,exterior membrane glycoprotein(gp120),Viral protein/Immune system,02/25/05,"crystal structure of F23, a scorpion-toxin mimic of CD4, in complex with HIV-1 YU2 gp120 envelope glycoprotein and anti-HIV-1 antibody 17b",HUMAN IMMUNODEFICIENCY VIRUS 1; HOMO SAPIENS; SYNTHETIC CONSTRUCT,homo sapiens,homo sapiens,human immunodeficiency virus 1,"Huang, C.C., Stricher, F., Martin, L., Decker, J.M., Majeed, S., Barthe, P., Hendrickson, W.A., Robinson, J., Roumestand, C., Sodroski, J., Wyatt, R., Shaw, G.M., Vita, C., Kwong, P.D.",2.2,X-RAY DIFFRACTION,0.268,0.209,False,True,IGHV1,IGKV3,Kappa,9.48e-06,-6.852859535761411,SPR,,TBD
7e7y,A,B,0,R,protein,,spike protein s1,VIRAL PROTEIN,02/28/21,Crystal structure of the SARS-CoV-2 S RBD in complex with BD-623 Fab,HOMO SAPIENS; SEVERE ACUTE RESPIRATORY SYNDROME CORONAVIRUS 2,homo sapiens,homo sapiens,severe acute respiratory syndrome coronavirus2 ,"Wei, Y., Xiao, J.",2.41,X-RAY DIFFRACTION,0.241,0.197,False,True,IGHV3,IGLV2,Lambda,,,,,
7cho,B,C,0,A,protein,,spike protein s1,VIRAL PROTEIN,07/06/20,Crystal structure of SARS-CoV-2 antibody P5A-1D2 with RBD,SEVERE ACUTE RESPIRATORY SYNDROME CORONAVIRUS 2; HOMO SAPIENS,homo sapiens,homo sapiens,severe acute respiratory syndrome coronavirus2 ,"Wang, X., Zhang, L., Ge, J., Wang, R., Zhang, Q.",2.561,X-RAY DIFFRACTION,0.247,0.202,False,True,IGHV3,IGLV1,Lambda,,,,,
7ch4,H,L,0,R,protein,,spike glycoprotein,PROTEIN BINDING/IMMUNE SYSTEM,07/05/20,Crystal structure of the SARS-CoV-2 S RBD in complex with BD-604 Fab,HOMO SAPIENS; SEVERE ACUTE RESPIRATORY SYNDROME CORONAVIRUS 2,homo sapiens,homo sapiens,severe acute respiratory syndrome coronavirus2 ,"Du, S., Xiao, J.Y.",3.15,X-RAY DIFFRACTION,0.273,0.225,False,True,IGHV3,IGKV1,Kappa,,,,,
6az2,C,E,0,D,protein,,histone chaperone asf1,IMMUNE SYSTEM,09/09/17,Crystal structure of Asf1-Fab 12E complex,HOMO SAPIENS; SACCHAROMYCES CEREVISIAE (STRAIN ATCC 204508 / S288C),homo sapiens,homo sapiens,saccharomyces cerevisiae (strain atcc 204508 /s288c) ,"Bailey, L.J., Kossiakoff, A.A.",2.477,X-RAY DIFFRACTION,0.228,0.193,False,True,IGHV3,IGKV1,Kappa,,,,,
7neh,H,L,0,E,protein,,spike glycoprotein,VIRAL PROTEIN/IMMUNE SYSTEM,02/04/21,Crystal structure of the receptor binding domain of SARS-CoV-2 Spike glycoprotein in complex with COVOX-269 Fab,HOMO SAPIENS; SEVERE ACUTE RESPIRATORY SYNDROME CORONAVIRUS 2,homo sapiens,homo sapiens,severe acute respiratory syndrome coronavirus2 ,"Zhou, D., Ren, J., Stuart, D.",1.77,X-RAY DIFFRACTION,0.198,0.188,False,True,IGHV3,IGKV1,Kappa,,,,,
2ny6,D,C,0,A,protein,,envelope glycoprotein gp120,VIRAL PROTEIN/IMMUNE SYSTEM,11/20/06,"HIV-1 gp120 Envelope Glycoprotein (M95W, W96C, I109C, T123C, T257S, V275C,S334A, S375W, Q428C, G431C) Complexed with CD4 and Antibody 17b",HUMAN IMMUNODEFICIENCY VIRUS 1; HOMO SAPIENS,homo sapiens,homo sapiens,human immunodeficiency virus 1,"Zhou, T., Xu, L., Dey, B., Hessell, A.J., Van Ryk, D., Xiang, S.H., Yang, X., Zhang, M.Y., Zwick, M.B., Arthos, J., Burton, D.R., Dimitrov, D.S., Sodroski, J., Wyatt, R., Nabel, G.J., Kwong, P.D.",2.8,X-RAY DIFFRACTION,0.276,0.192,False,True,IGHV1,IGKV3,Kappa,1.85e-08,,SPR,,17301785
7kmg,A,B,0,C,protein,,spike protein s1,IMMUNE SYSTEM/VIRAL PROTEIN,11/02/20,LY-CoV555 neutralizing antibody against SARS-CoV-2,HOMO SAPIENS; SEVERE ACUTE RESPIRATORY SYNDROME CORONAVIRUS 2,homo sapiens,homo sapiens,severe acute respiratory syndrome coronavirus2 ,"Hendle, J., Pustilnik, A., Sauder, J.M., Coleman, K.A., Boyles, J.S., Dickinson, C.D.",2.16,X-RAY DIFFRACTION,0.257,0.209,False,True,IGHV1,IGKV1,Kappa,,,,,
6q0e,H,L,0,A,protein,,hemagglutinin,IMMUNE SYSTEM,08/01/19,Inferred precursor (UCA) of the human antibody lineage 652 in complex with influenza hemagglutinin head domain of A/Beijing/262/95(H1N1),INFLUENZA A VIRUS (A/BEIJING/262/1995(H1N1)); HOMO SAPIENS,homo sapiens,homo sapiens,influenza a virus (a/beijing/262/1995(h1n1)),"McCarthy, K.R., Harrison, S.C.",2.15,X-RAY DIFFRACTION,0.249,0.230,False,True,IGHV4,IGLV3,Lambda,,,,,
6b0h,B,A,0,J,protein,,pfs25,IMMUNE SYSTEM,09/14/17,Crystal structure of Pfs25 in complex with the transmission blocking antibody 1262,PLASMODIUM FALCIPARUM; HOMO SAPIENS,homo sapiens,homo sapiens,plasmodium falciparum,"McLeod, B., Scally, S.W., Bosch, A., King, C.R., Julien, J.P.",2.7,X-RAY DIFFRACTION,0.238,0.186,False,True,IGHV4,IGKV1,Kappa,,,,,
7klh,H,L,0,A,protein,,spike glycoprotein,VIRAL PROTEIN/Immune System,10/30/20,SARS-CoV-2 RBD in complex with Fab 15033-7,HOMO SAPIENS; SEVERE ACUTE RESPIRATORY SYNDROME CORONAVIRUS 2,homo sapiens,homo sapiens,severe acute respiratory syndrome coronavirus2 ,"Li, Z., Rini, J.M.",3.0,X-RAY DIFFRACTION,0.284,0.256,False,True,IGHV3,IGKV1,Kappa,,,,,
7jmw,H,L,0,A,protein,,spike protein s1,VIRAL PROTEIN/IMMUNE SYSTEM,08/03/20,Crystal structure of SARS-CoV-2 spike protein receptor-binding domain in complex with cross-neutralizing antibody COVA1-16 Fab,SEVERE ACUTE RESPIRATORY SYNDROME CORONAVIRUS 2; HOMO SAPIENS,homo sapiens,homo sapiens,severe acute respiratory syndrome coronavirus2 ,"Liu, H., Yuan, M., Zhu, X., Wu, N.C., Wilson, I.A.",2.89,X-RAY DIFFRACTION,0.291,0.238,False,True,IGHV1,IGKV1,Kappa,,,,,
7sbu,H,L,0,A,protein,,spike protein s1,IMMUNE SYSTEM,09/25/21,Crystal structure of SARS-CoV-2 spike protein receptor-binding domain in complex with a highly potent antibody J08 Fab,SEVERE ACUTE RESPIRATORY SYNDROME CORONAVIRUS 2; HOMO SAPIENS,homo sapiens,homo sapiens,severe acute respiratory syndrome coronavirus2 ,"Liu, H., Wilson, I.A.",2.53,X-RAY DIFFRACTION,0.261,0.220,False,True,IGHV1,IGKV3,Kappa,,,,,
7ps1,A,B,0,E,protein,,surface glycoprotein,VIRAL PROTEIN,09/22/21,Crystal structure of the receptor binding domain of SARS-CoV-2 beta variant spike glycoprotein in complex with Beta-27 Fab,SEVERE ACUTE RESPIRATORY SYNDROME CORONAVIRUS 2; HOMO SAPIENS,homo sapiens,homo sapiens,severe acute respiratory syndrome coronavirus2 ,"Zhou, D., Ren, J., Stuart, D.I.",2.4,X-RAY DIFFRACTION,0.215,0.184,False,True,IGHV3,IGKV3,Kappa,,,,,
7e5y,C,B,0,A,protein,,spike protein s1,VIRAL PROTEIN,02/21/21,Molecular basis for neutralizing antibody 2B11 targeting SARS-CoV-2 RBD,SEVERE ACUTE RESPIRATORY SYNDROME CORONAVIRUS 2; HOMO SAPIENS,homo sapiens,homo sapiens,severe acute respiratory syndrome coronavirus2 ,"Wu, H., Yu, F., Wang, Q.S., Zhou, H., Wang, W.W., Zhao, T., Pan, Y.B., Yang, X.M.",3.59,X-RAY DIFFRACTION,0.277,0.232,False,True,IGHV3,IGLV1,Lambda,,,,,
4rqs,D,C,0,G,protein,,hiv-1 yu2 gp120 core chimeric protein,IMMUNE SYSTEM,11/05/14,Crystal structure of fully glycosylated HIV-1 gp120 core bound to CD4 and 17b Fab,CRICETULUS GRISEUS; HOMO SAPIENS,homo sapiens,homo sapiens,homo sapiens,"Kong, L., Wilson, I.A., Kwong, P.D.",4.493,X-RAY DIFFRACTION,0.322,0.276,False,True,IGHV1,IGKV3,Kappa,,,,,
7kfx,H,L,0,A,protein,,surface glycoprotein,IMMUNE SYSTEM/Viral protein,10/15/20,Structural basis for a germline-biased antibody response to SARS-CoV-2 (RBD:C1A-C2 Fab),SEVERE ACUTE RESPIRATORY SYNDROME CORONAVIRUS 2; HOMO SAPIENS,homo sapiens,homo sapiens,severe acute respiratory syndrome coronavirus2 ,"Pan, J., Abraham, J., Clark, L., Clark, S.",2.226,X-RAY DIFFRACTION,0.226,0.191,False,True,IGHV3,IGKV1,Kappa,,,,,
7bem,H,L,0,E,protein,,spike glycoprotein,VIRAL PROTEIN/IMMUNE SYSTEM,12/24/20,Crystal structure of the receptor binding domain of SARS-CoV-2 Spike glycoprotein in complex with COVOX-269 scFv,HOMO SAPIENS; SEVERE ACUTE RESPIRATORY SYNDROME CORONAVIRUS 2,homo sapiens,homo sapiens,severe acute respiratory syndrome coronavirus2 ,"Zhou, D., Zhao, Y., Ren, J., Stuart, D.",2.52,X-RAY DIFFRACTION,0.247,0.217,False,True,IGHV3,IGKV1,Kappa,,,,,
7chb,H,L,0,R,protein,,sars-cov-2 receptor binding domain,ANTIVIRAL PROTEIN/IMMUNE SYSTEM,07/05/20,Crystal structure of the SARS-CoV-2 RBD in complex with BD-236 Fab,HOMO SAPIENS; SEVERE ACUTE RESPIRATORY SYNDROME CORONAVIRUS 2,homo sapiens,homo sapiens,severe acute respiratory syndrome coronavirus2 ,"Junyu, X., Qinyu, Z.",2.4,X-RAY DIFFRACTION,0.226,0.192,False,True,IGHV3,IGKV1,Kappa,,,,,
5ucb,H,L,0,B,protein,,histone chaperone asf1,IMMUNE SYSTEM,12/22/16,Structure of antigen-Fab complex with engineered switch residue region.,HOMO SAPIENS; SACCHAROMYCES CEREVISIAE (STRAIN ATCC 204508 / S288C),homo sapiens,homo sapiens,saccharomyces cerevisiae (strain atcc 204508 /s288c) ,"Bailey, L.J., Kossiakoff, A.A., Chaperone-Enabled Studies of Epigenetic Regulation Enzymes (CEBS)",1.521,X-RAY DIFFRACTION,0.169,0.138,False,True,IGHV3,IGKV1,Kappa,,,,,
7m3i,A,B,0,C,protein,,spike protein s1,IMMUNE SYSTEM/VIRAL PROTEIN,03/18/21,"Structure of SARS-CoV-2 spike protein receptor binding domain in complex with a neutralizing antibody, CV2-75 Fab",HOMO SAPIENS; SEVERE ACUTE RESPIRATORY SYNDROME CORONAVIRUS 2,homo sapiens,homo sapiens,severe acute respiratory syndrome coronavirus2 ,"Hurlburt, N.K., Pancera, M.",2.8,X-RAY DIFFRACTION,0.281,0.245,False,True,IGHV4,IGLV3,Lambda,,,,,
7b3o,H,L,0,E,protein,,surface glycoprotein,ANTIVIRAL PROTEIN,12/01/20,Crystal structure of the SARS-CoV-2 RBD in complex with STE90-C11 Fab,SEVERE ACUTE RESPIRATORY SYNDROME CORONAVIRUS 2; HOMO SAPIENS,homo sapiens,homo sapiens,severe acute respiratory syndrome coronavirus2 ,"Kluenemann, T., Van den Heuvel, J.",2.0,X-RAY DIFFRACTION,0.225,0.185,False,True,IGHV3,IGKV1,Kappa,,,,,
1g9n,H,L,0,G,protein,,envelope glycoprotein gp120,Viral protein/Immune system,11/25/00,HIV-1 YU2 GP120 ENVELOPE GLYCOPROTEIN COMPLEXED WITH CD4 AND INDUCED NEUTRALIZING ANTIBODY 17B,HUMAN IMMUNODEFICIENCY VIRUS 1; HOMO SAPIENS,homo sapiens,homo sapiens,human immunodeficiency virus 1,"Kwong, P.D., Wyatt, R., Majeed, S., Robinson, J., Sweet, R.W., Sodroski, J., Hendrickson, W.A.",2.9,X-RAY DIFFRACTION,0.295,0.207,False,True,IGHV1,IGKV3,Kappa,,,,,
6az2,A,F,0,B,protein,,histone chaperone asf1,IMMUNE SYSTEM,09/09/17,Crystal structure of Asf1-Fab 12E complex,HOMO SAPIENS; SACCHAROMYCES CEREVISIAE (STRAIN ATCC 204508 / S288C),homo sapiens,homo sapiens,saccharomyces cerevisiae (strain atcc 204508 /s288c) ,"Bailey, L.J., Kossiakoff, A.A.",2.477,X-RAY DIFFRACTION,0.228,0.193,False,True,IGHV3,IGKV1,Kappa,,,,,
4kht,H,L,0,A,protein,,gp41 helix,immune system,05/01/13,Triple helix bundle of GP41 complexed with fab 8066,HUMAN IMMUNODEFICIENCY VIRUS 1; HOMO SAPIENS,homo sapiens,homo sapiens,human immunodeficiency virus 1,"Li, M., Gustchina, A,, Wlodawer, A.",2.817,X-RAY DIFFRACTION,0.266,0.215,False,False,IGHV1,IGLV3,Lambda,4.3000000000000005e-09,-11.413991208339995,ITC,,TBD
6z2m,H,L,0,E,protein,,spike glycoprotein,VIRAL PROTEIN,06/03/20,"H11-D4, SARS-CoV-2 RBD, CR3022 ternary complex",SEVERE ACUTE RESPIRATORY SYNDROME CORONAVIRUS 2; HOMO SAPIENS; LAMA GLAMA,homo sapiens,homo sapiens,severe acute respiratory syndrome coronavirus2 ,"Naismith, J.H., Ren, J., Zhou, D., Zhao, Y., Stuart, D.I.",2.71,X-RAY DIFFRACTION,0.241,0.198,False,True,IGHV5,IGKV4,Kappa,,,,,
7n4l,H,L,0,A,protein,,spike protein s1,VIRAL PROTEIN/IMMUNE SYSTEM,06/04/21,Crystal structure of SARS-CoV-2 receptor binding domain in complex with neutralizing human antibody WRAIR-2125.,SEVERE ACUTE RESPIRATORY SYNDROME CORONAVIRUS 2; HOMO SAPIENS,homo sapiens,homo sapiens,severe acute respiratory syndrome coronavirus2 ,"Sankhala, R.S., Joyce, M.G.",3.601,X-RAY DIFFRACTION,0.329,0.262,False,True,IGHV3,IGKV1,Kappa,,,,,
6xc2,H,L,0,A,protein,,spike protein s1,IMMUNE SYSTEM/VIRAL PROTEIN,06/08/20,Crystal structure of SARS-CoV-2 receptor binding domain in complex with neutralizing antibody CC12.1,SEVERE ACUTE RESPIRATORY SYNDROME CORONAVIRUS 2; HOMO SAPIENS,homo sapiens,homo sapiens,severe acute respiratory syndrome coronavirus2 ,"Yuan, M., Liu, H., Wu, N.C., Zhu, X., Wilson, I.A.",3.112,X-RAY DIFFRACTION,0.267,0.213,False,True,IGHV3,IGKV1,Kappa,,,,,
6oe5,H,L,0,A,protein,,"fusion glycoprotein f0,fibritin",Viral protein/immune system,03/27/19,Splayed open prefusion RSV F captured by CR9501 and motavizumab Fabs,HUMAN RESPIRATORY SYNCYTIAL VIRUS A (STRAIN A2); ENTEROBACTERIA PHAGE T4; MUS MUSCULUS; HOMO SAPIENS,homo sapiens,homo sapiens,"human respiratory syncytial virus a (straina2), enterobacteria phage t4 ","Gilman, M.S.A., McLellan, J.S.",4.1,X-RAY DIFFRACTION,0.306,0.262,False,True,IGHV4,IGKV1,Kappa,,,,,
7msq,H,L,0,A,protein,,spike protein s1,VIRAL PROTEIN/ANTIVIRAL PROTEIN,05/12/21,Complex between the Fab arm of AB-3467 and the SARS-CoV-2 receptor binding domain (RBD),SEVERE ACUTE RESPIRATORY SYNDROME CORONAVIRUS 2; HOMO SAPIENS,homo sapiens,homo sapiens,severe acute respiratory syndrome coronavirus2 ,"Langley, D.B., Christ, D.",2.29,X-RAY DIFFRACTION,0.245,0.194,False,True,IGHV4,IGKV1,Kappa,,,,,
5c7x,M,N,0,B,protein,,granulocyte-macrophage colony-stimulating factor,IMMUNE SYSTEM,06/25/15,"Crystal structure of MOR04357, a neutralizing anti-human GM-CSF antibody Fab fragment in complex with human GM-CSF",HOMO SAPIENS,homo sapiens,homo sapiens,homo sapiens,"Eylenstein, R., Weinfurtner, D., Steidl, S., Boettcher, J., Augustin, M.",2.95,X-RAY DIFFRACTION,0.276,0.234,False,True,IGHV3,IGLV3,Lambda,4e-13,-16.913816377693745,Unknown,,TBD
2nxy,D,C,0,A,protein,,envelope glycoprotein gp120,VIRAL PROTEIN/IMMUNE SYSTEM,11/20/06,HIV-1 gp120 Envelope Glycoprotein(S334A) Complexed with CD4 and Antibody 17b,HUMAN IMMUNODEFICIENCY VIRUS 1; HOMO SAPIENS,homo sapiens,homo sapiens,human immunodeficiency virus 1,"Zhou, T., Xu, L., Dey, B., Hessell, A.J., Van Ryk, D., Xiang, S.H., Yang, X., Zhang, M.Y., Zwick, M.B., Arthos, J., Burton, D.R., Dimitrov, D.S., Sodroski, J., Wyatt, R., Nabel, G.J., Kwong, P.D.",2.0,X-RAY DIFFRACTION,0.231,0.181,False,True,IGHV1,IGKV3,Kappa,7.9e-07,,SPR,,17301785
6b0e,B,A,0,E,protein,,25 kda ookinete surface antigen,IMMUNE SYSTEM,09/14/17,Crystal structure of Pfs25 in complex with the transmission blocking antibody 1260,HOMO SAPIENS; PLASMODIUM FALCIPARUM,homo sapiens,homo sapiens,plasmodium falciparum,"Scally, S.W., McLeod, B., Bosch, A., King, C.R., Julien, J.P.",3.3,X-RAY DIFFRACTION,0.280,0.230,False,True,IGHV1,IGKV2,Kappa,4.1e-08,-10.077965960666114,BLI,,TBD
7klh,I,M,0,B,protein,,spike glycoprotein,VIRAL PROTEIN/Immune System,10/30/20,SARS-CoV-2 RBD in complex with Fab 15033-7,HOMO SAPIENS; SEVERE ACUTE RESPIRATORY SYNDROME CORONAVIRUS 2,homo sapiens,homo sapiens,severe acute respiratory syndrome coronavirus2 ,"Li, Z., Rini, J.M.",3.0,X-RAY DIFFRACTION,0.284,0.256,False,True,IGHV3,IGKV1,Kappa,,,,,
5d72,H,L,0,A,protein,,granulocyte-macrophage colony-stimulating factor,IMMUNE SYSTEM,08/13/15,"Crystal structure of MOR04252, a neutralizing anti-human GM-CSF antibody Fab fragment in complex with human GM-CSF",HOMO SAPIENS,homo sapiens,homo sapiens,homo sapiens,"Eylenstein, R., Weinfurtner, D., Steidl, S., Boettcher, J., Augustin, M.",2.6,X-RAY DIFFRACTION,0.266,0.232,False,True,IGHV3,IGLV3,Lambda,6e-12,-15.309340828919966,Unknown,,TBD
7sd5,H,L,0,A,protein,,spike protein s1,VIRAL PROTEIN/IMMUNE SYSTEM,09/29/21,Crystallographic structure of neutralizing antibody 10-40 in complex with SARS-CoV-2 spike receptor binding domain,SEVERE ACUTE RESPIRATORY SYNDROME CORONAVIRUS 2; HOMO SAPIENS,homo sapiens,homo sapiens,severe acute respiratory syndrome coronavirus2 ,"Reddem, E.R., Casner, R.G., Shapiro, L.",1.53,X-RAY DIFFRACTION,0.206,0.176,False,True,IGHV4,IGLV6,Lambda,,,,,
6mft,H,L,0,G,protein,,gp120,IMMUNE SYSTEM/VIRAL PROTEIN,09/12/18,Crystal structure of glycosylated 426c HIV-1 gp120 core G459C in complex with glVRC01 A60C heavy chain,HOMO SAPIENS,homo sapiens,homo sapiens,homo sapiens,"Weidle, C., Pancera, M., Stamatatos, L., Gray, M.",2.315,X-RAY DIFFRACTION,0.295,0.244,False,True,IGHV1,IGKV3,Kappa,2.3e-06,-7.691979474199363,SPR,,TBD
6xc4,X,Y,0,Z,protein,,spike protein s1,IMMUNE SYSTEM/VIRAL PROTEIN,06/08/20,Crystal structure of SARS-CoV-2 receptor binding domain in complex with neutralizing antibody CC12.3,SEVERE ACUTE RESPIRATORY SYNDROME CORONAVIRUS 2; HOMO SAPIENS,homo sapiens,homo sapiens,severe acute respiratory syndrome coronavirus2 ,"Yuan, M., Liu, H., Wu, N.C., Zhu, X., Wilson, I.A.",2.341,X-RAY DIFFRACTION,0.219,0.184,False,True,IGHV3,IGKV3,Kappa,,,,,
2i60,R,Q,0,P,protein,,exterior membrane glycoprotein(gp120),VIRAL PROTEIN/IMMUNE SYSTEM,08/26/06,"Crystal structure of [Phe23]M47, a scorpion-toxin mimic of CD4, in complex with HIV-1 YU2 GP120 envelope glycoprotein and anti-HIV-1 antibody 17B",HUMAN IMMUNODEFICIENCY VIRUS 1; HOMO SAPIENS; SYNTHETIC CONSTRUCT,homo sapiens,homo sapiens,human immunodeficiency virus 1,"Huang, C.-C., Kwong, P.D.",2.4,X-RAY DIFFRACTION,0.281,0.215,False,True,IGHV1,IGKV3,Kappa,6.240000000000001e-09,-11.193370928227925,SPR,,TBD
6yla,B,C,0,A,protein,,sars-cov-2 rbd,VIRAL PROTEIN,04/06/20,Crystal structure of the SARS-CoV-2 receptor binding domain in complex with CR3022 Fab,SEVERE ACUTE RESPIRATORY SYNDROME CORONAVIRUS 2; HOMO SAPIENS,homo sapiens,homo sapiens,severe acute respiratory syndrome coronavirus2 ,"Huo, J., Zhao, Y., Ren, J., Zhou, D., Ginn, H.M., Fry, E.E., Owens, R., Stuart, D.I.",2.42,X-RAY DIFFRACTION,0.237,0.213,False,True,IGHV5,IGKV4,Kappa,,,,,
5if0,H,L,0,G,protein,,germline-targeting hiv-1 gp120 engineered outer domain eod-gt8 ,IMMUNE SYSTEM/VIRAL PROTEIN,02/25/16,Crystal structure of VRC01c-HuGL2 Fab from an HIV-1 naive donor in complex with with a germline-targeting gp120 engineered outer domain eOD-GT8 at 2.44 A,HOMO SAPIENS,homo sapiens,homo sapiens,homo sapiens,"Sarkar, A., Wilson, I.A.",2.44,X-RAY DIFFRACTION,0.232,0.191,False,True,IGHV1,IGKV4,Kappa,,,,,
6uyf,H,L,0,E,protein,,envelope glycoprotein e2,VIRAL PROEIN/IMMUNE SYSTEM,11/13/19,Structure of Hepatitis C Virus Envelope Glycoprotein E2mc3-v1 redesigned core from genotype 6a bound to broadly neutralizing antibody AR3B,HOMO SAPIENS; RECOMBINANT HEPATITIS C VIRUS HK6A/JFH-1,homo sapiens,homo sapiens,recombinant hepatitis c virus hk6a/jfh-1,"Tzarum, N., Wilson, I.A., Zhu, J.",2.06,X-RAY DIFFRACTION,0.232,0.189,False,True,IGHV1,IGKV3,Kappa,,,,,
1yyl,H,L,0,G,protein,,exterior membrane glycoprotein(gp120),Viral protein/Immune system,02/25/05,"crystal structure of CD4M33, a scorpion-toxin mimic of CD4, in complex with HIV-1 YU2 gp120 envelope glycoprotein and anti-HIV-1 antibody 17b",HUMAN IMMUNODEFICIENCY VIRUS 1; HOMO SAPIENS; SYNTHETIC CONSTRUCT,homo sapiens,homo sapiens,human immunodeficiency virus 1,"Huang, C.C., Stricher, F., Martin, L., Decker, J.M., Majeed, S., Barthe, P., Hendrickson, W.A., Robinson, J., Roumestand, C., Sodroski, J., Wyatt, R., Shaw, G.M., Vita, C., Kwong, P.D.",2.75,X-RAY DIFFRACTION,0.275,0.202,False,True,IGHV1,IGKV3,Kappa,4e-09,-11.9,ITC,37.0,15893666
7l2c,C,D,0,B,protein,,spike glycoprotein,IMMUNE SYSTEM/Viral Protein,12/16/20,Crystallographic structure of neutralizing antibody 2-51 in complex with SARS-CoV-2 spike N-terminal domain (NTD),SEVERE ACUTE RESPIRATORY SYNDROME CORONAVIRUS 2; HOMO SAPIENS,homo sapiens,homo sapiens,severe acute respiratory syndrome coronavirus2 ,"Cerutti, G., Reddem, E.R., Shapiro, L.",3.65,X-RAY DIFFRACTION,0.272,0.216,False,True,IGHV1,IGLV2,Lambda,,,,,
7e5y,H,L,0,R,protein,,spike protein s1,VIRAL PROTEIN,02/21/21,Molecular basis for neutralizing antibody 2B11 targeting SARS-CoV-2 RBD,SEVERE ACUTE RESPIRATORY SYNDROME CORONAVIRUS 2; HOMO SAPIENS,homo sapiens,homo sapiens,severe acute respiratory syndrome coronavirus2 ,"Wu, H., Yu, F., Wang, Q.S., Zhou, H., Wang, W.W., Zhao, T., Pan, Y.B., Yang, X.M.",3.59,X-RAY DIFFRACTION,0.277,0.232,False,True,IGHV3,IGLV1,Lambda,,,,,
7ch5,H,L,0,R,protein,,spike glycoprotein,PROTEIN BINDING/IMMUNE SYSTEM,07/05/20,Crystal structure of the SARS-CoV-2 S RBD in complex with BD-629 Fab,HOMO SAPIENS; SEVERE ACUTE RESPIRATORY SYNDROME CORONAVIRUS 2,homo sapiens,homo sapiens,severe acute respiratory syndrome coronavirus2 ,"Du, S., Xiao, J.Y.",2.7,X-RAY DIFFRACTION,0.260,0.227,False,True,IGHV3,IGKV3,Kappa,,,,,
2ny2,D,C,0,A,protein,,envelope glycoprotein gp120,VIRAL PROTEIN/IMMUNE SYSTEM,11/20/06,"HIV-1 gp120 Envelope Glycoprotein (T123C, T257S, S334A, S375W, G431C) Complexed with CD4 and Antibody 17b",HUMAN IMMUNODEFICIENCY VIRUS 1; HOMO SAPIENS,homo sapiens,homo sapiens,human immunodeficiency virus 1,"Zhou, T., Xu, L., Dey, B., Hessell, A.J., Van Ryk, D., Xiang, S.H., Yang, X., Zhang, M.Y., Zwick, M.B., Arthos, J., Burton, D.R., Dimitrov, D.S., Sodroski, J., Wyatt, R., Nabel, G.J., Kwong, P.D.",2.0,X-RAY DIFFRACTION,0.223,0.194,False,True,IGHV1,IGKV3,Kappa,1.23e-07,,SPR,,17301785
5d71,H,L,0,A,protein,,granulocyte-macrophage colony-stimulating factor,IMMUNE SYSTEM,08/13/15,"Crystal structure of MOR04302, a neutralizing anti-human GM-CSF antibody Fab fragment in complex with human GM-CSF",HOMO SAPIENS,homo sapiens,homo sapiens,homo sapiens,"Eylenstein, R., Weinfurtner, D., Steidl, S., Boettcher, J., Augustin, M.",2.25,X-RAY DIFFRACTION,0.219,0.180,False,True,IGHV3,IGLV3,Lambda,6.5e-11,-13.897672741510132,Unknown,,TBD
7kmg,D,E,0,F,protein,,spike protein s1,IMMUNE SYSTEM/VIRAL PROTEIN,11/02/20,LY-CoV555 neutralizing antibody against SARS-CoV-2,HOMO SAPIENS; SEVERE ACUTE RESPIRATORY SYNDROME CORONAVIRUS 2,homo sapiens,homo sapiens,severe acute respiratory syndrome coronavirus2 ,"Hendle, J., Pustilnik, A., Sauder, J.M., Coleman, K.A., Boyles, J.S., Dickinson, C.D.",2.16,X-RAY DIFFRACTION,0.257,0.209,False,True,IGHV1,IGKV1,Kappa,,,,,
1yym,R,Q,0,P,protein,,exterior membrane glycoprotein(gp120),Viral protein/Immune system,02/25/05,"crystal structure of F23, a scorpion-toxin mimic of CD4, in complex with HIV-1 YU2 gp120 envelope glycoprotein and anti-HIV-1 antibody 17b",HUMAN IMMUNODEFICIENCY VIRUS 1; HOMO SAPIENS; SYNTHETIC CONSTRUCT,homo sapiens,homo sapiens,human immunodeficiency virus 1,"Huang, C.C., Stricher, F., Martin, L., Decker, J.M., Majeed, S., Barthe, P., Hendrickson, W.A., Robinson, J., Roumestand, C., Sodroski, J., Wyatt, R., Shaw, G.M., Vita, C., Kwong, P.D.",2.2,X-RAY DIFFRACTION,0.268,0.209,False,True,IGHV1,IGKV3,Kappa,9.48e-06,-6.852859535761411,SPR,,TBD
3b2v,H,L,0,A,protein,,epidermal growth factor receptor,IMMUNE SYSTEM/TRANSFERASE,10/19/07,Crystal structure of the extracellular region of the epidermal growth factor receptor in complex with the Fab fragment of IMC-11F8,HOMO SAPIENS,homo sapiens,homo sapiens,homo sapiens,"Ferguson, K.M., Li, S., Kussie, P.",3.3,X-RAY DIFFRACTION,0.367,0.282,False,True,IGHV4,IGKV3,Kappa,3.3e-09,-11.56,SPR,25.0,18275813
6q0l,H,L,0,A,protein,,hemagglutinin,IMMUNE SYSTEM,08/01/19,Inferred intermediate I-7 (I-7-1) of the human antibody lineage 652 in complex with influenza hemagglutinin head domain of A/Beijing/262/95(H1N1),INFLUENZA A VIRUS (A/BEIJING/262/1995(H1N1)); HOMO SAPIENS,homo sapiens,homo sapiens,influenza a virus (a/beijing/262/1995(h1n1)),"McCarthy, K.R., Harrison, S.C.",2.5,X-RAY DIFFRACTION,0.260,0.217,False,True,IGHV4,IGLV3,Lambda,,,,,
4xny,H,L,0,G,protein,,"envelope glycoprotein gp160,envelope glycoprotein gp160,envelope glycoprotein gp160 ",IMMUNE SYSTEM,01/16/15,Crystal structure of broadly and potently neutralizing antibody VRC08C in complex with HIV-1 clade A strain Q842.d12 gp120,HOMO SAPIENS; HUMAN IMMUNODEFICIENCY VIRUS 1,homo sapiens,homo sapiens,human immunodeficiency virus 1,"Zhou, T., Srivatsan, S., Kwong, P.D.",2.3,X-RAY DIFFRACTION,0.217,0.182,False,True,unknown,IGKV3,Kappa,,,,,
5uea,A,B,0,X,protein,,histone chaperone asf1,IMMUNE SYSTEM,12/29/16,Structure of antigen-Fab complex with Histone chaperone ASF1,HOMO SAPIENS; SACCHAROMYCES CEREVISIAE (STRAIN ATCC 204508 / S288C),homo sapiens,homo sapiens,saccharomyces cerevisiae (strain atcc 204508 /s288c) ,"Bailey, L.J., Kossiakoff, A.A.",1.701,X-RAY DIFFRACTION,0.207,0.154,False,True,IGHV3,IGKV1,Kappa,,,,,
7e5o,H,L,0,A,protein,,spike protein s1,VIRAL PROTEIN,02/19/21,Crystal structure of SARS-CoV-2 RBD in complex with antibody NT-193,HOMO SAPIENS; SEVERE ACUTE RESPIRATORY SYNDROME CORONAVIRUS 2,homo sapiens,homo sapiens,severe acute respiratory syndrome coronavirus2 ,"Kita, S., Onodera, T., Adachi, Y., Moriayma, S., Nomura, T., Tadokoro, T., Anraku, Y., Yumoto, K., Tian, C., Fukuhara, H., Suzuki, T., Tonouchi, K., Sasaki, J., Sun, L., Hashiguchi, T., Takahashi, Y., Maenaka, K.",2.8,X-RAY DIFFRACTION,0.256,0.226,False,True,IGHV4,IGKV1,Kappa,,,,,
5umn,C,D,0,B,protein,,hemagglutinin,IMMUNE SYSTEM,01/27/17,"Crystal structure of C05 VPGSGW mutant bound to H3 influenza hemagglutinin, HA1 subunit",INFLUENZA A VIRUS; HOMO SAPIENS,homo sapiens,homo sapiens,influenza a virus,"Wu, N.C., Wilson, I.A.",1.97,X-RAY DIFFRACTION,0.208,0.181,False,True,IGHV3,IGKV1,Kappa,,,,,
6xe1,H,L,0,E,protein,,spike protein s1,VIRAL PROTEIN/IMMUNE SYSTEM,06/11/20,"Structure of SARS-CoV-2 spike protein receptor binding domain in complex with a potent neutralizing antibody, CV30 Fab",HOMO SAPIENS; SEVERE ACUTE RESPIRATORY SYNDROME CORONAVIRUS 2,homo sapiens,homo sapiens,severe acute respiratory syndrome coronavirus2 ,"Hurlburt, N.K., Pancera, M.",2.75,X-RAY DIFFRACTION,0.239,0.212,False,True,IGHV3,IGKV3,Kappa,,,,,
7e7x,M,N,0,B,protein,,spike protein s1,VIRAL PROTEIN,02/28/21,SARS-CoV-2 Spike Protein N terminal domain in Complex with N11 Fab,SEVERE ACUTE RESPIRATORY SYNDROME CORONAVIRUS 2; HOMO SAPIENS,homo sapiens,homo sapiens,severe acute respiratory syndrome coronavirus2 ,"Zhang, Z., Shuo, D., Xiao, J.",2.78,X-RAY DIFFRACTION,0.279,0.248,False,True,IGHV1,IGLV2,Lambda,,,,,
7kmi,A,B,0,C,protein,,spike protein s1,IMMUNE SYSTEM/VIRAL PROTEIN,11/02/20,LY-CoV481 neutralizing antibody against SARS-CoV-2,HOMO SAPIENS; SEVERE ACUTE RESPIRATORY SYNDROME CORONAVIRUS 2,homo sapiens,homo sapiens,severe acute respiratory syndrome coronavirus2 ,"Hendle, J., Pustilnik, A., Sauder, J.M., Coleman, K.A., Boyles, J.S., Dickinson, C.D.",1.73,X-RAY DIFFRACTION,0.217,0.186,False,True,IGHV3,IGKV1,Kappa,,,,,
6azz,C,B,0,A,protein,,pfs25,IMMUNE SYSTEM,09/13/17,Crystal structure of Pfs25 in complex with the transmission blocking antibody 1190,HOMO SAPIENS; PLASMODIUM FALCIPARUM,homo sapiens,homo sapiens,plasmodium falciparum,"Scally, S.W., McLeod, B., Bosch, A., King, C.R., Julien, J.P.",2.4,X-RAY DIFFRACTION,0.217,0.191,False,True,IGHV1,IGLV3,Lambda,6.7e-09,-11.151229137696946,BLI,,TBD
7mf1,H,L,0,A,protein,,spike protein s1,IMMUNE SYSTEM/VIRAL PROTEIN,04/08/21,Crystal structure of SARS-CoV-2 receptor binding domain in complex with neutralizing antibody 47D1,SEVERE ACUTE RESPIRATORY SYNDROME CORONAVIRUS 2; HOMO SAPIENS,homo sapiens,homo sapiens,severe acute respiratory syndrome coronavirus2 ,"Yuan, M., Zhu, X., Wilson, I.A.",2.092,X-RAY DIFFRACTION,0.250,0.207,False,True,IGHV1,IGLV2,Lambda,,,,,
7fcq,H,L,0,A,protein,,spike protein s1,ANTIVIRAL PROTEIN,07/15/21,Crystallographic structure of neutralizing antibody P14-44 in complex with SARS-CoV-2 spike receptor-binding Domain (RBD),SEVERE ACUTE RESPIRATORY SYNDROME CORONAVIRUS 2; HOMO SAPIENS,homo sapiens,homo sapiens,severe acute respiratory syndrome coronavirus2 ,"Zheng, P., Jin, T.",1.89,X-RAY DIFFRACTION,0.201,0.165,False,True,IGHV1,IGLV2,Lambda,,,,,
5c7x,H,L,0,A,protein,,granulocyte-macrophage colony-stimulating factor,IMMUNE SYSTEM,06/25/15,"Crystal structure of MOR04357, a neutralizing anti-human GM-CSF antibody Fab fragment in complex with human GM-CSF",HOMO SAPIENS,homo sapiens,homo sapiens,homo sapiens,"Eylenstein, R., Weinfurtner, D., Steidl, S., Boettcher, J., Augustin, M.",2.95,X-RAY DIFFRACTION,0.276,0.234,False,True,IGHV3,IGLV3,Lambda,4e-13,-16.913816377693745,Unknown,,TBD
2ny4,D,C,0,A,protein,,envelope glycoprotein gp120,VIRAL PROTEIN/IMMUNE SYSTEM,11/20/06,"HIV-1 gp120 Envelope Glycoprotein (K231C, T257S, E268C, S334A, S375W) Complexed with CD4 and Antibody 17b",HUMAN IMMUNODEFICIENCY VIRUS 1; HOMO SAPIENS,homo sapiens,homo sapiens,human immunodeficiency virus 1,"Zhou, T., Xu, L., Dey, B., Hessell, A.J., Van Ryk, D., Xiang, S.H., Yang, X., Zhang, M.Y., Zwick, M.B., Arthos, J., Burton, D.R., Dimitrov, D.S., Sodroski, J., Wyatt, R., Nabel, G.J., Kwong, P.D.",2.0,X-RAY DIFFRACTION,0.241,0.202,False,True,IGHV1,IGKV3,Kappa,4.42e-07,,SPR,,17301785
7e8m,H,L,0,E,protein,,spike protein s1,VIRAL PROTEIN/IMMUNE SYSTEM,03/02/21,Crystal structure of SARS-CoV-2 antibody P2C-1F11 with mutated RBD,SEVERE ACUTE RESPIRATORY SYNDROME CORONAVIRUS 2; HOMO SAPIENS,homo sapiens,homo sapiens,severe acute respiratory syndrome coronavirus2 ,"Wang, X.Q., Zhang, L.Q., Ge, J.W., Wang, R.K., Lan, J.",2.09,X-RAY DIFFRACTION,0.199,0.169,False,True,IGHV3,IGKV3,Kappa,,,,,
7beh,H,L,0,E,protein,,spike glycoprotein,VIRAL PROTEIN/IMMUNE SYSTEM,12/23/20,Crystal structure of the receptor binding domain of SARS-CoV-2 Spike glycoprotein in complex with COVOX-316 Fab,SEVERE ACUTE RESPIRATORY SYNDROME CORONAVIRUS 2; HOMO SAPIENS,homo sapiens,homo sapiens,severe acute respiratory syndrome coronavirus2 ,"Zhou, D., Zhao, Y., Ren, J., Stuart, D.",2.3,X-RAY DIFFRACTION,0.230,0.213,False,True,IGHV1,IGLV2,Lambda,,,,,
7bek,H,L,0,E,protein,,spike glycoprotein,VIRAL PROTEIN/IMMUNE SYSTEM,12/23/20,Crystal structure of the receptor binding domain of SARS-CoV-2 Spike glycoprotein in complex with COVOX-158 Fab (crystal form 2),HOMO SAPIENS; SEVERE ACUTE RESPIRATORY SYNDROME CORONAVIRUS 2,homo sapiens,homo sapiens,severe acute respiratory syndrome coronavirus2 ,"Zhou, D., Zhao, Y., Ren, J., Stuart, D.",2.04,X-RAY DIFFRACTION,0.220,0.200,False,True,IGHV3,IGKV1,Kappa,,,,,
7bei,H,L,0,E,protein,,spike glycoprotein,VIRAL PROTEIN/IMMUNE SYSTEM,12/23/20,Crystal structure of the receptor binding domain of SARS-CoV-2 Spike glycoprotein in complex with COVOX-150 Fab,HOMO SAPIENS; SEVERE ACUTE RESPIRATORY SYNDROME CORONAVIRUS 2,homo sapiens,homo sapiens,severe acute respiratory syndrome coronavirus2 ,"Zhou, D., Zhao, Y., Ren, J., Stuart, D.",2.3,X-RAY DIFFRACTION,0.232,0.184,False,True,IGHV3,IGKV1,Kappa,,,,,
7c01,C,D,0,B,protein,,sars-cov-2 spike protein s1,VIRAL PROTEIN,05/27/20,Molecular basis for a potent human neutralizing antibody targeting SARS-CoV-2 RBD,SEVERE ACUTE RESPIRATORY SYNDROME CORONAVIRUS 2; HOMO SAPIENS,homo sapiens,homo sapiens,severe acute respiratory syndrome coronavirus2 ,"Shi, R., Qi, J., Wang, Q., Gao, F.G., Yan, J.",2.88,X-RAY DIFFRACTION,0.265,0.218,False,True,IGHV3,IGKV1,Kappa,,,,,
5ies,H,L,0,C,protein,,germline-targeting hiv-1 gp120 engineered outer domain eod-gt8 ,IMMUNE SYSTEM/ VIRAL PROTEIN,02/25/16,Crystal structure of VRC01c-HuGL2 Fab from an HIV-1 naive donor in complex with with a germline-targeting gp120 engineered outer domain eOD-GT8 at 2.16 A,HOMO SAPIENS,homo sapiens,homo sapiens,homo sapiens,"Sarkar, A., Wilson, I.A.",2.16,X-RAY DIFFRACTION,0.214,0.189,False,True,IGHV1,IGKV4,Kappa,3.68e-07,-8.77775408374075,SPR,,TBD
7chp,H,L,0,E,protein,,spike protein s1,VIRAL PROTEIN,07/06/20,Crystal structure of SARS-CoV-2 antibody P5A-3C8 with RBD,SEVERE ACUTE RESPIRATORY SYNDROME CORONAVIRUS 2; HOMO SAPIENS,homo sapiens,homo sapiens,severe acute respiratory syndrome coronavirus2 ,"Wang, X., Zhang, L., Ge, J., Wang, R., Zhang, Q.",2.357,X-RAY DIFFRACTION,0.220,0.193,False,True,IGHV3,IGKV1,Kappa,,,,,
6zcz,H,L,0,E,protein,,spike glycoprotein,VIRAL PROTEIN,06/12/20,Crystal structure of receptor binding domain of SARS-CoV-2 Spike glycoprotein in ternary complex with EY6A Fab and a nanobody.,SEVERE ACUTE RESPIRATORY SYNDROME CORONAVIRUS 2; LAMA GLAMA; HOMO SAPIENS,homo sapiens,homo sapiens,severe acute respiratory syndrome coronavirus2 ,"Zhou, D., Zhao, Y., Fry, E.E., Ren, J., Stuart, D.I.",2.65,X-RAY DIFFRACTION,0.260,0.215,False,True,IGHV3,IGKV1,Kappa,,,,,
7kn6,H,L,0,A,protein,,spike protein s1,VIRAL PROTEIN/IMMUNE SYSTEM,11/04/20,Crystal structure of SARS-CoV-2 receptor binding domain complexed with nanobody VHH V and antibody Fab CC12.3,SEVERE ACUTE RESPIRATORY SYNDROME CORONAVIRUS 2; VICUGNA PACOS; HOMO SAPIENS,homo sapiens,homo sapiens,severe acute respiratory syndrome coronavirus2 ,"Liu, H., Yuan, M., Zhu, X., Wu, N.C., Wilson, I.A.",2.55,X-RAY DIFFRACTION,0.239,0.193,False,True,IGHV3,IGKV3,Kappa,,,,,
1yyl,R,Q,0,P,protein,,exterior membrane glycoprotein(gp120),Viral protein/Immune system,02/25/05,"crystal structure of CD4M33, a scorpion-toxin mimic of CD4, in complex with HIV-1 YU2 gp120 envelope glycoprotein and anti-HIV-1 antibody 17b",HUMAN IMMUNODEFICIENCY VIRUS 1; HOMO SAPIENS; SYNTHETIC CONSTRUCT,homo sapiens,homo sapiens,human immunodeficiency virus 1,"Huang, C.C., Stricher, F., Martin, L., Decker, J.M., Majeed, S., Barthe, P., Hendrickson, W.A., Robinson, J., Roumestand, C., Sodroski, J., Wyatt, R., Shaw, G.M., Vita, C., Kwong, P.D.",2.75,X-RAY DIFFRACTION,0.275,0.202,False,True,IGHV1,IGKV3,Kappa,4e-09,-11.9,ITC,37.0,15893666
6bkc,H,L,0,E,protein,,polyprotein,IMMUNE SYSTEM,11/08/17,Structure of Hepatitis C Virus Envelope Glycoprotein E2 core from genotype 6a bound to broadly neutralizing antibody AR3B,HOMO SAPIENS; RECOMBINANT HEPATITIS C VIRUS HK6A/JFH-1,homo sapiens,homo sapiens,recombinant hepatitis c virus hk6a/jfh-1,"Tzarum, N., Wilson, I.A., Law, M.",2.6,X-RAY DIFFRACTION,0.276,0.231,False,True,IGHV1,IGKV3,Kappa,8e-10,-12.4104057171432,BLI,,TBD
2i5y,H,L,0,G,protein,,exterior membrane glycoprotein(gp120),VIRAL PROTEIN/IMMUNE SYSTEM,08/26/06,"Crystal structure of CD4M47, a scorpion-toxin mimic of CD4, in complex with HIV-1 YU2 GP120 envelope glycoprotein and anti-HIV-1 antibody 17B",HUMAN IMMUNODEFICIENCY VIRUS; HOMO SAPIENS; SYNTHETIC CONSTRUCT,homo sapiens,homo sapiens,human immunodeficiency virus,"Huang, C.-C., Kwong, P.D.",2.2,X-RAY DIFFRACTION,0.273,0.214,False,True,IGHV1,IGKV3,Kappa,2.7e-09,-11.689711339052632,SPR,,TBD
5d70,H,L,0,A,protein,,granulocyte-macrophage colony-stimulating factor,IMMUNE SYSTEM,08/13/15,"Crystal structure of MOR03929, a neutralizing anti-human GM-CSF antibody Fab fragment in complex with human GM-CSF",HOMO SAPIENS,homo sapiens,homo sapiens,homo sapiens,"Eylenstein, R., Weinfurtner, D., Steidl, S., Boettcher, J., Augustin, M.",2.06,X-RAY DIFFRACTION,0.222,0.190,False,True,IGHV3,IGLV3,Lambda,2e-09,-11.867518412372508,Unknown,,TBD
7l7d,H,L,0,E,protein,,spike protein s1,VIRAL PROTEIN/IMMUNE SYSTEM,12/28/20,Crystal structure of SARS-CoV-2 spike RBD in complex with human monoclonal antibody AZD8895,HOMO SAPIENS; SEVERE ACUTE RESPIRATORY SYNDROME CORONAVIRUS 2,homo sapiens,homo sapiens,severe acute respiratory syndrome coronavirus2 ,"Dong, J., Crowe, J.E.",2.5,X-RAY DIFFRACTION,0.231,0.185,False,True,IGHV1,IGKV3,Kappa,,,,,
