gene_name,taxon_id,orientation,chain,gene_type,is_functional,gene_uri,sequence_fragment_nt,UTR5_nt_start,UTR5_nt_end,UTR5_nt,L1_nt_start,L1_nt_end,L1_nt,VIntron_nt_start,VIntron_nt_end,VIntron_nt,L2_nt_start,L2_nt_end,L2_nt,FR1_nt_start,FR1_nt_end,FR1_nt,CDR1_nt_start,CDR1_nt_end,CDR1_nt,FR2_nt_start,FR2_nt_end,FR2_nt,CDR2_nt_start,CDR2_nt_end,CDR2_nt,FR3_nt_start,FR3_nt_end,FR3_nt,CDR3_V_nt_start,CDR3_V_nt_end,CDR3_V_nt,DGene_nt_start,DGene_nt_end,DGene_nt,CDR3_J_nt_start,CDR3_J_nt_end,CDR3_J_nt,FR4_nt_start,FR4_nt_end,FR4_nt,CExon1_nt_start,CExon1_nt_end,CExon1_nt,CExon1Upstream_nt_start,CExon1Upstream_nt_end,CExon1Upstream_nt,Full_seq,Shortened_seq,Amino_acid_seq,Amino_acid_seq_start,Amino_acid_seq_end
IGKJ1*01,9606,Forward,IGK,J,True,file://../fasta/igk_j/IGKJ_airr.fa#IGKJ1*01,GTGGACGTTCGGCCAAGGGACCAAGGTGGAAATCAAAC,,,,,,,,,,,,,,,,,,,,,,,,,,,,,,,,,,0.0,10.0,GTGGACGTTC,10.0,37.0,GGCCAAGGGACCAAGGTGGAAATCAAA,,,,,,,TTCGGCCAAGGGACCAAGGTGGAAATCAAA,TTCGGCCAAGGGACCAAGGTGGAAATCAAA,FGQGTKVEIK,FGQ,EIK
IGKJ2*01,9606,Forward,IGK,J,True,file://../fasta/igk_j/IGKJ_airr.fa#IGKJ2*01,TGTACACTTTTGGCCAGGGGACCAAGCTGGAGATCAAAC,,,,,,,,,,,,,,,,,,,,,,,,,,,,,,,,,,0.0,11.0,TGTACACTTTT,11.0,38.0,GGCCAGGGGACCAAGCTGGAGATCAAA,,,,,,,TTTGGCCAGGGGACCAAGCTGGAGATCAAA,TTTGGCCAGGGGACCAAGCTGGAGATCAAA,FGQGTKLEIK,FGQ,EIK
IGKJ2*03,9606,Forward,IGK,J,True,file://../fasta/igk_j/IGKJ_airr.fa#IGKJ2*03,TGTACAGTTTTGGCCAGGGGACCAAGCTGGAGATCAAAC,,,,,,,,,,,,,,,,,,,,,,,,,,,,,,,,,,0.0,11.0,TGTACAGTTTT,11.0,38.0,GGCCAGGGGACCAAGCTGGAGATCAAA,,,,,,,TTTGGCCAGGGGACCAAGCTGGAGATCAAA,TTTGGCCAGGGGACCAAGCTGGAGATCAAA,FGQGTKLEIK,FGQ,EIK
IGKJ2*04,9606,Forward,IGK,J,True,file://../fasta/igk_j/IGKJ_airr.fa#IGKJ2*04,TGTGCAGTTTTGGCCAGGGGACCAAGCTGGAGATCAAAC,,,,,,,,,,,,,,,,,,,,,,,,,,,,,,,,,,0.0,11.0,TGTGCAGTTTT,11.0,38.0,GGCCAGGGGACCAAGCTGGAGATCAAA,,,,,,,TTTGGCCAGGGGACCAAGCTGGAGATCAAA,TTTGGCCAGGGGACCAAGCTGGAGATCAAA,FGQGTKLEIK,FGQ,EIK
IGKJ3*01,9606,Forward,IGK,J,True,file://../fasta/igk_j/IGKJ_airr.fa#IGKJ3*01,ATTCACTTTCGGCCCTGGGACCAAAGTGGATATCAAAC,,,,,,,,,,,,,,,,,,,,,,,,,,,,,,,,,,0.0,10.0,ATTCACTTTC,10.0,37.0,GGCCCTGGGACCAAAGTGGATATCAAA,,,,,,,TTCGGCCCTGGGACCAAAGTGGATATCAAA,TTCGGCCCTGGGACCAAAGTGGATATCAAA,FGPGTKVDIK,FGP,DIK
IGKJ4*01,9606,Forward,IGK,J,True,file://../fasta/igk_j/IGKJ_airr.fa#IGKJ4*01,GCTCACTTTCGGCGGAGGGACCAAGGTGGAGATCAAAC,,,,,,,,,,,,,,,,,,,,,,,,,,,,,,,,,,0.0,10.0,GCTCACTTTC,10.0,37.0,GGCGGAGGGACCAAGGTGGAGATCAAA,,,,,,,TTCGGCGGAGGGACCAAGGTGGAGATCAAA,TTCGGCGGAGGGACCAAGGTGGAGATCAAA,FGGGTKVEIK,FGG,EIK
IGKJ5*01,9606,Forward,IGK,J,True,file://../fasta/igk_j/IGKJ_airr.fa#IGKJ5*01,GATCACCTTCGGCCAAGGGACACGACTGGAGATTAAAC,,,,,,,,,,,,,,,,,,,,,,,,,,,,,,,,,,0.0,10.0,GATCACCTTC,10.0,37.0,GGCCAAGGGACACGACTGGAGATTAAA,,,,,,,TTCGGCCAAGGGACACGACTGGAGATTAAA,TTCGGCCAAGGGACACGACTGGAGATTAAA,FGQGTRLEIK,FGQ,EIK
IGLJ1*01,9606,Forward,IGL,J,True,file://../fasta/igl_j/IGLJ_airr.fa#IGLJ1*01,TTATGTCTTCGGAACTGGGACCAAGGTCACCGTCCTAG,,,,,,,,,,,,,,,,,,,,,,,,,,,,,,,,,,0.0,10.0,TTATGTCTTC,10.0,37.0,GGAACTGGGACCAAGGTCACCGTCCTA,,,,,,,TTCGGAACTGGGACCAAGGTCACCGTCCTA,TTCGGAACTGGGACCAAGGTCACCGTCCTA,FGTGTKVTVL,FGT,TVL
IGLJ2*01,9606,Forward,IGL,J,True,file://../fasta/igl_j/IGLJ_airr.fa#IGLJ2*01,TGTGGTATTCGGCGGAGGGACCAAGCTGACCGTCCTAG,,,,,,,,,,,,,,,,,,,,,,,,,,,,,,,,,,0.0,10.0,TGTGGTATTC,10.0,37.0,GGCGGAGGGACCAAGCTGACCGTCCTA,,,,,,,TTCGGCGGAGGGACCAAGCTGACCGTCCTA,TTCGGCGGAGGGACCAAGCTGACCGTCCTA,FGGGTKLTVL,FGG,TVL
IGLJ3*02,9606,Forward,IGL,J,True,file://../fasta/igl_j/IGLJ_airr.fa#IGLJ3*02,TTGGGTGTTCGGCGGAGGGACCAAGCTGACCGTCCTAG,,,,,,,,,,,,,,,,,,,,,,,,,,,,,,,,,,0.0,10.0,TTGGGTGTTC,10.0,37.0,GGCGGAGGGACCAAGCTGACCGTCCTA,,,,,,,TTCGGCGGAGGGACCAAGCTGACCGTCCTA,TTCGGCGGAGGGACCAAGCTGACCGTCCTA,FGGGTKLTVL,FGG,TVL
IGLJ4*01,9606,Forward,IGL,J,True,file://../fasta/igl_j/IGLJ_airr.fa#IGLJ4*01,TTTTGTATTTGGTGGAGGAACCCAGCTGATCATTTTAG,,,,,,,,,,,,,,,,,,,,,,,,,,,,,,,,,,0.0,10.0,TTTTGTATTT,10.0,37.0,GGTGGAGGAACCCAGCTGATCATTTTA,,,,,,,TTTGGTGGAGGAACCCAGCTGATCATTTTA,TTTGGTGGAGGAACCCAGCTGATCATTTTA,FGGGTQLIIL,FGG,IIL
IGLJ5*01,9606,Forward,IGL,J,True,file://../fasta/igl_j/IGLJ_airr.fa#IGLJ5*01,CTGGGTGTTTGGTGAGGGGACCGAGCTGACCGTCCTAG,,,,,,,,,,,,,,,,,,,,,,,,,,,,,,,,,,0.0,10.0,CTGGGTGTTT,10.0,37.0,GGTGAGGGGACCGAGCTGACCGTCCTA,,,,,,,TTTGGTGAGGGGACCGAGCTGACCGTCCTA,TTTGGTGAGGGGACCGAGCTGACCGTCCTA,FGEGTELTVL,FGE,TVL
IGLJ5*02,9606,Forward,IGL,J,True,file://../fasta/igl_j/IGLJ_airr.fa#IGLJ5*02,CTGGGTGTTTGGTGAGGGGACGGAGCTGACCGTCCTAG,,,,,,,,,,,,,,,,,,,,,,,,,,,,,,,,,,0.0,10.0,CTGGGTGTTT,10.0,37.0,GGTGAGGGGACGGAGCTGACCGTCCTA,,,,,,,TTTGGTGAGGGGACGGAGCTGACCGTCCTA,TTTGGTGAGGGGACGGAGCTGACCGTCCTA,FGEGTELTVL,FGE,TVL
IGLJ6*01,9606,Forward,IGL,J,True,file://../fasta/igl_j/IGLJ_airr.fa#IGLJ6*01,TAATGTGTTCGGCAGTGGCACCAAGGTGACCGTCCTCG,,,,,,,,,,,,,,,,,,,,,,,,,,,,,,,,,,0.0,10.0,TAATGTGTTC,10.0,37.0,GGCAGTGGCACCAAGGTGACCGTCCTC,,,,,,,TTCGGCAGTGGCACCAAGGTGACCGTCCTC,TTCGGCAGTGGCACCAAGGTGACCGTCCTC,FGSGTKVTVL,FGS,TVL
IGLJ7*01,9606,Forward,IGL,J,True,file://../fasta/igl_j/IGLJ_airr.fa#IGLJ7*01,TGCTGTGTTCGGAGGAGGCACCCAGCTGACCGTCCTCG,,,,,,,,,,,,,,,,,,,,,,,,,,,,,,,,,,0.0,10.0,TGCTGTGTTC,10.0,37.0,GGAGGAGGCACCCAGCTGACCGTCCTC,,,,,,,TTCGGAGGAGGCACCCAGCTGACCGTCCTC,TTCGGAGGAGGCACCCAGCTGACCGTCCTC,FGGGTQLTVL,FGG,TVL
IGLJ7*02,9606,Forward,IGL,J,True,file://../fasta/igl_j/IGLJ_airr.fa#IGLJ7*02,TGCTGTGTTCGGAGGAGGCACCCAGCTGACCGCCCTCG,,,,,,,,,,,,,,,,,,,,,,,,,,,,,,,,,,0.0,10.0,TGCTGTGTTC,10.0,37.0,GGAGGAGGCACCCAGCTGACCGCCCTC,,,,,,,TTCGGAGGAGGCACCCAGCTGACCGCCCTC,TTCGGAGGAGGCACCCAGCTGACCGCCCTC,FGGGTQLTAL,FGG,TAL
