Epitope_ID,Antibody_seq_V,Gene_name_V,Gene_seq_V,Fraction_match_V,Mutation_num_V,Mismatch_list_V,Antibody_nucleotide_seq_V,Likelihood_V,Mutation_num_nucleotide_V,Antibody_seq_J,Gene_name_J,Gene_seq_J,Fraction_match_J,Mutation_num_J,Mismatch_list_J,Antibody_nucleotide_seq_J,Likelihood_J,Mutation_num_nucleotide_J,CDRH3_nucleotide_seq,CDRH3,Full_nucleotide_seq
2218457,VQLVESGGGLIQPGGSLRLSCAASGITVSSNYMTWVRQPPGKGLEWVSVIYSGGSTFYADPVKGRFTISRDNSRNTLYLQMNSLRAEDTAVYYC,IGHV3-53*01,EVQLVESGGGLIQPGGSLRLSCAASGFTVSSNYMSWVRQAPGKGLEWVSVIYSGGSTYYADSVKGRFTISRDNSKNTLYLQMNSLRAEDTAVYYC,92.63157894736842,7.0,"{0: ('E', '-'), 26: ('F', 'I'), 34: ('S', 'T'), 39: ('A', 'P'), 57: ('Y', 'F'), 61: ('S', 'P'), 74: ('K', 'R')}",GTGCAGCTGGTGGAGTCTGGAGGAGGCTTGATCCAGCCTGGGGGGTCCCTGAGACTCTCCTGTGCAGCCTCTGGGATCACCGTCAGTAGCAACTACATGACCTGGGTCCGCCAGCCTCCAGGGAAGGGGCTGGAGTGGGTCTCAGTTATTTATAGCGGTGGTAGCACATTCTACGCAGACCCCGTGAAGGGCCGATTCACCATCTCCAGAGACAATTCCAGGAACACGCTGTATCTTCAAATGAACAGCCTGAGAGCCGAGGACACGGCCGTGTATTAC,0.318278298371875,6,WGQGTTVTVSS,IGHJ6*02,WGQGTTVTVSS,100.0,0.0,{},TGGGGCCAAGGGACCACGGTCACCGTCTCCTCA,1.0,0,TGTGCCAGGGACCTGCAGGTGTACGGCATGGACGTG,ARDLQVYGMDV,GTGCAGCTGGTGGAGTCTGGAGGAGGCTTGATCCAGCCTGGGGGGTCCCTGAGACTCTCCTGTGCAGCCTCTGGGATCACCGTCAGTAGCAACTACATGACCTGGGTCCGCCAGCCTCCAGGGAAGGGGCTGGAGTGGGTCTCAGTTATTTATAGCGGTGGTAGCACATTCTACGCAGACCCCGTGAAGGGCCGATTCACCATCTCCAGAGACAATTCCAGGAACACGCTGTATCTTCAAATGAACAGCCTGAGAGCCGAGGACACGGCCGTGTATTACTGTGCCAGGGACCTGCAGGTGTACGGCATGGACGTGTGGGGCCAAGGGACCACGGTCACCGTCTCCTCA
2218456,EVQLVESGGGLIQPGGSLRLSCVVSGFTVSSNYMSWIRQAPGKGLEWVSVIYSGGSTFYADSVKGRFTISRDSSQNTLYLQMNSLRAEDTAVYYC,IGHV3-53*01,EVQLVESGGGLIQPGGSLRLSCAASGFTVSSNYMSWVRQAPGKGLEWVSVIYSGGSTYYADSVKGRFTISRDNSKNTLYLQMNSLRAEDTAVYYC,93.6842105263158,6.0,"{22: ('A', 'V'), 23: ('A', 'V'), 36: ('V', 'I'), 57: ('Y', 'F'), 72: ('N', 'S'), 74: ('K', 'Q')}",GAGGTGCAGCTGGTGGAGTCTGGAGGAGGCTTGATCCAGCCTGGGGGGTCCCTGAGACTCTCCTGTGTAGTCTCTGGGTTCACCGTCAGTAGCAACTACATGAGCTGGATCCGCCAGGCTCCAGGGAAGGGGCTGGAGTGGGTCTCAGTTATTTATAGCGGTGGTAGCACATTCTACGCAGACTCCGTGAAGGGCCGATTCACCATCTCCAGAGACAGTTCCCAGAACACGCTGTATCTTCAAATGAACAGCCTGAGAGCCGAGGACACGGCCGTGTATTAC,0.3783011114583333,6,WGQGTLVTVSS,IGHJ1*01,WGQGTLVTVSS,100.0,0.0,{},TGGGGCCAGGGCACCCTGGTCACCGTCTCCTCA,1.0,0,TGTGCCAGGCACCCCTACGGCGACCACGCC,ARHPYGDHA,GAGGTGCAGCTGGTGGAGTCTGGAGGAGGCTTGATCCAGCCTGGGGGGTCCCTGAGACTCTCCTGTGTAGTCTCTGGGTTCACCGTCAGTAGCAACTACATGAGCTGGATCCGCCAGGCTCCAGGGAAGGGGCTGGAGTGGGTCTCAGTTATTTATAGCGGTGGTAGCACATTCTACGCAGACTCCGTGAAGGGCCGATTCACCATCTCCAGAGACAGTTCCCAGAACACGCTGTATCTTCAAATGAACAGCCTGAGAGCCGAGGACACGGCCGTGTATTACTGTGCCAGGCACCCCTACGGCGACCACGCCTGGGGCCAGGGCACCCTGGTCACCGTCTCCTCA
2217933,EVQLVESGGGLVQPGGSLRLSCAASGITVSSNYMTWVRQAPGKGLEWVSVIYSGGSTFYADSVRGRFTISRDNSKNTLYLQMNSLRAEDTAVYYC,IGHV3-66*01,EVQLVESGGGLVQPGGSLRLSCAASGFTVSSNYMSWVRQAPGKGLEWVSVIYSGGSTYYADSVKGRFTISRDNSKNTLYLQMNSLRAEDTAVYYC,95.78947368421052,4.0,"{26: ('F', 'I'), 34: ('S', 'T'), 57: ('Y', 'F'), 63: ('K', 'R')}",GAGGTGCAGCTGGTGGAGTCTGGGGGAGGCTTGGTCCAGCCTGGGGGGTCCCTGAGACTCTCCTGTGCAGCCTCTGGAATCACCGTCAGTAGCAACTACATGACCTGGGTCCGCCAGGCTCCAGGGAAGGGGCTGGAGTGGGTCTCAGTTATTTATAGCGGTGGTAGCACATTCTACGCAGACTCCGTGAGGGGCAGATTCACCATCTCCAGAGACAATTCCAAGAACACGCTGTATCTTCAAATGAACAGCCTGAGAGCCGAGGACACGGCTGTGTATTAC,0.270715907659375,4,WGQGTMVTVSS,IGHJ3*02,WGQGTMVTVSS,100.0,0.0,{},TGGGGCCAAGGGACAATGGTCACCGTCTCTTCA,1.0,0,TGTGCCAGGGACCTGGAGATGGCCGGCGCCTTCGACATC,ARDLEMAGAFDI,GAGGTGCAGCTGGTGGAGTCTGGGGGAGGCTTGGTCCAGCCTGGGGGGTCCCTGAGACTCTCCTGTGCAGCCTCTGGAATCACCGTCAGTAGCAACTACATGACCTGGGTCCGCCAGGCTCCAGGGAAGGGGCTGGAGTGGGTCTCAGTTATTTATAGCGGTGGTAGCACATTCTACGCAGACTCCGTGAGGGGCAGATTCACCATCTCCAGAGACAATTCCAAGAACACGCTGTATCTTCAAATGAACAGCCTGAGAGCCGAGGACACGGCTGTGTATTACTGTGCCAGGGACCTGGAGATGGCCGGCGCCTTCGACATCTGGGGCCAAGGGACAATGGTCACCGTCTCTTCA
2186582,EVQLVQSGGDLVQPGGSLRLSCAVSGFTVSRNYMTWVRQAPGRGLEWVSLIYPGGSAFYADSVKGRFTISRDNSKNTLYLQMNSLRVEDTAVYYC,IGHV3-66*01,EVQLVESGGGLVQPGGSLRLSCAASGFTVSSNYMSWVRQAPGKGLEWVSVIYSGGSTYYADSVKGRFTISRDNSKNTLYLQMNSLRAEDTAVYYC,88.42105263157895,11.0,"{5: ('E', 'Q'), 9: ('G', 'D'), 23: ('A', 'V'), 30: ('S', 'R'), 34: ('S', 'T'), 42: ('K', 'R'), 49: ('V', 'L'), 52: ('S', 'P'), 56: ('T', 'A'), 57: ('Y', 'F'), 86: ('A', 'V')}",GAGGTGCAGCTGGTGCAGTCTGGGGGAGACTTGGTCCAGCCTGGGGGGTCCCTGAGACTCTCCTGTGCAGTCTCTGGATTCACCGTCAGTAGAAACTACATGACCTGGGTCCGCCAGGCTCCAGGGAGGGGGCTGGAGTGGGTCTCACTTATTTATCCCGGTGGTAGCGCATTCTACGCAGACTCCGTGAAGGGCAGATTCACCATCTCCAGAGACAATTCCAAGAACACGCTGTATCTTCAAATGAACAGCCTGAGAGTCGAGGACACGGCTGTGTATTAC,0.4283607023909091,12,WGQGTLVTVSS,IGHJ1*01,WGQGTLVTVSS,100.0,0.0,{},TGGGGCCAGGGCACCCTGGTCACCGTCTCCTCA,1.0,0,TGTGCCAGGGACCCCGTGAGCACCGGCCACTACCACGACAGCGACTAC,ARDPVSTGHYHDSDY,GAGGTGCAGCTGGTGCAGTCTGGGGGAGACTTGGTCCAGCCTGGGGGGTCCCTGAGACTCTCCTGTGCAGTCTCTGGATTCACCGTCAGTAGAAACTACATGACCTGGGTCCGCCAGGCTCCAGGGAGGGGGCTGGAGTGGGTCTCACTTATTTATCCCGGTGGTAGCGCATTCTACGCAGACTCCGTGAAGGGCAGATTCACCATCTCCAGAGACAATTCCAAGAACACGCTGTATCTTCAAATGAACAGCCTGAGAGTCGAGGACACGGCTGTGTATTACTGTGCCAGGGACCCCGTGAGCACCGGCCACTACCACGACAGCGACTACTGGGGCCAGGGCACCCTGGTCACCGTCTCCTCA
2144729,EVQLVESGGGLVQPGGSLRLSCAASGFTVRSNYMSWVRQAPGKGLEWVSLIYSGGSTYYADSVKGRFIISRDNSKNTLYLQMNSLRAEDTAVYYC,IGHV3-66*01,EVQLVESGGGLVQPGGSLRLSCAASGFTVSSNYMSWVRQAPGKGLEWVSVIYSGGSTYYADSVKGRFTISRDNSKNTLYLQMNSLRAEDTAVYYC,96.84210526315789,3.0,"{29: ('S', 'R'), 49: ('V', 'L'), 67: ('T', 'I')}",GAGGTGCAGCTGGTGGAGTCTGGGGGAGGCTTGGTCCAGCCTGGGGGGTCCCTGAGACTCTCCTGTGCAGCCTCTGGATTCACCGTCCGTAGCAACTACATGAGCTGGGTCCGCCAGGCTCCAGGGAAGGGGCTGGAGTGGGTCTCACTTATTTATAGCGGTGGTAGCACATACTACGCAGACTCCGTGAAGGGCAGATTCATCATCTCCAGAGACAATTCCAAGAACACGCTGTATCTTCAAATGAACAGCCTGAGAGCCGAGGACACGGCTGTGTATTAC,0.3809674821729167,3,WGQGTTVTVSS,IGHJ6*02,WGQGTTVTVSS,100.0,0.0,{},TGGGGCCAAGGGACCACGGTCACCGTCTCCTCA,1.0,0,TGTGCCAGGGACCTGGCCGTGTACGGCATGGACGTG,ARDLAVYGMDV,GAGGTGCAGCTGGTGGAGTCTGGGGGAGGCTTGGTCCAGCCTGGGGGGTCCCTGAGACTCTCCTGTGCAGCCTCTGGATTCACCGTCCGTAGCAACTACATGAGCTGGGTCCGCCAGGCTCCAGGGAAGGGGCTGGAGTGGGTCTCACTTATTTATAGCGGTGGTAGCACATACTACGCAGACTCCGTGAAGGGCAGATTCATCATCTCCAGAGACAATTCCAAGAACACGCTGTATCTTCAAATGAACAGCCTGAGAGCCGAGGACACGGCTGTGTATTACTGTGCCAGGGACCTGGCCGTGTACGGCATGGACGTGTGGGGCCAAGGGACCACGGTCACCGTCTCCTCA
2135060,QVQLVQSGAEVKKPGASVKVSCKASGYIFTSYSMHWVRQAPGQGLEWMGTIKPSDDSTNYAQKFQGRVSMTRDTSTSTVYMELSSLRYEDTAVYYC,IGHV1-46*01,QVQLVQSGAEVKKPGASVKVSCKASGYTFTSYYMHWVRQAPGQGLEWMGIINPSGGSTSYAQKFQGRVTMTRDTSTSTVYMELSSLRSEDTAVYYC,90.625,9.0,"{27: ('T', 'I'), 32: ('Y', 'S'), 49: ('I', 'T'), 51: ('N', 'K'), 54: ('G', 'D'), 55: ('G', 'D'), 58: ('S', 'N'), 68: ('T', 'S'), 87: ('S', 'Y')}",CAGGTGCAGCTGGTGCAGTCTGGGGCTGAGGTGAAGAAGCCTGGGGCCTCAGTGAAGGTTTCCTGCAAGGCATCTGGATACATCTTCACCAGCTACTCTATGCACTGGGTGCGACAGGCCCCTGGACAAGGGCTTGAGTGGATGGGAACAATCAAGCCTAGTGATGATAGCACAAACTACGCACAGAAGTTCCAGGGCAGAGTCAGCATGACCAGGGACACGTCCACGAGCACAGTCTACATGGAGCTGAGCAGCCTGAGATATGAGGACACGGCCGTGTATTAC,0.4042313256006944,9,WGQGTLVTVSS,IGHJ1*01,WGQGTLVTVSS,100.0,0.0,{},TGGGGCCAGGGCACCCTGGTCACCGTCTCCTCA,1.0,0,TGTGCCAGGGAGGCCAGGGGCTACTACGACAGGAGCGGCTACTACCACCCCGGCTACTTCGACTAC,AREARGYYDRSGYYHPGYFDY,CAGGTGCAGCTGGTGCAGTCTGGGGCTGAGGTGAAGAAGCCTGGGGCCTCAGTGAAGGTTTCCTGCAAGGCATCTGGATACATCTTCACCAGCTACTCTATGCACTGGGTGCGACAGGCCCCTGGACAAGGGCTTGAGTGGATGGGAACAATCAAGCCTAGTGATGATAGCACAAACTACGCACAGAAGTTCCAGGGCAGAGTCAGCATGACCAGGGACACGTCCACGAGCACAGTCTACATGGAGCTGAGCAGCCTGAGATATGAGGACACGGCCGTGTATTACTGTGCCAGGGAGGCCAGGGGCTACTACGACAGGAGCGGCTACTACCACCCCGGCTACTTCGACTACTGGGGCCAGGGCACCCTGGTCACCGTCTCCTCA
2135057,QLQLQESGPGLVKPSETLSLTCTVSGGSISSSNFYWGWIRQPPGKGLEWIASITYSGRTFYNPSLKSRVAISVDTSKNQFSLKLSSVTAADTAVYYC,IGHV4-39*01,QLQLQESGPGLVKPSETLSLTCTVSGGSISSSSYYWGWIRQPPGKGLEWIGSIYYSGSTYYNPSLKSRVTISVDTSKNQFSLKLSSVTAADTAVYYC,92.78350515463917,7.0,"{32: ('S', 'N'), 33: ('Y', 'F'), 50: ('G', 'A'), 53: ('Y', 'T'), 57: ('S', 'R'), 59: ('Y', 'F'), 69: ('T', 'A')}",CAGCTGCAGCTGCAGGAGTCGGGCCCAGGACTGGTGAAGCCTTCGGAGACCCTGTCCCTCACCTGCACTGTCTCTGGTGGCTCCATCAGCAGTAGTAATTTCTACTGGGGCTGGATCCGCCAGCCCCCAGGGAAGGGGCTGGAGTGGATTGCGAGTATCACTTATAGTGGGAGAACCTTCTACAACCCGTCCCTCAAGAGTCGAGTCGCCATATCCGTAGACACGTCCAAGAACCAGTTCTCCCTGAAGCTGAGCTCTGTGACCGCCGCAGACACGGCTGTGTATTAC,0.37056114444464283,8,WGQGTTVTVSS,IGHJ6*02,WGQGTTVTVSS,100.0,0.0,{},TGGGGCCAAGGGACCACGGTCACCGTCTCCTCA,1.0,0,TGTGCCAGGACCTTCCCCAGCTACTACGACAGGAGCGGCTACCACTACCTGAACTACGGCATGGACGTG,ARTFPSYYDRSGYHYLNYGMDV,CAGCTGCAGCTGCAGGAGTCGGGCCCAGGACTGGTGAAGCCTTCGGAGACCCTGTCCCTCACCTGCACTGTCTCTGGTGGCTCCATCAGCAGTAGTAATTTCTACTGGGGCTGGATCCGCCAGCCCCCAGGGAAGGGGCTGGAGTGGATTGCGAGTATCACTTATAGTGGGAGAACCTTCTACAACCCGTCCCTCAAGAGTCGAGTCGCCATATCCGTAGACACGTCCAAGAACCAGTTCTCCCTGAAGCTGAGCTCTGTGACCGCCGCAGACACGGCTGTGTATTACTGTGCCAGGACCTTCCCCAGCTACTACGACAGGAGCGGCTACCACTACCTGAACTACGGCATGGACGTGTGGGGCCAAGGGACCACGGTCACCGTCTCCTCA
2134997,EVQLVESGGGLIQPGGSLRLSCAASGFTVSSNYMSWVRQAPGKGLEWVSVIYSGGSTYYADSVKGRFTISRDNSKNTLYLQMNSLRAEDTAVYYC,IGHV3-53*01,EVQLVESGGGLIQPGGSLRLSCAASGFTVSSNYMSWVRQAPGKGLEWVSVIYSGGSTYYADSVKGRFTISRDNSKNTLYLQMNSLRAEDTAVYYC,100.0,0.0,{},GAGGTGCAGCTGGTGGAGTCTGGAGGAGGCTTGATCCAGCCTGGGGGGTCCCTGAGACTCTCCTGTGCAGCCTCTGGGTTCACCGTCAGTAGCAACTACATGAGCTGGGTCCGCCAGGCTCCAGGGAAGGGGCTGGAGTGGGTCTCAGTTATTTATAGCGGTGGTAGCACATACTACGCAGACTCCGTGAAGGGCCGATTCACCATCTCCAGAGACAATTCCAAGAACACGCTGTATCTTCAAATGAACAGCCTGAGAGCCGAGGACACGGCCGTGTATTAC,1.0,0,WGQGTTVTVSS,IGHJ6*02,WGQGTTVTVSS,100.0,0.0,{},TGGGGCCAAGGGACCACGGTCACCGTCTCCTCA,1.0,0,TGTGCCAGGGACAGGGACTACTACGGCATGGACGTG,ARDRDYYGMDV,GAGGTGCAGCTGGTGGAGTCTGGAGGAGGCTTGATCCAGCCTGGGGGGTCCCTGAGACTCTCCTGTGCAGCCTCTGGGTTCACCGTCAGTAGCAACTACATGAGCTGGGTCCGCCAGGCTCCAGGGAAGGGGCTGGAGTGGGTCTCAGTTATTTATAGCGGTGGTAGCACATACTACGCAGACTCCGTGAAGGGCCGATTCACCATCTCCAGAGACAATTCCAAGAACACGCTGTATCTTCAAATGAACAGCCTGAGAGCCGAGGACACGGCCGTGTATTACTGTGCCAGGGACAGGGACTACTACGGCATGGACGTGTGGGGCCAAGGGACCACGGTCACCGTCTCCTCA
2134982,EVQLVESGGGLIQPGGSLRLSCAASGFIVSSNYMSWVRQAPGKGLEWVSIIYSGGSTYYADSVKGRFTISRDNSNNTLYLQMNSLRAEDTAVYYC,IGHV3-53*01,EVQLVESGGGLIQPGGSLRLSCAASGFTVSSNYMSWVRQAPGKGLEWVSVIYSGGSTYYADSVKGRFTISRDNSKNTLYLQMNSLRAEDTAVYYC,96.84210526315789,3.0,"{27: ('T', 'I'), 49: ('V', 'I'), 74: ('K', 'N')}",GAGGTGCAGCTGGTGGAGTCTGGAGGAGGCTTGATCCAGCCTGGGGGGTCCCTGAGACTCTCCTGTGCAGCCTCTGGGTTCATCGTCAGTAGCAACTACATGAGCTGGGTCCGCCAGGCTCCAGGGAAGGGGCTGGAGTGGGTCTCAATTATTTATAGCGGTGGTAGCACATACTACGCAGACTCCGTGAAGGGCCGATTCACCATCTCCAGAGACAATTCCAACAACACGCTGTATCTTCAAATGAACAGCCTGAGAGCCGAGGACACGGCCGTGTATTAC,0.42938116155833334,3,WGQGTLVTVSS,IGHJ1*01,WGQGTLVTVSS,100.0,0.0,{},TGGGGCCAGGGCACCCTGGTCACCGTCTCCTCA,1.0,0,TGTGCCAGGGCCCTGCAGGTGGGCGCCACCAGCGACTACTTCGACTAC,ARALQVGATSDYFDY,GAGGTGCAGCTGGTGGAGTCTGGAGGAGGCTTGATCCAGCCTGGGGGGTCCCTGAGACTCTCCTGTGCAGCCTCTGGGTTCATCGTCAGTAGCAACTACATGAGCTGGGTCCGCCAGGCTCCAGGGAAGGGGCTGGAGTGGGTCTCAATTATTTATAGCGGTGGTAGCACATACTACGCAGACTCCGTGAAGGGCCGATTCACCATCTCCAGAGACAATTCCAACAACACGCTGTATCTTCAAATGAACAGCCTGAGAGCCGAGGACACGGCCGTGTATTACTGTGCCAGGGCCCTGCAGGTGGGCGCCACCAGCGACTACTTCGACTACTGGGGCCAGGGCACCCTGGTCACCGTCTCCTCA
2134978,EVQLVESGGGLVQPGGSLRLSCAASEITVSSNYMNWVRQAPGKGLEWVSVIYSGGTTYYADSVKGRFTISRDNSENTLYLQMNSLRAEDTAVYYC,IGHV3-66*01,EVQLVESGGGLVQPGGSLRLSCAASGFTVSSNYMSWVRQAPGKGLEWVSVIYSGGSTYYADSVKGRFTISRDNSKNTLYLQMNSLRAEDTAVYYC,94.73684210526315,5.0,"{25: ('G', 'E'), 26: ('F', 'I'), 34: ('S', 'N'), 55: ('S', 'T'), 74: ('K', 'E')}",GAGGTGCAGCTGGTGGAGTCTGGGGGAGGCTTGGTCCAGCCTGGGGGGTCCCTGAGACTCTCCTGTGCAGCCTCTGAAATCACCGTCAGTAGCAACTACATGAACTGGGTCCGCCAGGCTCCAGGGAAGGGGCTGGAGTGGGTCTCAGTTATTTATAGCGGTGGTACCACATACTACGCAGACTCCGTGAAGGGCAGATTCACCATCTCCAGAGACAATTCCGAGAACACGCTGTATCTTCAAATGAACAGCCTGAGAGCCGAGGACACGGCTGTGTATTAC,0.41418770871999994,5,WGQGTTVTVSS,IGHJ6*02,WGQGTTVTVSS,100.0,0.0,{},TGGGGCCAAGGGACCACGGTCACCGTCTCCTCA,1.0,0,TGTGCCAGGGACCTGATGGAGGTGGGCGGCATGGACGTG,ARDLMEVGGMDV,GAGGTGCAGCTGGTGGAGTCTGGGGGAGGCTTGGTCCAGCCTGGGGGGTCCCTGAGACTCTCCTGTGCAGCCTCTGAAATCACCGTCAGTAGCAACTACATGAACTGGGTCCGCCAGGCTCCAGGGAAGGGGCTGGAGTGGGTCTCAGTTATTTATAGCGGTGGTACCACATACTACGCAGACTCCGTGAAGGGCAGATTCACCATCTCCAGAGACAATTCCGAGAACACGCTGTATCTTCAAATGAACAGCCTGAGAGCCGAGGACACGGCTGTGTATTACTGTGCCAGGGACCTGATGGAGGTGGGCGGCATGGACGTGTGGGGCCAAGGGACCACGGTCACCGTCTCCTCA
2134977,EVQLVESGGGLIQPGGSLRLSCAASGFTVSSNYMSWVRQAPGKGLEWVSFIYSGGSTYYADSVKGRFTISRDNSKNTLYLQMNSLRAEDTAVYYC,IGHV3-53*01,EVQLVESGGGLIQPGGSLRLSCAASGFTVSSNYMSWVRQAPGKGLEWVSVIYSGGSTYYADSVKGRFTISRDNSKNTLYLQMNSLRAEDTAVYYC,98.94736842105263,1.0,"{49: ('V', 'F')}",GAGGTGCAGCTGGTGGAGTCTGGAGGAGGCTTGATCCAGCCTGGGGGGTCCCTGAGACTCTCCTGTGCAGCCTCTGGGTTCACCGTCAGTAGCAACTACATGAGCTGGGTCCGCCAGGCTCCAGGGAAGGGGCTGGAGTGGGTCTCATTTATTTATAGCGGTGGTAGCACATACTACGCAGACTCCGTGAAGGGCCGATTCACCATCTCCAGAGACAATTCCAAGAACACGCTGTATCTTCAAATGAACAGCCTGAGAGCCGAGGACACGGCCGTGTATTAC,0.13404092313125,1,WGQGTTVTVSS,IGHJ6*02,WGQGTTVTVSS,100.0,0.0,{},TGGGGCCAAGGGACCACGGTCACCGTCTCCTCA,1.0,0,TGTGCCAGGGACCTGCAGGAGCACGGCATGGACGTG,ARDLQEHGMDV,GAGGTGCAGCTGGTGGAGTCTGGAGGAGGCTTGATCCAGCCTGGGGGGTCCCTGAGACTCTCCTGTGCAGCCTCTGGGTTCACCGTCAGTAGCAACTACATGAGCTGGGTCCGCCAGGCTCCAGGGAAGGGGCTGGAGTGGGTCTCATTTATTTATAGCGGTGGTAGCACATACTACGCAGACTCCGTGAAGGGCCGATTCACCATCTCCAGAGACAATTCCAAGAACACGCTGTATCTTCAAATGAACAGCCTGAGAGCCGAGGACACGGCCGTGTATTACTGTGCCAGGGACCTGCAGGAGCACGGCATGGACGTGTGGGGCCAAGGGACCACGGTCACCGTCTCCTCA
2134973,QVQLVESGGGLVQPGGSLRLSCAASGLTVSSNYMSWVRQAPGKGLEWVSVIYSGGSTYYADSVKGRFTISRDDSKNTLYLQMNSLRAEDTAVYYC,IGHV3-66*01,EVQLVESGGGLVQPGGSLRLSCAASGFTVSSNYMSWVRQAPGKGLEWVSVIYSGGSTYYADSVKGRFTISRDNSKNTLYLQMNSLRAEDTAVYYC,96.84210526315789,3.0,"{0: ('E', 'Q'), 26: ('F', 'L'), 72: ('N', 'D')}",CAGGTGCAGCTGGTGGAGTCTGGGGGAGGCTTGGTCCAGCCTGGGGGGTCCCTGAGACTCTCCTGTGCAGCCTCTGGACTCACCGTCAGTAGCAACTACATGAGCTGGGTCCGCCAGGCTCCAGGGAAGGGGCTGGAGTGGGTCTCAGTTATTTATAGCGGTGGTAGCACATACTACGCAGACTCCGTGAAGGGCAGATTCACCATCTCCAGAGACGATTCCAAGAACACGCTGTATCTTCAAATGAACAGCCTGAGAGCCGAGGACACGGCTGTGTATTAC,0.522036478125,3,WGQGTMVTVSS,IGHJ3*02,WGQGTMVTVSS,100.0,0.0,{},TGGGGCCAAGGGACAATGGTCACCGTCTCTTCA,1.0,0,TGTGCCAGGGACGTGGCCGACGCCTTCGACATC,ARDVADAFDI,CAGGTGCAGCTGGTGGAGTCTGGGGGAGGCTTGGTCCAGCCTGGGGGGTCCCTGAGACTCTCCTGTGCAGCCTCTGGACTCACCGTCAGTAGCAACTACATGAGCTGGGTCCGCCAGGCTCCAGGGAAGGGGCTGGAGTGGGTCTCAGTTATTTATAGCGGTGGTAGCACATACTACGCAGACTCCGTGAAGGGCAGATTCACCATCTCCAGAGACGATTCCAAGAACACGCTGTATCTTCAAATGAACAGCCTGAGAGCCGAGGACACGGCTGTGTATTACTGTGCCAGGGACGTGGCCGACGCCTTCGACATCTGGGGCCAAGGGACAATGGTCACCGTCTCTTCA
2060664,EVQLVESGGGLVKPGGSLRLSCAASGFTFSSYYMNWVRQAPGKGLEWVSSISEDGYSTYYPDSLKGRFTISRDSAKNSLYLQMNSLRADDTAVYYC,IGHV3-21*07,EVQLVESGGGLVKPGGSLRLSCAASGFTFSSYSMNWVRQAPGKGLEWVSSISSSGSTIYYADSVKGRFTISRDNAKNSLYLQMNSLRAEDTAVYYC,89.58333333333334,10.0,"{32: ('S', 'Y'), 52: ('S', 'E'), 53: ('S', 'D'), 55: ('S', 'Y'), 56: ('T', 'S'), 57: ('I', 'T'), 60: ('A', 'P'), 63: ('V', 'L'), 73: ('N', 'S'), 88: ('E', 'D')}",GAGGTGCAGCTGGTGGAGTCTGGGGGAGGCCTGGTCAAGCCTGGGGGGTCCCTGAGACTCTCCTGTGCAGCCTCTGGATTCACCTTCAGTAGCTATTACATGAACTGGGTCCGCCAGGCTCCAGGGAAGGGGCTGGAGTGGGTCTCATCCATTAGTGAGGATGGTTATAGCACATACTACCCAGACTCACTGAAGGGCCGATTCACCATCTCCAGAGACAGCGCCAAGAACTCACTGTATCTGCAAATGAACAGCCTGAGAGCCGACGACACGGCTGTGTATTAC,0.57510724547375,15,WGQGTLVTVSS,IGHJ1*01,WGQGTLVTVSS,100.0,0.0,{},TGGGGCCAGGGCACCCTGGTCACCGTCTCCTCA,1.0,0,TGTGCCAGGGACTTCAGCGGCCACACCGCCTGGGCCGGCACCGGCTTCGAGTAC,ARDFSGHTAWAGTGFEY,GAGGTGCAGCTGGTGGAGTCTGGGGGAGGCCTGGTCAAGCCTGGGGGGTCCCTGAGACTCTCCTGTGCAGCCTCTGGATTCACCTTCAGTAGCTATTACATGAACTGGGTCCGCCAGGCTCCAGGGAAGGGGCTGGAGTGGGTCTCATCCATTAGTGAGGATGGTTATAGCACATACTACCCAGACTCACTGAAGGGCCGATTCACCATCTCCAGAGACAGCGCCAAGAACTCACTGTATCTGCAAATGAACAGCCTGAGAGCCGACGACACGGCTGTGTATTACTGTGCCAGGGACTTCAGCGGCCACACCGCCTGGGCCGGCACCGGCTTCGAGTACTGGGGCCAGGGCACCCTGGTCACCGTCTCCTCA
2060661,EVQLVESGGGLVKPGGSLRLSCAASGFTFSSYYMNWVRQAPGKGLEWVSSISSDGYNTYYPDSLKGRFTISRDSAKNSLYLQMNSLRADDTAVYYC,IGHV3-21*07,EVQLVESGGGLVKPGGSLRLSCAASGFTFSSYSMNWVRQAPGKGLEWVSSISSSGSTIYYADSVKGRFTISRDNAKNSLYLQMNSLRAEDTAVYYC,90.625,9.0,"{32: ('S', 'Y'), 53: ('S', 'D'), 55: ('S', 'Y'), 56: ('T', 'N'), 57: ('I', 'T'), 60: ('A', 'P'), 63: ('V', 'L'), 73: ('N', 'S'), 88: ('E', 'D')}",GAGGTGCAGCTGGTGGAGTCTGGGGGAGGCCTGGTCAAGCCTGGGGGGTCCCTGAGACTCTCCTGTGCAGCCTCTGGATTCACCTTCAGTAGCTATTACATGAACTGGGTCCGCCAGGCTCCAGGGAAGGGGCTGGAGTGGGTCTCATCCATTAGTAGTGATGGTTATAACACATACTACCCAGACTCACTGAAGGGCCGATTCACCATCTCCAGAGACAGCGCCAAGAACTCACTGTATCTGCAAATGAACAGCCTGAGAGCCGACGACACGGCTGTGTATTAC,0.5052163115625,12,WGQGTLVTVSS,IGHJ1*01,WGQGTLVTVSS,100.0,0.0,{},TGGGGCCAGGGCACCCTGGTCACCGTCTCCTCA,1.0,0,TGTGCCAGGGACTTCAGCGGCCACACCGCCGTGGCCGGCACCGGCTTCGAGTAC,ARDFSGHTAVAGTGFEY,GAGGTGCAGCTGGTGGAGTCTGGGGGAGGCCTGGTCAAGCCTGGGGGGTCCCTGAGACTCTCCTGTGCAGCCTCTGGATTCACCTTCAGTAGCTATTACATGAACTGGGTCCGCCAGGCTCCAGGGAAGGGGCTGGAGTGGGTCTCATCCATTAGTAGTGATGGTTATAACACATACTACCCAGACTCACTGAAGGGCCGATTCACCATCTCCAGAGACAGCGCCAAGAACTCACTGTATCTGCAAATGAACAGCCTGAGAGCCGACGACACGGCTGTGTATTACTGTGCCAGGGACTTCAGCGGCCACACCGCCGTGGCCGGCACCGGCTTCGAGTACTGGGGCCAGGGCACCCTGGTCACCGTCTCCTCA
1597632,EVQLVESGGGLIQPGGSLRLSCAASGFTVSSNYMSWVRQAPGKGLEWVSVIYSGGSTYYADSVKGRFTISRDNSKNTLYLQMNSLRAEDTAVYYC,IGHV3-53*01,EVQLVESGGGLIQPGGSLRLSCAASGFTVSSNYMSWVRQAPGKGLEWVSVIYSGGSTYYADSVKGRFTISRDNSKNTLYLQMNSLRAEDTAVYYC,100.0,0.0,{},GAGGTGCAGCTGGTGGAGTCTGGAGGAGGCTTGATCCAGCCTGGGGGGTCCCTGAGACTCTCCTGTGCAGCCTCTGGGTTCACCGTCAGTAGCAACTACATGAGCTGGGTCCGCCAGGCTCCAGGGAAGGGGCTGGAGTGGGTCTCAGTTATTTATAGCGGTGGTAGCACATACTACGCAGACTCCGTGAAGGGCCGATTCACCATCTCCAGAGACAATTCCAAGAACACGCTGTATCTTCAAATGAACAGCCTGAGAGCCGAGGACACGGCCGTGTATTAC,1.0,0,WGQGTMVTVSS,IGHJ3*02,WGQGTMVTVSS,100.0,0.0,{},TGGGGCCAAGGGACAATGGTCACCGTCTCTTCA,1.0,0,TGTGCCAGGGACCTGTACAGCAGCGGCGGCACCGACATC,ARDLYSSGGTDI,GAGGTGCAGCTGGTGGAGTCTGGAGGAGGCTTGATCCAGCCTGGGGGGTCCCTGAGACTCTCCTGTGCAGCCTCTGGGTTCACCGTCAGTAGCAACTACATGAGCTGGGTCCGCCAGGCTCCAGGGAAGGGGCTGGAGTGGGTCTCAGTTATTTATAGCGGTGGTAGCACATACTACGCAGACTCCGTGAAGGGCCGATTCACCATCTCCAGAGACAATTCCAAGAACACGCTGTATCTTCAAATGAACAGCCTGAGAGCCGAGGACACGGCCGTGTATTACTGTGCCAGGGACCTGTACAGCAGCGGCGGCACCGACATCTGGGGCCAAGGGACAATGGTCACCGTCTCTTCA
1397527,QVQVVQSGAEVKKPGASVKVSCKVSGYTLIEISIHWVRQAPGKGLEWMGGFDPEAGETIYAQKFQGRVTMTEDTSTDTAYMEVSSLRSEDTAVYYC,IGHV1-24*01,QVQLVQSGAEVKKPGASVKVSCKVSGYTLTELSMHWVRQAPGKGLEWMGGFDPEDGETIYAQKFQGRVTMTEDTSTDTAYMELSSLRSEDTAVYYC,93.75,6.0,"{3: ('L', 'V'), 29: ('T', 'I'), 31: ('L', 'I'), 33: ('M', 'I'), 54: ('D', 'A'), 82: ('L', 'V')}",CAGGTCCAGGTGGTACAGTCTGGGGCTGAGGTGAAGAAGCCTGGGGCCTCAGTGAAGGTCTCCTGCAAGGTTTCCGGATACACCCTCATTGAAATATCCATACACTGGGTGCGACAGGCTCCTGGAAAAGGGCTTGAGTGGATGGGAGGTTTTGATCCTGAAGCTGGTGAAACAATCTACGCACAGAAGTTCCAGGGCAGAGTCACCATGACCGAGGACACATCTACAGACACAGCCTACATGGAGGTGAGCAGCCTGAGATCTGAGGACACGGCCGTGTATTAC,0.3612646599135416,6,WGQGTLVTVSS,IGHJ1*01,WGQGTLVTVSS,100.0,0.0,{},TGGGGCCAGGGCACCCTGGTCACCGTCTCCTCA,1.0,0,TGTGCCACCGGCCCCGCCATCGCCGCCGCCGAGACCAACTGGTTCGACCTG,ATGPAIAAAETNWFDL,CAGGTCCAGGTGGTACAGTCTGGGGCTGAGGTGAAGAAGCCTGGGGCCTCAGTGAAGGTCTCCTGCAAGGTTTCCGGATACACCCTCATTGAAATATCCATACACTGGGTGCGACAGGCTCCTGGAAAAGGGCTTGAGTGGATGGGAGGTTTTGATCCTGAAGCTGGTGAAACAATCTACGCACAGAAGTTCCAGGGCAGAGTCACCATGACCGAGGACACATCTACAGACACAGCCTACATGGAGGTGAGCAGCCTGAGATCTGAGGACACGGCCGTGTATTACTGTGCCACCGGCCCCGCCATCGCCGCCGCCGAGACCAACTGGTTCGACCTGTGGGGCCAGGGCACCCTGGTCACCGTCTCCTCA
1397524,EVQLVESGGGLVQPGGSLRLSCAASGFIVSSNYMTWVRQAPGKGLEWVSVIYSGGSTFYADSVKGRFTISRHNSKNTLFLQMNSLRAEDTAVYYC,IGHV3-53*04,EVQLVESGGGLVQPGGSLRLSCAASGFTVSSNYMSWVRQAPGKGLEWVSVIYSGGSTYYADSVKGRFTISRHNSKNTLYLQMNSLRAEDTAVYYC,95.78947368421052,4.0,"{27: ('T', 'I'), 34: ('S', 'T'), 57: ('Y', 'F'), 78: ('Y', 'F')}",GAGGTGCAGCTGGTGGAGTCTGGAGGAGGCTTGGTCCAGCCTGGGGGGTCCCTGAGACTCTCCTGTGCAGCCTCTGGGTTCATCGTCAGTAGCAACTACATGACCTGGGTCCGCCAGGCTCCAGGGAAGGGGCTGGAGTGGGTCTCAGTTATTTATAGCGGTGGTAGCACATTCTACGCAGACTCCGTGAAGGGCCGATTCACCATCTCCAGACACAATTCCAAGAACACGCTGTTTCTTCAAATGAACAGCCTGAGAGCTGAGGACACGGCCGTGTATTAC,0.34461012787031253,4,WGQGTTVTVSS,IGHJ6*02,WGQGTTVTVSS,100.0,0.0,{},TGGGGCCAAGGGACCACGGTCACCGTCTCCTCA,1.0,0,TGTGCCAGGGACGCCCAGAACTACGGCATGGACGTG,ARDAQNYGMDV,GAGGTGCAGCTGGTGGAGTCTGGAGGAGGCTTGGTCCAGCCTGGGGGGTCCCTGAGACTCTCCTGTGCAGCCTCTGGGTTCATCGTCAGTAGCAACTACATGACCTGGGTCCGCCAGGCTCCAGGGAAGGGGCTGGAGTGGGTCTCAGTTATTTATAGCGGTGGTAGCACATTCTACGCAGACTCCGTGAAGGGCCGATTCACCATCTCCAGACACAATTCCAAGAACACGCTGTTTCTTCAAATGAACAGCCTGAGAGCTGAGGACACGGCCGTGTATTACTGTGCCAGGGACGCCCAGAACTACGGCATGGACGTGTGGGGCCAAGGGACCACGGTCACCGTCTCCTCA
1392553,EVQLVESGGGLIQPGGSLRLSCAASGFIVSSNYMSWVRQAPGKGLEWVSIIYSGGSTFYADSVKGRFTISRDNSKNTLYLQMNSLRVEDTAVYYC,IGHV3-53*01,EVQLVESGGGLIQPGGSLRLSCAASGFTVSSNYMSWVRQAPGKGLEWVSVIYSGGSTYYADSVKGRFTISRDNSKNTLYLQMNSLRAEDTAVYYC,95.78947368421052,4.0,"{27: ('T', 'I'), 49: ('V', 'I'), 57: ('Y', 'F'), 86: ('A', 'V')}",GAGGTGCAGCTGGTGGAGTCTGGAGGAGGCTTGATCCAGCCTGGGGGGTCCCTGAGACTCTCCTGTGCAGCCTCTGGGTTCATCGTCAGTAGCAACTACATGAGCTGGGTCCGCCAGGCTCCAGGGAAGGGGCTGGAGTGGGTCTCAATTATTTATAGCGGTGGTAGCACATTCTACGCAGACTCCGTGAAGGGCCGATTCACCATCTCCAGAGACAATTCCAAGAACACGCTGTATCTTCAAATGAACAGCCTGAGAGTCGAGGACACGGCCGTGTATTAC,0.44790622678125,4,WGQGTLVTVSS,IGHJ1*01,WGQGTLVTVSS,100.0,0.0,{},TGGGGCCAGGGCACCCTGGTCACCGTCTCCTCA,1.0,0,TGTGCCAGGGACCTGCAGGAGCTGGGCAGCCTGGACTAC,ARDLQELGSLDY,GAGGTGCAGCTGGTGGAGTCTGGAGGAGGCTTGATCCAGCCTGGGGGGTCCCTGAGACTCTCCTGTGCAGCCTCTGGGTTCATCGTCAGTAGCAACTACATGAGCTGGGTCCGCCAGGCTCCAGGGAAGGGGCTGGAGTGGGTCTCAATTATTTATAGCGGTGGTAGCACATTCTACGCAGACTCCGTGAAGGGCCGATTCACCATCTCCAGAGACAATTCCAAGAACACGCTGTATCTTCAAATGAACAGCCTGAGAGTCGAGGACACGGCCGTGTATTACTGTGCCAGGGACCTGCAGGAGCTGGGCAGCCTGGACTACTGGGGCCAGGGCACCCTGGTCACCGTCTCCTCA
1347915,QVQLVQSGAEVKKPGASVKVSCKVSGYTLIELSMHWVRQAPGKGLEWMGGFDPEDVETIYAQQFQGRVTMTEDTSTDTAYMELSSLRSEDTAVYYC,IGHV1-24*01,QVQLVQSGAEVKKPGASVKVSCKVSGYTLTELSMHWVRQAPGKGLEWMGGFDPEDGETIYAQKFQGRVTMTEDTSTDTAYMELSSLRSEDTAVYYC,96.875,3.0,"{29: ('T', 'I'), 55: ('G', 'V'), 62: ('K', 'Q')}",CAGGTCCAGCTGGTACAGTCTGGGGCTGAGGTGAAGAAGCCTGGGGCCTCAGTGAAGGTCTCCTGCAAGGTTTCCGGATACACCCTCATTGAATTATCCATGCACTGGGTGCGACAGGCTCCTGGAAAAGGGCTTGAGTGGATGGGAGGTTTTGATCCTGAAGATGTTGAAACAATCTACGCACAGCAGTTCCAGGGCAGAGTCACCATGACCGAGGACACATCTACAGACACAGCCTACATGGAGCTGAGCAGCCTGAGATCTGAGGACACGGCCGTGTATTAC,0.2953643581229166,3,WGQGTLVTVSS,IGHJ1*01,WGQGTLVTVSS,100.0,0.0,{},TGGGGCCAGGGCACCCTGGTCACCGTCTCCTCA,1.0,0,TGTGCCACCGGCTGGGCCTACAAGAGCACCTGGTACTTCGGCTAC,ATGWAYKSTWYFGY,CAGGTCCAGCTGGTACAGTCTGGGGCTGAGGTGAAGAAGCCTGGGGCCTCAGTGAAGGTCTCCTGCAAGGTTTCCGGATACACCCTCATTGAATTATCCATGCACTGGGTGCGACAGGCTCCTGGAAAAGGGCTTGAGTGGATGGGAGGTTTTGATCCTGAAGATGTTGAAACAATCTACGCACAGCAGTTCCAGGGCAGAGTCACCATGACCGAGGACACATCTACAGACACAGCCTACATGGAGCTGAGCAGCCTGAGATCTGAGGACACGGCCGTGTATTACTGTGCCACCGGCTGGGCCTACAAGAGCACCTGGTACTTCGGCTACTGGGGCCAGGGCACCCTGGTCACCGTCTCCTCA
1346823,QVQLVESGGGLIQPGGSLRLSCAASGLTVNRNYMSWIRQAPGKGLEWVSVIYSGGSTFYADSVKGRFTISRDNSKNTLSLQMNSLRAEDTAIYYC,IGHV3-53*01,EVQLVESGGGLIQPGGSLRLSCAASGFTVSSNYMSWVRQAPGKGLEWVSVIYSGGSTYYADSVKGRFTISRDNSKNTLYLQMNSLRAEDTAVYYC,91.57894736842105,8.0,"{0: ('E', 'Q'), 26: ('F', 'L'), 29: ('S', 'N'), 30: ('S', 'R'), 36: ('V', 'I'), 57: ('Y', 'F'), 78: ('Y', 'S'), 91: ('V', 'I')}",CAGGTGCAGCTGGTGGAGTCTGGAGGAGGCTTGATCCAGCCTGGGGGGTCCCTGAGACTCTCCTGTGCAGCCTCTGGGCTCACCGTCAATAGAAACTACATGAGCTGGATCCGCCAGGCTCCAGGGAAGGGGCTGGAGTGGGTCTCAGTTATTTATAGCGGTGGTAGCACATTCTACGCAGACTCCGTGAAGGGCCGATTCACCATCTCCAGAGACAATTCCAAGAACACGCTGTCTCTTCAAATGAACAGCCTGAGAGCCGAGGACACGGCCATATATTAC,0.4870552539695312,9,WGQGTMVTVSS,IGHJ3*02,WGQGTMVTVSS,100.0,0.0,{},TGGGGCCAAGGGACAATGGTCACCGTCTCTTCA,1.0,0,TGTGCCAGGGACTTCTACGAGGGCAGCTTCGACATC,ARDFYEGSFDI,CAGGTGCAGCTGGTGGAGTCTGGAGGAGGCTTGATCCAGCCTGGGGGGTCCCTGAGACTCTCCTGTGCAGCCTCTGGGCTCACCGTCAATAGAAACTACATGAGCTGGATCCGCCAGGCTCCAGGGAAGGGGCTGGAGTGGGTCTCAGTTATTTATAGCGGTGGTAGCACATTCTACGCAGACTCCGTGAAGGGCCGATTCACCATCTCCAGAGACAATTCCAAGAACACGCTGTCTCTTCAAATGAACAGCCTGAGAGCCGAGGACACGGCCATATATTACTGTGCCAGGGACTTCTACGAGGGCAGCTTCGACATCTGGGGCCAAGGGACAATGGTCACCGTCTCTTCA
1346822,QVQLVESGGGLIQPGGSLRLSCAASGVTVSSNYMSWVRQAPGKGLEWVSIIYSGGTTYYADSVKGRFTISRDSSMNTLYLQMNSLRAEDTAVYYC,IGHV3-53*01,EVQLVESGGGLIQPGGSLRLSCAASGFTVSSNYMSWVRQAPGKGLEWVSVIYSGGSTYYADSVKGRFTISRDNSKNTLYLQMNSLRAEDTAVYYC,93.6842105263158,6.0,"{0: ('E', 'Q'), 26: ('F', 'V'), 49: ('V', 'I'), 55: ('S', 'T'), 72: ('N', 'S'), 74: ('K', 'M')}",CAGGTGCAGCTGGTGGAGTCTGGAGGAGGCTTGATCCAGCCTGGGGGGTCCCTGAGACTCTCCTGTGCAGCCTCTGGGGTCACCGTCAGTAGCAACTACATGAGCTGGGTCCGCCAGGCTCCAGGGAAGGGGCTGGAGTGGGTCTCAATTATTTATAGCGGTGGTACCACATACTACGCAGACTCCGTGAAGGGCCGATTCACCATCTCCAGAGACAGTTCCATGAACACGCTGTATCTTCAAATGAACAGCCTGAGAGCCGAGGACACGGCCGTGTATTAC,0.33409086717916664,6,WGQGTTVTVSS,IGHJ6*02,WGQGTTVTVSS,100.0,0.0,{},TGGGGCCAAGGGACCACGGTCACCGTCTCCTCA,1.0,0,TGTGCCAGGGACCTGATGGTGTACGGCATCGACGTG,ARDLMVYGIDV,CAGGTGCAGCTGGTGGAGTCTGGAGGAGGCTTGATCCAGCCTGGGGGGTCCCTGAGACTCTCCTGTGCAGCCTCTGGGGTCACCGTCAGTAGCAACTACATGAGCTGGGTCCGCCAGGCTCCAGGGAAGGGGCTGGAGTGGGTCTCAATTATTTATAGCGGTGGTACCACATACTACGCAGACTCCGTGAAGGGCCGATTCACCATCTCCAGAGACAGTTCCATGAACACGCTGTATCTTCAAATGAACAGCCTGAGAGCCGAGGACACGGCCGTGTATTACTGTGCCAGGGACCTGATGGTGTACGGCATCGACGTGTGGGGCCAAGGGACCACGGTCACCGTCTCCTCA
1346821,EVQLLESGGDLIQPGGSLRLSCAASGVTVSSNYMSWVRQAPGKGLEWVSIIYPGGSTFYADSVKGRFTISRDNSKNTLYLQMHSLRAEDTAVYYC,IGHV3-53*01,EVQLVESGGGLIQPGGSLRLSCAASGFTVSSNYMSWVRQAPGKGLEWVSVIYSGGSTYYADSVKGRFTISRDNSKNTLYLQMNSLRAEDTAVYYC,92.63157894736842,7.0,"{4: ('V', 'L'), 9: ('G', 'D'), 26: ('F', 'V'), 49: ('V', 'I'), 52: ('S', 'P'), 57: ('Y', 'F'), 82: ('N', 'H')}",GAGGTGCAGCTGCTGGAGTCTGGAGGAGACTTGATCCAGCCTGGGGGGTCCCTGAGACTCTCCTGTGCAGCCTCTGGGGTCACCGTCAGTAGCAACTACATGAGCTGGGTCCGCCAGGCTCCAGGGAAGGGGCTGGAGTGGGTCTCAATTATTTATCCCGGTGGTAGCACATTCTACGCAGACTCCGTGAAGGGCCGATTCACCATCTCCAGAGACAATTCCAAGAACACGCTGTATCTTCAAATGCACAGCCTGAGAGCCGAGGACACGGCCGTGTATTAC,0.38310776727142853,8,WGKGTTVTVSS,IGHJ6*03,WGKGTTVTVSS,100.0,0.0,{},TGGGGCAAAGGGACCACGGTCACCGTCTCCTCA,1.0,0,TGTGCCAGGGACCTGGGCAGCGGCGACATGGACGTG,ARDLGSGDMDV,GAGGTGCAGCTGCTGGAGTCTGGAGGAGACTTGATCCAGCCTGGGGGGTCCCTGAGACTCTCCTGTGCAGCCTCTGGGGTCACCGTCAGTAGCAACTACATGAGCTGGGTCCGCCAGGCTCCAGGGAAGGGGCTGGAGTGGGTCTCAATTATTTATCCCGGTGGTAGCACATTCTACGCAGACTCCGTGAAGGGCCGATTCACCATCTCCAGAGACAATTCCAAGAACACGCTGTATCTTCAAATGCACAGCCTGAGAGCCGAGGACACGGCCGTGTATTACTGTGCCAGGGACCTGGGCAGCGGCGACATGGACGTGTGGGGCAAAGGGACCACGGTCACCGTCTCCTCA
1338222,QVQLVQSGAEVKKPGASVKVSCKASGYTFTSYYMHWVRQAPGQGLEWMGIINSSGGSTSYAQKFQGRVTMTRDTSTSTVYMELSSLRSEDTAVYYC,IGHV1-46*01,QVQLVQSGAEVKKPGASVKVSCKASGYTFTSYYMHWVRQAPGQGLEWMGIINPSGGSTSYAQKFQGRVTMTRDTSTSTVYMELSSLRSEDTAVYYC,98.95833333333334,1.0,"{52: ('P', 'S')}",CAGGTGCAGCTGGTGCAGTCTGGGGCTGAGGTGAAGAAGCCTGGGGCCTCAGTGAAGGTTTCCTGCAAGGCATCTGGATACACCTTCACCAGCTACTATATGCACTGGGTGCGACAGGCCCCTGGACAAGGGCTTGAGTGGATGGGAATAATCAACTCTAGTGGTGGTAGCACAAGCTACGCACAGAAGTTCCAGGGCAGAGTCACCATGACCAGGGACACGTCCACGAGCACAGTCTACATGGAGCTGAGCAGCCTGAGATCTGAGGACACGGCCGTGTATTAC,0.4580394984124999,1,WGQGTLVTVSS,IGHJ1*01,WGQGTLVTVSS,100.0,0.0,{},TGGGGCCAGGGCACCCTGGTCACCGTCTCCTCA,1.0,0,TGTGCCAGGCCCCCCAGGAACTACTACGACAGGAGCGGCTACTACCAGAGGGCCGAGTACTTCCAGCAC,ARPPRNYYDRSGYYQRAEYFQH,CAGGTGCAGCTGGTGCAGTCTGGGGCTGAGGTGAAGAAGCCTGGGGCCTCAGTGAAGGTTTCCTGCAAGGCATCTGGATACACCTTCACCAGCTACTATATGCACTGGGTGCGACAGGCCCCTGGACAAGGGCTTGAGTGGATGGGAATAATCAACTCTAGTGGTGGTAGCACAAGCTACGCACAGAAGTTCCAGGGCAGAGTCACCATGACCAGGGACACGTCCACGAGCACAGTCTACATGGAGCTGAGCAGCCTGAGATCTGAGGACACGGCCGTGTATTACTGTGCCAGGCCCCCCAGGAACTACTACGACAGGAGCGGCTACTACCAGAGGGCCGAGTACTTCCAGCACTGGGGCCAGGGCACCCTGGTCACCGTCTCCTCA
1338213,EVQLVESGGGLIQPGGSLRLSCAASGFTVSSNYMSWVRQAPGKGLEWVSVIYPGGSTFYADSVKGRFTISRDNSKNTLYLQMNSLRAEDTAVYYC,IGHV3-53*01,EVQLVESGGGLIQPGGSLRLSCAASGFTVSSNYMSWVRQAPGKGLEWVSVIYSGGSTYYADSVKGRFTISRDNSKNTLYLQMNSLRAEDTAVYYC,97.89473684210527,2.0,"{52: ('S', 'P'), 57: ('Y', 'F')}",GAGGTGCAGCTGGTGGAGTCTGGAGGAGGCTTGATCCAGCCTGGGGGGTCCCTGAGACTCTCCTGTGCAGCCTCTGGGTTCACCGTCAGTAGCAACTACATGAGCTGGGTCCGCCAGGCTCCAGGGAAGGGGCTGGAGTGGGTCTCAGTTATTTATCCCGGTGGTAGCACATTCTACGCAGACTCCGTGAAGGGCCGATTCACCATCTCCAGAGACAATTCCAAGAACACGCTGTATCTTCAAATGAACAGCCTGAGAGCCGAGGACACGGCCGTGTATTAC,0.388145678675,3,WGQGTLVTVSS,IGHJ1*01,WGQGTLVTVSS,100.0,0.0,{},TGGGGCCAGGGCACCCTGGTCACCGTCTCCTCA,1.0,0,TGTGCCAGGGAGGTGGCCGGCACCTACGACTAC,AREVAGTYDY,GAGGTGCAGCTGGTGGAGTCTGGAGGAGGCTTGATCCAGCCTGGGGGGTCCCTGAGACTCTCCTGTGCAGCCTCTGGGTTCACCGTCAGTAGCAACTACATGAGCTGGGTCCGCCAGGCTCCAGGGAAGGGGCTGGAGTGGGTCTCAGTTATTTATCCCGGTGGTAGCACATTCTACGCAGACTCCGTGAAGGGCCGATTCACCATCTCCAGAGACAATTCCAAGAACACGCTGTATCTTCAAATGAACAGCCTGAGAGCCGAGGACACGGCCGTGTATTACTGTGCCAGGGAGGTGGCCGGCACCTACGACTACTGGGGCCAGGGCACCCTGGTCACCGTCTCCTCA
1338212,EVQLVESGGGLIQPGGSLRLSCAASGLTVSSNYMSWVRQAPGKGLEWVSVIYSGGSTYYADSVKGRFTISRDNSKNTLYLQMNSLRAEDTAVYYC,IGHV3-53*01,EVQLVESGGGLIQPGGSLRLSCAASGFTVSSNYMSWVRQAPGKGLEWVSVIYSGGSTYYADSVKGRFTISRDNSKNTLYLQMNSLRAEDTAVYYC,98.94736842105263,1.0,"{26: ('F', 'L')}",GAGGTGCAGCTGGTGGAGTCTGGAGGAGGCTTGATCCAGCCTGGGGGGTCCCTGAGACTCTCCTGTGCAGCCTCTGGGCTCACCGTCAGTAGCAACTACATGAGCTGGGTCCGCCAGGCTCCAGGGAAGGGGCTGGAGTGGGTCTCAGTTATTTATAGCGGTGGTAGCACATACTACGCAGACTCCGTGAAGGGCCGATTCACCATCTCCAGAGACAATTCCAAGAACACGCTGTATCTTCAAATGAACAGCCTGAGAGCCGAGGACACGGCCGTGTATTAC,0.74491997809375,1,WGQGTLVTVSS,IGHJ1*01,WGQGTLVTVSS,100.0,0.0,{},TGGGGCCAGGGCACCCTGGTCACCGTCTCCTCA,1.0,0,TGTGCCAGGAGCCCCTACGGCGGCAACAGC,ARSPYGGNS,GAGGTGCAGCTGGTGGAGTCTGGAGGAGGCTTGATCCAGCCTGGGGGGTCCCTGAGACTCTCCTGTGCAGCCTCTGGGCTCACCGTCAGTAGCAACTACATGAGCTGGGTCCGCCAGGCTCCAGGGAAGGGGCTGGAGTGGGTCTCAGTTATTTATAGCGGTGGTAGCACATACTACGCAGACTCCGTGAAGGGCCGATTCACCATCTCCAGAGACAATTCCAAGAACACGCTGTATCTTCAAATGAACAGCCTGAGAGCCGAGGACACGGCCGTGTATTACTGTGCCAGGAGCCCCTACGGCGGCAACAGCTGGGGCCAGGGCACCCTGGTCACCGTCTCCTCA
1335960,EVQLVESGGGLIQPGGSLRLSCAVSGFTVSNNYMSWVRQAPGKGLEWVSVIYSGGTTYYADSVKGRFTISRDNSKNTLYLQMNSLRAEDTAVYYC,IGHV3-53*01,EVQLVESGGGLIQPGGSLRLSCAASGFTVSSNYMSWVRQAPGKGLEWVSVIYSGGSTYYADSVKGRFTISRDNSKNTLYLQMNSLRAEDTAVYYC,96.84210526315789,3.0,"{23: ('A', 'V'), 30: ('S', 'N'), 55: ('S', 'T')}",GAGGTGCAGCTGGTGGAGTCTGGAGGAGGCTTGATCCAGCCTGGGGGGTCCCTGAGACTCTCCTGTGCAGTCTCTGGGTTCACCGTCAGTAACAACTACATGAGCTGGGTCCGCCAGGCTCCAGGGAAGGGGCTGGAGTGGGTCTCAGTTATTTATAGCGGTGGTACCACATACTACGCAGACTCCGTGAAGGGCCGATTCACCATCTCCAGAGACAATTCCAAGAACACGCTGTATCTTCAAATGAACAGCCTGAGAGCCGAGGACACGGCCGTGTATTAC,0.45351843783749995,3,WGQGTLVTVSG,IGHJ1*01,WGQGTLVTVSS,90.9090909090909,1.0,"{10: ('S', 'G')}",TGGGGCCAGGGCACCCTGGTCACCGTCTCCGGA,0.6983842697875,2,TGTGCCAGGGGCGACGTGAGCGGCTACAGGTACGGCCTGGACTAC,ARGDVSGYRYGLDY,GAGGTGCAGCTGGTGGAGTCTGGAGGAGGCTTGATCCAGCCTGGGGGGTCCCTGAGACTCTCCTGTGCAGTCTCTGGGTTCACCGTCAGTAACAACTACATGAGCTGGGTCCGCCAGGCTCCAGGGAAGGGGCTGGAGTGGGTCTCAGTTATTTATAGCGGTGGTACCACATACTACGCAGACTCCGTGAAGGGCCGATTCACCATCTCCAGAGACAATTCCAAGAACACGCTGTATCTTCAAATGAACAGCCTGAGAGCCGAGGACACGGCCGTGTATTACTGTGCCAGGGGCGACGTGAGCGGCTACAGGTACGGCCTGGACTACTGGGGCCAGGGCACCCTGGTCACCGTCTCCGGA
1335959,EVQLVESGGGLIQPGGSLRLSCAASGFTVSSNYMSWVRQAPGKGLEWVSVIYSGGTTYYADSVKGRFTISRDNSKNTLYLQMNSLRAEDTAVYYC,IGHV3-53*01,EVQLVESGGGLIQPGGSLRLSCAASGFTVSSNYMSWVRQAPGKGLEWVSVIYSGGSTYYADSVKGRFTISRDNSKNTLYLQMNSLRAEDTAVYYC,98.94736842105263,1.0,"{55: ('S', 'T')}",GAGGTGCAGCTGGTGGAGTCTGGAGGAGGCTTGATCCAGCCTGGGGGGTCCCTGAGACTCTCCTGTGCAGCCTCTGGGTTCACCGTCAGTAGCAACTACATGAGCTGGGTCCGCCAGGCTCCAGGGAAGGGGCTGGAGTGGGTCTCAGTTATTTATAGCGGTGGTACCACATACTACGCAGACTCCGTGAAGGGCCGATTCACCATCTCCAGAGACAATTCCAAGAACACGCTGTATCTTCAAATGAACAGCCTGAGAGCCGAGGACACGGCCGTGTATTAC,0.2570144518125,1,WGQGTLVTVSG,IGHJ1*01,WGQGTLVTVSS,90.9090909090909,1.0,"{10: ('S', 'G')}",TGGGGCCAGGGCACCCTGGTCACCGTCTCCGGA,0.6983842697875,2,TGTGCCAGGGGCGACGTGAGCGGCTACAGGTACGGCCTGGACTAC,ARGDVSGYRYGLDY,GAGGTGCAGCTGGTGGAGTCTGGAGGAGGCTTGATCCAGCCTGGGGGGTCCCTGAGACTCTCCTGTGCAGCCTCTGGGTTCACCGTCAGTAGCAACTACATGAGCTGGGTCCGCCAGGCTCCAGGGAAGGGGCTGGAGTGGGTCTCAGTTATTTATAGCGGTGGTACCACATACTACGCAGACTCCGTGAAGGGCCGATTCACCATCTCCAGAGACAATTCCAAGAACACGCTGTATCTTCAAATGAACAGCCTGAGAGCCGAGGACACGGCCGTGTATTACTGTGCCAGGGGCGACGTGAGCGGCTACAGGTACGGCCTGGACTACTGGGGCCAGGGCACCCTGGTCACCGTCTCCGGA
1335409,EVQLVESGGGLVQPGGSLRLSCAASGFDLGGYSMHWVRQAPGKGLEWVAGIYASGGATAYADSVKGRFTISADTSKNTAYLQMNSLRAEDTAVYYC,IGHV3-23*04,EVQLVESGGGLVQPGGSLRLSCAASGFTFSSYAMSWVRQAPGKGLEWVSAISGSGGSTYYADSVKGRFTISRDNSKNTLYLQMNSLRAEDTAVYYC,84.375,15.0,"{27: ('T', 'D'), 28: ('F', 'L'), 29: ('S', 'G'), 30: ('S', 'G'), 32: ('A', 'S'), 34: ('S', 'H'), 48: ('S', 'A'), 49: ('A', 'G'), 51: ('S', 'Y'), 52: ('G', 'A'), 56: ('S', 'A'), 58: ('Y', 'A'), 71: ('R', 'A'), 73: ('N', 'T'), 78: ('L', 'A')}",GAGGTGCAGCTGGTGGAGTCTGGGGGAGGCTTGGTACAGCCTGGGGGGTCCCTGAGACTCTCCTGTGCAGCCTCTGGATTCGACCTTGGCGGCTATTCCATGCACTGGGTCCGCCAGGCTCCAGGGAAGGGGCTGGAGTGGGTCGCAGGTATTTATGCTAGTGGTGGTGCCACAGCCTACGCAGACTCCGTGAAGGGCCGGTTCACCATCTCCGCAGACACTTCCAAGAACACGGCGTATCTGCAAATGAACAGCCTGAGAGCCGAGGACACGGCCGTATATTAC,0.5605254818991666,22,WGQGTLVTVSS,IGHJ1*01,WGQGTLVTVSS,100.0,0.0,{},TGGGGCCAGGGCACCCTGGTCACCGTCTCCTCA,1.0,0,TGTGCCAGGAGCTACTACTACGGCGGCTTCGGCATGGACTAC,ARSYYYGGFGMDY,GAGGTGCAGCTGGTGGAGTCTGGGGGAGGCTTGGTACAGCCTGGGGGGTCCCTGAGACTCTCCTGTGCAGCCTCTGGATTCGACCTTGGCGGCTATTCCATGCACTGGGTCCGCCAGGCTCCAGGGAAGGGGCTGGAGTGGGTCGCAGGTATTTATGCTAGTGGTGGTGCCACAGCCTACGCAGACTCCGTGAAGGGCCGGTTCACCATCTCCGCAGACACTTCCAAGAACACGGCGTATCTGCAAATGAACAGCCTGAGAGCCGAGGACACGGCCGTATATTACTGTGCCAGGAGCTACTACTACGGCGGCTTCGGCATGGACTACTGGGGCCAGGGCACCCTGGTCACCGTCTCCTCA
1334440,EVQLVESGGGLVQPGGSLRLSCAASGITVSSNYMNWVRQAPGKGLEWVSLIYSGGSTYYADSVKGRFTISRDNSKNTLYLQMNSLRAEDTAVYHC,IGHV3-66*01,EVQLVESGGGLVQPGGSLRLSCAASGFTVSSNYMSWVRQAPGKGLEWVSVIYSGGSTYYADSVKGRFTISRDNSKNTLYLQMNSLRAEDTAVYYC,95.78947368421052,4.0,"{26: ('F', 'I'), 34: ('S', 'N'), 49: ('V', 'L'), 93: ('Y', 'H')}",GAGGTGCAGCTGGTGGAGTCTGGGGGAGGCTTGGTCCAGCCTGGGGGGTCCCTGAGACTCTCCTGTGCAGCCTCTGGAATCACCGTCAGTAGCAACTACATGAACTGGGTCCGCCAGGCTCCAGGGAAGGGGCTGGAGTGGGTCTCACTTATTTATAGCGGTGGTAGCACATACTACGCAGACTCCGTGAAGGGCAGATTCACCATCTCCAGAGACAATTCCAAGAACACGCTGTATCTTCAAATGAACAGCCTGAGAGCCGAGGACACGGCTGTGTATCAC,0.3809408006453125,4,WGQGTTVTVSS,IGHJ6*02,WGQGTTVTVSS,100.0,0.0,{},TGGGGCCAAGGGACCACGGTCACCGTCTCCTCA,1.0,0,TGTGCCAGGGACCTGGTGGTGTACGGCATGGACGTG,ARDLVVYGMDV,GAGGTGCAGCTGGTGGAGTCTGGGGGAGGCTTGGTCCAGCCTGGGGGGTCCCTGAGACTCTCCTGTGCAGCCTCTGGAATCACCGTCAGTAGCAACTACATGAACTGGGTCCGCCAGGCTCCAGGGAAGGGGCTGGAGTGGGTCTCACTTATTTATAGCGGTGGTAGCACATACTACGCAGACTCCGTGAAGGGCAGATTCACCATCTCCAGAGACAATTCCAAGAACACGCTGTATCTTCAAATGAACAGCCTGAGAGCCGAGGACACGGCTGTGTATCACTGTGCCAGGGACCTGGTGGTGTACGGCATGGACGTGTGGGGCCAAGGGACCACGGTCACCGTCTCCTCA
1314088,QVQLVESGGGLIQPGGSLRLSCAASGFIVSSNYMSWVRQAPGKGLEWVSVIYSGGSTFYADSVKGRFTISRDNSKNTLYLQMNSLRAEDTAVYYC,IGHV3-53*01,EVQLVESGGGLIQPGGSLRLSCAASGFTVSSNYMSWVRQAPGKGLEWVSVIYSGGSTYYADSVKGRFTISRDNSKNTLYLQMNSLRAEDTAVYYC,96.84210526315789,3.0,"{0: ('E', 'Q'), 27: ('T', 'I'), 57: ('Y', 'F')}",CAGGTGCAGCTGGTGGAGTCTGGAGGAGGCTTGATCCAGCCTGGGGGGTCCCTGAGACTCTCCTGTGCAGCCTCTGGGTTCATCGTCAGTAGCAACTACATGAGCTGGGTCCGCCAGGCTCCAGGGAAGGGGCTGGAGTGGGTCTCAGTTATTTATAGCGGTGGTAGCACATTCTACGCAGACTCCGTGAAGGGCCGATTCACCATCTCCAGAGACAATTCCAAGAACACGCTGTATCTTCAAATGAACAGCCTGAGAGCCGAGGACACGGCCGTGTATTAC,0.3783988326604167,3,WGQGTLVTVSS,IGHJ1*01,WGQGTLVTVSS,100.0,0.0,{},TGGGGCCAGGGCACCCTGGTCACCGTCTCCTCA,1.0,0,TGTGCCAGGGACTACGGCGACTACTACTTCGACTAC,ARDYGDYYFDY,CAGGTGCAGCTGGTGGAGTCTGGAGGAGGCTTGATCCAGCCTGGGGGGTCCCTGAGACTCTCCTGTGCAGCCTCTGGGTTCATCGTCAGTAGCAACTACATGAGCTGGGTCCGCCAGGCTCCAGGGAAGGGGCTGGAGTGGGTCTCAGTTATTTATAGCGGTGGTAGCACATTCTACGCAGACTCCGTGAAGGGCCGATTCACCATCTCCAGAGACAATTCCAAGAACACGCTGTATCTTCAAATGAACAGCCTGAGAGCCGAGGACACGGCCGTGTATTACTGTGCCAGGGACTACGGCGACTACTACTTCGACTACTGGGGCCAGGGCACCCTGGTCACCGTCTCCTCA
1311248,EVQLVESGGGLIQPGGSLRLSCAASGIIVSSNYMTWVRQAPGKGLEWVSVIYSGGSTFYADSVKGRFTISRDNSKNTLYLQMSSLRAEDTAVYYC,IGHV3-53*01,EVQLVESGGGLIQPGGSLRLSCAASGFTVSSNYMSWVRQAPGKGLEWVSVIYSGGSTYYADSVKGRFTISRDNSKNTLYLQMNSLRAEDTAVYYC,94.73684210526315,5.0,"{26: ('F', 'I'), 27: ('T', 'I'), 34: ('S', 'T'), 57: ('Y', 'F'), 82: ('N', 'S')}",GAGGTGCAGCTGGTGGAGTCTGGAGGAGGCTTGATCCAGCCTGGGGGGTCCCTGAGACTCTCCTGTGCAGCCTCTGGGATCATCGTCAGTAGCAACTACATGACCTGGGTCCGCCAGGCTCCAGGGAAGGGGCTGGAGTGGGTCTCAGTTATTTATAGCGGTGGTAGCACATTCTACGCAGACTCCGTGAAGGGCCGATTCACCATCTCCAGAGACAATTCCAAGAACACGCTGTATCTTCAAATGAGCAGCCTGAGAGCCGAGGACACGGCCGTGTATTAC,0.32309522074374997,5,WGQGTTVTVSS,IGHJ6*02,WGQGTTVTVSS,100.0,0.0,{},TGGGGCCAAGGGACCACGGTCACCGTCTCCTCA,1.0,0,TGTGCCAGGGACCTGGGCCCCTACGGCATGGACGTG,ARDLGPYGMDV,GAGGTGCAGCTGGTGGAGTCTGGAGGAGGCTTGATCCAGCCTGGGGGGTCCCTGAGACTCTCCTGTGCAGCCTCTGGGATCATCGTCAGTAGCAACTACATGACCTGGGTCCGCCAGGCTCCAGGGAAGGGGCTGGAGTGGGTCTCAGTTATTTATAGCGGTGGTAGCACATTCTACGCAGACTCCGTGAAGGGCCGATTCACCATCTCCAGAGACAATTCCAAGAACACGCTGTATCTTCAAATGAGCAGCCTGAGAGCCGAGGACACGGCCGTGTATTACTGTGCCAGGGACCTGGGCCCCTACGGCATGGACGTGTGGGGCCAAGGGACCACGGTCACCGTCTCCTCA
1311247,EVQLVESGGGLIQPGGSLRLSCAASGITVSSNYMSWVRQAPGKGLEWVSVIYSGGSTDYADSVKGRFTISRDKSKNTLYLQMNSLRAEDTAVYYC,IGHV3-53*01,EVQLVESGGGLIQPGGSLRLSCAASGFTVSSNYMSWVRQAPGKGLEWVSVIYSGGSTYYADSVKGRFTISRDNSKNTLYLQMNSLRAEDTAVYYC,96.84210526315789,3.0,"{26: ('F', 'I'), 57: ('Y', 'D'), 72: ('N', 'K')}",GAGGTGCAGCTGGTGGAGTCTGGAGGAGGCTTGATCCAGCCTGGGGGGTCCCTGAGACTCTCCTGTGCAGCCTCTGGGATCACCGTCAGTAGCAACTACATGAGCTGGGTCCGCCAGGCTCCAGGGAAGGGGCTGGAGTGGGTCTCAGTTATTTATAGCGGTGGTAGCACAGACTACGCAGACTCCGTGAAGGGCCGATTCACCATCTCCAGAGACAAGTCCAAGAACACGCTGTATCTTCAAATGAACAGCCTGAGAGCCGAGGACACGGCCGTGTATTAC,0.18817341609791663,3,WGQGTTVTVSS,IGHJ6*02,WGQGTTVTVSS,100.0,0.0,{},TGGGGCCAAGGGACCACGGTCACCGTCTCCTCA,1.0,0,TGTGCCAGGGACCTGGGCGAGGCCGGCGGCATGGACGTG,ARDLGEAGGMDV,GAGGTGCAGCTGGTGGAGTCTGGAGGAGGCTTGATCCAGCCTGGGGGGTCCCTGAGACTCTCCTGTGCAGCCTCTGGGATCACCGTCAGTAGCAACTACATGAGCTGGGTCCGCCAGGCTCCAGGGAAGGGGCTGGAGTGGGTCTCAGTTATTTATAGCGGTGGTAGCACAGACTACGCAGACTCCGTGAAGGGCCGATTCACCATCTCCAGAGACAAGTCCAAGAACACGCTGTATCTTCAAATGAACAGCCTGAGAGCCGAGGACACGGCCGTGTATTACTGTGCCAGGGACCTGGGCGAGGCCGGCGGCATGGACGTGTGGGGCCAAGGGACCACGGTCACCGTCTCCTCA
1311246,EVQLVESGGGLIQPGGSLRLSCAASEFIVSRNYMSWVRQAPGKGLEWVSVIYSGGSTYYADSVKGRFTISRDNSKNTLNLQMNSLRAEDTAVYYC,IGHV3-53*01,EVQLVESGGGLIQPGGSLRLSCAASGFTVSSNYMSWVRQAPGKGLEWVSVIYSGGSTYYADSVKGRFTISRDNSKNTLYLQMNSLRAEDTAVYYC,95.78947368421052,4.0,"{25: ('G', 'E'), 27: ('T', 'I'), 30: ('S', 'R'), 78: ('Y', 'N')}",GAGGTGCAGCTGGTGGAGTCTGGAGGAGGCTTGATCCAGCCTGGGGGGTCCCTGAGACTCTCCTGTGCAGCCTCTGAGTTCATCGTCAGTAGAAACTACATGAGCTGGGTCCGCCAGGCTCCAGGGAAGGGGCTGGAGTGGGTCTCAGTTATTTATAGCGGTGGTAGCACATACTACGCAGACTCCGTGAAGGGCCGATTCACCATCTCCAGAGACAATTCCAAGAACACGCTGAATCTTCAAATGAACAGCCTGAGAGCCGAGGACACGGCCGTGTATTAC,0.4419272457796875,4,WGQGTLVTVSS,IGHJ1*01,WGQGTLVTVSS,100.0,0.0,{},TGGGGCCAGGGCACCCTGGTCACCGTCTCCTCA,1.0,0,TGTGCCAGGGACTACGGCGACTACTACTTCGACTAC,ARDYGDYYFDY,GAGGTGCAGCTGGTGGAGTCTGGAGGAGGCTTGATCCAGCCTGGGGGGTCCCTGAGACTCTCCTGTGCAGCCTCTGAGTTCATCGTCAGTAGAAACTACATGAGCTGGGTCCGCCAGGCTCCAGGGAAGGGGCTGGAGTGGGTCTCAGTTATTTATAGCGGTGGTAGCACATACTACGCAGACTCCGTGAAGGGCCGATTCACCATCTCCAGAGACAATTCCAAGAACACGCTGAATCTTCAAATGAACAGCCTGAGAGCCGAGGACACGGCCGTGTATTACTGTGCCAGGGACTACGGCGACTACTACTTCGACTACTGGGGCCAGGGCACCCTGGTCACCGTCTCCTCA
1310038,QVQLVETGGGLIQPGGSLRLSCAASGFTVSSNYMSWVRQAPGKGLEWVSVIYSGGSTFYADSVKGRFTISRDNSKNTLYLQMNSLRAEDTAVYYC,IGHV3-53*02,EVQLVETGGGLIQPGGSLRLSCAASGFTVSSNYMSWVRQAPGKGLEWVSVIYSGGSTYYADSVKGRFTISRDNSKNTLYLQMNSLRAEDTAVYYC,97.89473684210527,2.0,"{0: ('E', 'Q'), 57: ('Y', 'F')}",CAGGTGCAGCTGGTGGAGACTGGAGGAGGCTTGATCCAGCCTGGGGGGTCCCTGAGACTCTCCTGTGCAGCCTCTGGGTTCACCGTCAGTAGCAACTACATGAGCTGGGTCCGCCAGGCTCCAGGGAAGGGGCTGGAGTGGGTCTCAGTTATTTATAGCGGTGGTAGCACATTCTACGCAGACTCCGTGAAGGGCCGATTCACCATCTCCAGAGACAATTCCAAGAACACGCTGTATCTTCAAATGAACAGCCTGAGAGCCGAGGACACGGCCGTGTATTAC,0.32229279664375,2,WGQGTMVTVSS,IGHJ3*02,WGQGTMVTVSS,100.0,0.0,{},TGGGGCCAAGGGACAATGGTCACCGTCTCTTCA,1.0,0,TGTGCCAGGGACCTGGAGAGGGCCGGCGGCATGGACGTG,ARDLERAGGMDV,CAGGTGCAGCTGGTGGAGACTGGAGGAGGCTTGATCCAGCCTGGGGGGTCCCTGAGACTCTCCTGTGCAGCCTCTGGGTTCACCGTCAGTAGCAACTACATGAGCTGGGTCCGCCAGGCTCCAGGGAAGGGGCTGGAGTGGGTCTCAGTTATTTATAGCGGTGGTAGCACATTCTACGCAGACTCCGTGAAGGGCCGATTCACCATCTCCAGAGACAATTCCAAGAACACGCTGTATCTTCAAATGAACAGCCTGAGAGCCGAGGACACGGCCGTGTATTACTGTGCCAGGGACCTGGAGAGGGCCGGCGGCATGGACGTGTGGGGCCAAGGGACAATGGTCACCGTCTCTTCA
1087267,QVQLVESGGGLIQPGGSLRLSCAASGFTVSSNYMSWVRQAPGKGLEWVSVIYSGGSTFYADSVKGRFTISRDNSKSTLYLQMNSLRVEDTAVYYC,IGHV3-53*01,EVQLVESGGGLIQPGGSLRLSCAASGFTVSSNYMSWVRQAPGKGLEWVSVIYSGGSTYYADSVKGRFTISRDNSKNTLYLQMNSLRAEDTAVYYC,95.78947368421052,4.0,"{0: ('E', 'Q'), 57: ('Y', 'F'), 75: ('N', 'S'), 86: ('A', 'V')}",CAGGTGCAGCTGGTGGAGTCTGGAGGAGGCTTGATCCAGCCTGGGGGGTCCCTGAGACTCTCCTGTGCAGCCTCTGGGTTCACCGTCAGTAGCAACTACATGAGCTGGGTCCGCCAGGCTCCAGGGAAGGGGCTGGAGTGGGTCTCAGTTATTTATAGCGGTGGTAGCACATTCTACGCAGACTCCGTGAAGGGCCGATTCACCATCTCCAGAGACAATTCCAAGAGCACGCTGTATCTTCAAATGAACAGCCTGAGAGTCGAGGACACGGCCGTGTATTAC,0.4157329306234375,4,WGQGTLVTVSS,IGHJ1*01,WGQGTLVTVSS,100.0,0.0,{},TGGGGCCAGGGCACCCTGGTCACCGTCTCCTCA,1.0,0,TGTGCCAGGGACTTCGGCGACTTCTACTTCGACTAC,ARDFGDFYFDY,CAGGTGCAGCTGGTGGAGTCTGGAGGAGGCTTGATCCAGCCTGGGGGGTCCCTGAGACTCTCCTGTGCAGCCTCTGGGTTCACCGTCAGTAGCAACTACATGAGCTGGGTCCGCCAGGCTCCAGGGAAGGGGCTGGAGTGGGTCTCAGTTATTTATAGCGGTGGTAGCACATTCTACGCAGACTCCGTGAAGGGCCGATTCACCATCTCCAGAGACAATTCCAAGAGCACGCTGTATCTTCAAATGAACAGCCTGAGAGTCGAGGACACGGCCGTGTATTACTGTGCCAGGGACTTCGGCGACTTCTACTTCGACTACTGGGGCCAGGGCACCCTGGTCACCGTCTCCTCA
1087266,EVQLVESGGGLIQPGGSLRLSCAASGLTVSSNYMSWVRQAPGKGLEWVSVIYSGGSTFYADSVKGRFTISRDNSKNTLYLQMNSLRAEDTAVYYC,IGHV3-53*01,EVQLVESGGGLIQPGGSLRLSCAASGFTVSSNYMSWVRQAPGKGLEWVSVIYSGGSTYYADSVKGRFTISRDNSKNTLYLQMNSLRAEDTAVYYC,97.89473684210527,2.0,"{26: ('F', 'L'), 57: ('Y', 'F')}",GAGGTGCAGCTGGTGGAGTCTGGAGGAGGCTTGATCCAGCCTGGGGGGTCCCTGAGACTCTCCTGTGCAGCCTCTGGGCTCACCGTCAGTAGCAACTACATGAGCTGGGTCCGCCAGGCTCCAGGGAAGGGGCTGGAGTGGGTCTCAGTTATTTATAGCGGTGGTAGCACATTCTACGCAGACTCCGTGAAGGGCCGATTCACCATCTCCAGAGACAATTCCAAGAACACGCTGTATCTTCAAATGAACAGCCTGAGAGCCGAGGACACGGCCGTGTATTAC,0.510395489065625,2,WGQGTTVTVSS,IGHJ6*02,WGQGTTVTVSS,100.0,0.0,{},TGGGGCCAAGGGACCACGGTCACCGTCTCCTCA,1.0,0,TGTGCCAGGGACCTGGACGTGTACGGCCTGGACGTG,ARDLDVYGLDV,GAGGTGCAGCTGGTGGAGTCTGGAGGAGGCTTGATCCAGCCTGGGGGGTCCCTGAGACTCTCCTGTGCAGCCTCTGGGCTCACCGTCAGTAGCAACTACATGAGCTGGGTCCGCCAGGCTCCAGGGAAGGGGCTGGAGTGGGTCTCAGTTATTTATAGCGGTGGTAGCACATTCTACGCAGACTCCGTGAAGGGCCGATTCACCATCTCCAGAGACAATTCCAAGAACACGCTGTATCTTCAAATGAACAGCCTGAGAGCCGAGGACACGGCCGTGTATTACTGTGCCAGGGACCTGGACGTGTACGGCCTGGACGTGTGGGGCCAAGGGACCACGGTCACCGTCTCCTCA
1083498,EVQLVESGGGLVQPGGSLRLSCAASGFTVSSNYMSWVRQAPGKGLEWVSVIYSGGSTFYADSVKGRFTISRDNSMNTLFLQMNSLRAEDTAVYYC,IGHV3-66*01,EVQLVESGGGLVQPGGSLRLSCAASGFTVSSNYMSWVRQAPGKGLEWVSVIYSGGSTYYADSVKGRFTISRDNSKNTLYLQMNSLRAEDTAVYYC,96.84210526315789,3.0,"{57: ('Y', 'F'), 74: ('K', 'M'), 78: ('Y', 'F')}",GAGGTGCAGCTGGTGGAGTCTGGGGGAGGCTTGGTCCAGCCTGGGGGGTCCCTGAGACTCTCCTGTGCAGCCTCTGGATTCACCGTCAGTAGCAACTACATGAGCTGGGTCCGCCAGGCTCCAGGGAAGGGGCTGGAGTGGGTCTCAGTTATTTATAGCGGTGGTAGCACATTCTACGCAGACTCCGTGAAGGGCAGATTCACCATCTCCAGAGACAATTCCATGAACACGCTGTTTCTTCAAATGAACAGCCTGAGAGCCGAGGACACGGCTGTGTATTAC,0.2906483574854167,3,WGQGTLVTVSS,IGHJ1*01,WGQGTLVTVSS,100.0,0.0,{},TGGGGCCAGGGCACCCTGGTCACCGTCTCCTCA,1.0,0,TGTGCCAGGGTGCTGCCCATGTACGGCGACTACCTGGACTAC,ARVLPMYGDYLDY,GAGGTGCAGCTGGTGGAGTCTGGGGGAGGCTTGGTCCAGCCTGGGGGGTCCCTGAGACTCTCCTGTGCAGCCTCTGGATTCACCGTCAGTAGCAACTACATGAGCTGGGTCCGCCAGGCTCCAGGGAAGGGGCTGGAGTGGGTCTCAGTTATTTATAGCGGTGGTAGCACATTCTACGCAGACTCCGTGAAGGGCAGATTCACCATCTCCAGAGACAATTCCATGAACACGCTGTTTCTTCAAATGAACAGCCTGAGAGCCGAGGACACGGCTGTGTATTACTGTGCCAGGGTGCTGCCCATGTACGGCGACTACCTGGACTACTGGGGCCAGGGCACCCTGGTCACCGTCTCCTCA
1075136,EVQLVESGGGLVQPGGSLRLSCAASGFIVSSNYMSWVRQAPGKGLEWVSVIYSGGSTYYADSVKGRFTISRHNSKNTLYLQMNSLRAEDTAVYYC,IGHV3-53*04,EVQLVESGGGLVQPGGSLRLSCAASGFTVSSNYMSWVRQAPGKGLEWVSVIYSGGSTYYADSVKGRFTISRHNSKNTLYLQMNSLRAEDTAVYYC,98.94736842105263,1.0,"{27: ('T', 'I')}",GAGGTGCAGCTGGTGGAGTCTGGAGGAGGCTTGGTCCAGCCTGGGGGGTCCCTGAGACTCTCCTGTGCAGCCTCTGGGTTCATCGTCAGTAGCAACTACATGAGCTGGGTCCGCCAGGCTCCAGGGAAGGGGCTGGAGTGGGTCTCAGTTATTTATAGCGGTGGTAGCACATACTACGCAGACTCCGTGAAGGGCCGATTCACCATCTCCAGACACAATTCCAAGAACACGCTGTATCTTCAAATGAACAGCCTGAGAGCTGAGGACACGGCCGTGTATTAC,0.49061090469375,1,WGQGTTVTVSS,IGHJ6*02,WGQGTTVTVSS,100.0,0.0,{},TGGGGCCAAGGGACCACGGTCACCGTCTCCTCA,1.0,0,TGTGCCAGGGAGGCCTACGGCATGGACGTG,AREAYGMDV,GAGGTGCAGCTGGTGGAGTCTGGAGGAGGCTTGGTCCAGCCTGGGGGGTCCCTGAGACTCTCCTGTGCAGCCTCTGGGTTCATCGTCAGTAGCAACTACATGAGCTGGGTCCGCCAGGCTCCAGGGAAGGGGCTGGAGTGGGTCTCAGTTATTTATAGCGGTGGTAGCACATACTACGCAGACTCCGTGAAGGGCCGATTCACCATCTCCAGACACAATTCCAAGAACACGCTGTATCTTCAAATGAACAGCCTGAGAGCTGAGGACACGGCCGTGTATTACTGTGCCAGGGAGGCCTACGGCATGGACGTGTGGGGCCAAGGGACCACGGTCACCGTCTCCTCA
969168,QVQLQESGPGLVKPSGTLSLTCAISGGSISSSNWWTWVRQPPGKGLQWIGEIQHGGGTNYNPSLKSRATIFVDVSKNHFSLRLSSVTAADTAVYYC,IGHV4-4*02,QVQLQESGPGLVKPSGTLSLTCAVSGGSISSSNWWSWVRQPPGKGLEWIGEIYHSGSTNYNPSLKSRVTISVDKSKNQFSLKLSSVTAADTAVYYC,88.54166666666666,11.0,"{23: ('V', 'I'), 35: ('S', 'T'), 46: ('E', 'Q'), 52: ('Y', 'Q'), 54: ('S', 'G'), 56: ('S', 'G'), 67: ('V', 'A'), 70: ('S', 'F'), 73: ('K', 'V'), 77: ('Q', 'H'), 81: ('K', 'R')}",CAGGTGCAGCTGCAGGAGTCGGGCCCAGGACTGGTGAAGCCTTCGGGGACCCTGTCCCTCACCTGCGCTATCTCTGGTGGCTCCATCAGCAGTAGTAACTGGTGGACTTGGGTCCGCCAGCCCCCAGGGAAGGGGCTGCAGTGGATTGGGGAAATCCAGCATGGTGGGGGCACCAACTACAACCCGTCCCTCAAGAGTCGAGCCACCATATTCGTAGACGTGTCCAAGAACCACTTCTCCCTGAGGCTGAGCTCTGTGACCGCCGCGGACACGGCCGTGTATTAC,0.5146638275977273,14,WGKGTTVTVSG,IGHJ6*03,WGKGTTVTVSS,90.9090909090909,1.0,"{10: ('S', 'G')}",TGGGGCAAAGGGACCACGGTCACCGTCTCCGGA,0.6983842697875,2,TGTGCCAAGGTGCCCCCCTACTGCACCAGCGCCAGCTGCCCCGACGACTACTACTACCACTACATGGACGTG,AKVPPYCTSASCPDDYYYHYMDV,CAGGTGCAGCTGCAGGAGTCGGGCCCAGGACTGGTGAAGCCTTCGGGGACCCTGTCCCTCACCTGCGCTATCTCTGGTGGCTCCATCAGCAGTAGTAACTGGTGGACTTGGGTCCGCCAGCCCCCAGGGAAGGGGCTGCAGTGGATTGGGGAAATCCAGCATGGTGGGGGCACCAACTACAACCCGTCCCTCAAGAGTCGAGCCACCATATTCGTAGACGTGTCCAAGAACCACTTCTCCCTGAGGCTGAGCTCTGTGACCGCCGCGGACACGGCCGTGTATTACTGTGCCAAGGTGCCCCCCTACTGCACCAGCGCCAGCTGCCCCGACGACTACTACTACCACTACATGGACGTGTGGGGCAAAGGGACCACGGTCACCGTCTCCGGA
969167,QVQLQESGPGLVKPSGTLSLTCAVSGGSISSSNWWSWVRQPPGKGLEWIGEIYHSGSTNYNPSLKSRVTISVDKSKNQFSLKLSSVTAADTAVYYC,IGHV4-4*02,QVQLQESGPGLVKPSGTLSLTCAVSGGSISSSNWWSWVRQPPGKGLEWIGEIYHSGSTNYNPSLKSRVTISVDKSKNQFSLKLSSVTAADTAVYYC,100.0,0.0,{},CAGGTGCAGCTGCAGGAGTCGGGCCCAGGACTGGTGAAGCCTTCGGGGACCCTGTCCCTCACCTGCGCTGTCTCTGGTGGCTCCATCAGCAGTAGTAACTGGTGGAGTTGGGTCCGCCAGCCCCCAGGGAAGGGGCTGGAGTGGATTGGGGAAATCTATCATAGTGGGAGCACCAACTACAACCCGTCCCTCAAGAGTCGAGTCACCATATCAGTAGACAAGTCCAAGAACCAGTTCTCCCTGAAGCTGAGCTCTGTGACCGCCGCGGACACGGCCGTGTATTAC,1.0,0,WGKGTTVTVSG,IGHJ6*03,WGKGTTVTVSS,90.9090909090909,1.0,"{10: ('S', 'G')}",TGGGGCAAAGGGACCACGGTCACCGTCTCCGGA,0.6983842697875,2,TGTGCCAGGGCCCCCCCCTACTGCAGCAGCACCAGCTGCCCCGACGACTACTACTACTACTACATGGACGTG,ARAPPYCSSTSCPDDYYYYYMDV,CAGGTGCAGCTGCAGGAGTCGGGCCCAGGACTGGTGAAGCCTTCGGGGACCCTGTCCCTCACCTGCGCTGTCTCTGGTGGCTCCATCAGCAGTAGTAACTGGTGGAGTTGGGTCCGCCAGCCCCCAGGGAAGGGGCTGGAGTGGATTGGGGAAATCTATCATAGTGGGAGCACCAACTACAACCCGTCCCTCAAGAGTCGAGTCACCATATCAGTAGACAAGTCCAAGAACCAGTTCTCCCTGAAGCTGAGCTCTGTGACCGCCGCGGACACGGCCGTGTATTACTGTGCCAGGGCCCCCCCCTACTGCAGCAGCACCAGCTGCCCCGACGACTACTACTACTACTACATGGACGTGTGGGGCAAAGGGACCACGGTCACCGTCTCCGGA
969166,QVQLQESGPGLVKPSGTLSLTCAVSGGSISSSNWWSWVRQPPGKGLEWIGEIYHGGSTNYNPSLKSRVTISVDKSKNQFSLKLSSVTAADTAVYYC,IGHV4-4*02,QVQLQESGPGLVKPSGTLSLTCAVSGGSISSSNWWSWVRQPPGKGLEWIGEIYHSGSTNYNPSLKSRVTISVDKSKNQFSLKLSSVTAADTAVYYC,98.95833333333334,1.0,"{54: ('S', 'G')}",CAGGTGCAGCTGCAGGAGTCGGGCCCAGGACTGGTGAAGCCTTCGGGGACCCTGTCCCTCACCTGCGCTGTCTCTGGTGGCTCCATCAGCAGTAGTAACTGGTGGAGTTGGGTCCGCCAGCCCCCAGGGAAGGGGCTGGAGTGGATTGGGGAAATCTATCATGGTGGGAGCACCAACTACAACCCGTCCCTCAAGAGTCGAGTCACCATATCAGTAGACAAGTCCAAGAACCAGTTCTCCCTGAAGCTGAGCTCTGTGACCGCCGCGGACACGGCCGTGTATTAC,0.4602034687625,1,WGKGTTVTVSG,IGHJ6*03,WGKGTTVTVSS,90.9090909090909,1.0,"{10: ('S', 'G')}",TGGGGCAAAGGGACCACGGTCACCGTCTCCGGA,0.6983842697875,2,TGTGCCAGGGCCCCCCCCTACTGCACCAGCGCCAGCTGCCCCGACGACTACTACTACTACTACATGGACGTG,ARAPPYCTSASCPDDYYYYYMDV,CAGGTGCAGCTGCAGGAGTCGGGCCCAGGACTGGTGAAGCCTTCGGGGACCCTGTCCCTCACCTGCGCTGTCTCTGGTGGCTCCATCAGCAGTAGTAACTGGTGGAGTTGGGTCCGCCAGCCCCCAGGGAAGGGGCTGGAGTGGATTGGGGAAATCTATCATGGTGGGAGCACCAACTACAACCCGTCCCTCAAGAGTCGAGTCACCATATCAGTAGACAAGTCCAAGAACCAGTTCTCCCTGAAGCTGAGCTCTGTGACCGCCGCGGACACGGCCGTGTATTACTGTGCCAGGGCCCCCCCCTACTGCACCAGCGCCAGCTGCCCCGACGACTACTACTACTACTACATGGACGTGTGGGGCAAAGGGACCACGGTCACCGTCTCCGGA
745539,EVQLVESGGGLVQPGGSLRLSCAASGFNVSYYSIHWVRQAPGKGLEWVASIYPYYGSTSYADSVKGRFTISADTSKNTAYLQMNSLRAEDTAVYYC,IGHV3-23*04,EVQLVESGGGLVQPGGSLRLSCAASGFTFSSYAMSWVRQAPGKGLEWVSAISGSGGSTYYADSVKGRFTISRDNSKNTLYLQMNSLRAEDTAVYYC,83.33333333333334,16.0,"{27: ('T', 'N'), 28: ('F', 'V'), 30: ('S', 'Y'), 32: ('A', 'S'), 33: ('M', 'I'), 34: ('S', 'H'), 48: ('S', 'A'), 49: ('A', 'S'), 51: ('S', 'Y'), 52: ('G', 'P'), 53: ('S', 'Y'), 54: ('G', 'Y'), 58: ('Y', 'S'), 71: ('R', 'A'), 73: ('N', 'T'), 78: ('L', 'A')}",GAGGTGCAGCTGGTGGAGTCTGGGGGAGGCTTGGTACAGCCTGGGGGGTCCCTGAGACTCTCCTGTGCAGCCTCTGGATTCAACGTTAGCTACTATTCCATACACTGGGTCCGCCAGGCTCCAGGGAAGGGGCTGGAGTGGGTCGCATCTATTTATCCTTATTATGGTAGCACATCCTACGCAGACTCCGTGAAGGGCCGGTTCACCATCTCCGCAGACACTTCCAAGAACACGGCGTATCTGCAAATGAACAGCCTGAGAGCCGAGGACACGGCCGTATATTAC,0.507499574834375,24,WGQGTLVTVFN,IGHJ1*01,WGQGTLVTVSS,81.81818181818183,2.0,"{9: ('S', 'F'), 10: ('S', 'N')}",TGGGGCCAGGGCACCCTGGTCACCGTCTTCAAC,0.5475769397500001,4,TGTGCCAGGGGCTACGGCTGGGCCCTGGACTAC,ARGYGWALDY,GAGGTGCAGCTGGTGGAGTCTGGGGGAGGCTTGGTACAGCCTGGGGGGTCCCTGAGACTCTCCTGTGCAGCCTCTGGATTCAACGTTAGCTACTATTCCATACACTGGGTCCGCCAGGCTCCAGGGAAGGGGCTGGAGTGGGTCGCATCTATTTATCCTTATTATGGTAGCACATCCTACGCAGACTCCGTGAAGGGCCGGTTCACCATCTCCGCAGACACTTCCAAGAACACGGCGTATCTGCAAATGAACAGCCTGAGAGCCGAGGACACGGCCGTATATTACTGTGCCAGGGGCTACGGCTGGGCCCTGGACTACTGGGGCCAGGGCACCCTGGTCACCGTCTTCAAC
745538,EVQLVESGGGLVQPGGSLRLSCAASGFNVSYYSIHWVRQAPGKGLEWVASIYPYYGSTSYADSVKGRFTISADTSKNTAYLQMNSLRAEDTAVYYC,IGHV3-23*04,EVQLVESGGGLVQPGGSLRLSCAASGFTFSSYAMSWVRQAPGKGLEWVSAISGSGGSTYYADSVKGRFTISRDNSKNTLYLQMNSLRAEDTAVYYC,83.33333333333334,16.0,"{27: ('T', 'N'), 28: ('F', 'V'), 30: ('S', 'Y'), 32: ('A', 'S'), 33: ('M', 'I'), 34: ('S', 'H'), 48: ('S', 'A'), 49: ('A', 'S'), 51: ('S', 'Y'), 52: ('G', 'P'), 53: ('S', 'Y'), 54: ('G', 'Y'), 58: ('Y', 'S'), 71: ('R', 'A'), 73: ('N', 'T'), 78: ('L', 'A')}",GAGGTGCAGCTGGTGGAGTCTGGGGGAGGCTTGGTACAGCCTGGGGGGTCCCTGAGACTCTCCTGTGCAGCCTCTGGATTCAACGTTAGCTACTATTCCATACACTGGGTCCGCCAGGCTCCAGGGAAGGGGCTGGAGTGGGTCGCATCTATTTATCCTTATTATGGTAGCACATCCTACGCAGACTCCGTGAAGGGCCGGTTCACCATCTCCGCAGACACTTCCAAGAACACGGCGTATCTGCAAATGAACAGCCTGAGAGCCGAGGACACGGCCGTATATTAC,0.507499574834375,24,WGQGTLVTVSS,IGHJ1*01,WGQGTLVTVSS,100.0,0.0,{},TGGGGCCAGGGCACCCTGGTCACCGTCTCCTCA,1.0,0,TGTGCCAGGGGCTACGGCTGGGCCCTGGACTAC,ARGYGWALDY,GAGGTGCAGCTGGTGGAGTCTGGGGGAGGCTTGGTACAGCCTGGGGGGTCCCTGAGACTCTCCTGTGCAGCCTCTGGATTCAACGTTAGCTACTATTCCATACACTGGGTCCGCCAGGCTCCAGGGAAGGGGCTGGAGTGGGTCGCATCTATTTATCCTTATTATGGTAGCACATCCTACGCAGACTCCGTGAAGGGCCGGTTCACCATCTCCGCAGACACTTCCAAGAACACGGCGTATCTGCAAATGAACAGCCTGAGAGCCGAGGACACGGCCGTATATTACTGTGCCAGGGGCTACGGCTGGGCCCTGGACTACTGGGGCCAGGGCACCCTGGTCACCGTCTCCTCA
745537,EVQLVESGGGLVQPGGSLRLSCAASGFNVSYSSIHWVRQAPGKGLEWVAYIYPSSGYTSYADSVKGRFTISADTSKNTAYLQMNSLRAEDTAVYYC,IGHV3-23*04,EVQLVESGGGLVQPGGSLRLSCAASGFTFSSYAMSWVRQAPGKGLEWVSAISGSGGSTYYADSVKGRFTISRDNSKNTLYLQMNSLRAEDTAVYYC,82.29166666666666,17.0,"{27: ('T', 'N'), 28: ('F', 'V'), 30: ('S', 'Y'), 31: ('Y', 'S'), 32: ('A', 'S'), 33: ('M', 'I'), 34: ('S', 'H'), 48: ('S', 'A'), 49: ('A', 'Y'), 51: ('S', 'Y'), 52: ('G', 'P'), 54: ('G', 'S'), 56: ('S', 'Y'), 58: ('Y', 'S'), 71: ('R', 'A'), 73: ('N', 'T'), 78: ('L', 'A')}",GAGGTGCAGCTGGTGGAGTCTGGGGGAGGCTTGGTACAGCCTGGGGGGTCCCTGAGACTCTCCTGTGCAGCCTCTGGATTCAACGTTAGCTACTCTTCCATACACTGGGTCCGCCAGGCTCCAGGGAAGGGGCTGGAGTGGGTCGCATATATTTATCCTAGTAGTGGTTACACATCCTACGCAGACTCCGTGAAGGGCCGGTTCACCATCTCCGCAGACACTTCCAAGAACACGGCGTATCTGCAAATGAACAGCCTGAGAGCCGAGGACACGGCCGTATATTAC,0.4997687002761029,25,WGQGTLVTVFN,IGHJ1*01,WGQGTLVTVSS,81.81818181818183,2.0,"{9: ('S', 'F'), 10: ('S', 'N')}",TGGGGCCAGGGCACCCTGGTCACCGTCTTCAAC,0.5475769397500001,4,TGTGCCAGGAGCTACAGCACCAAGCTGGCCATGGACTAC,ARSYSTKLAMDY,GAGGTGCAGCTGGTGGAGTCTGGGGGAGGCTTGGTACAGCCTGGGGGGTCCCTGAGACTCTCCTGTGCAGCCTCTGGATTCAACGTTAGCTACTCTTCCATACACTGGGTCCGCCAGGCTCCAGGGAAGGGGCTGGAGTGGGTCGCATATATTTATCCTAGTAGTGGTTACACATCCTACGCAGACTCCGTGAAGGGCCGGTTCACCATCTCCGCAGACACTTCCAAGAACACGGCGTATCTGCAAATGAACAGCCTGAGAGCCGAGGACACGGCCGTATATTACTGTGCCAGGAGCTACAGCACCAAGCTGGCCATGGACTACTGGGGCCAGGGCACCCTGGTCACCGTCTTCAAC
745536,EVQLVESGGGLVQPGGSLRLSCAASGFNVSYSSIHWVRQAPGKGLEWVAYIYPSSGYTSYADSVKGRFTISADTSKNTAYLQMNSLRAEDTAVYYC,IGHV3-23*04,EVQLVESGGGLVQPGGSLRLSCAASGFTFSSYAMSWVRQAPGKGLEWVSAISGSGGSTYYADSVKGRFTISRDNSKNTLYLQMNSLRAEDTAVYYC,82.29166666666666,17.0,"{27: ('T', 'N'), 28: ('F', 'V'), 30: ('S', 'Y'), 31: ('Y', 'S'), 32: ('A', 'S'), 33: ('M', 'I'), 34: ('S', 'H'), 48: ('S', 'A'), 49: ('A', 'Y'), 51: ('S', 'Y'), 52: ('G', 'P'), 54: ('G', 'S'), 56: ('S', 'Y'), 58: ('Y', 'S'), 71: ('R', 'A'), 73: ('N', 'T'), 78: ('L', 'A')}",GAGGTGCAGCTGGTGGAGTCTGGGGGAGGCTTGGTACAGCCTGGGGGGTCCCTGAGACTCTCCTGTGCAGCCTCTGGATTCAACGTTAGCTACTCTTCCATACACTGGGTCCGCCAGGCTCCAGGGAAGGGGCTGGAGTGGGTCGCATATATTTATCCTAGTAGTGGTTACACATCCTACGCAGACTCCGTGAAGGGCCGGTTCACCATCTCCGCAGACACTTCCAAGAACACGGCGTATCTGCAAATGAACAGCCTGAGAGCCGAGGACACGGCCGTATATTAC,0.4997687002761029,25,WGQGTLVTVVS,IGHJ1*01,WGQGTLVTVSS,90.9090909090909,1.0,"{9: ('S', 'V')}",TGGGGCCAGGGCACCCTGGTCACCGTCGTCTCA,0.6763230315312501,2,TGTGCCAGGAGCTACAGCACCAAGCTGGCCATGGACTAC,ARSYSTKLAMDY,GAGGTGCAGCTGGTGGAGTCTGGGGGAGGCTTGGTACAGCCTGGGGGGTCCCTGAGACTCTCCTGTGCAGCCTCTGGATTCAACGTTAGCTACTCTTCCATACACTGGGTCCGCCAGGCTCCAGGGAAGGGGCTGGAGTGGGTCGCATATATTTATCCTAGTAGTGGTTACACATCCTACGCAGACTCCGTGAAGGGCCGGTTCACCATCTCCGCAGACACTTCCAAGAACACGGCGTATCTGCAAATGAACAGCCTGAGAGCCGAGGACACGGCCGTATATTACTGTGCCAGGAGCTACAGCACCAAGCTGGCCATGGACTACTGGGGCCAGGGCACCCTGGTCACCGTCGTCTCA
738090,QVQLQESGPGLVKPSGTLSLTCAVSGGSISSSHWWSWVRQPPGKGLEWVGEISLSGSTHYGPSLKSRVSISLDKSMNHFSLRLSSVTAADTAVYYC,IGHV4-4*02,QVQLQESGPGLVKPSGTLSLTCAVSGGSISSSNWWSWVRQPPGKGLEWIGEIYHSGSTNYNPSLKSRVTISVDKSKNQFSLKLSSVTAADTAVYYC,88.54166666666666,11.0,"{32: ('N', 'H'), 48: ('I', 'V'), 52: ('Y', 'S'), 53: ('H', 'L'), 58: ('N', 'H'), 60: ('N', 'G'), 68: ('T', 'S'), 71: ('V', 'L'), 75: ('K', 'M'), 77: ('Q', 'H'), 81: ('K', 'R')}",CAGGTGCAGCTGCAGGAGTCGGGCCCAGGACTGGTGAAGCCTTCGGGGACCCTGTCCCTCACCTGCGCTGTCTCTGGTGGCTCCATCAGCAGTAGTCACTGGTGGAGTTGGGTCCGCCAGCCCCCAGGGAAGGGGCTGGAGTGGGTTGGGGAAATCTCTCTTAGTGGGAGCACCCACTACGGCCCGTCCCTCAAGAGTCGAGTCAGCATATCACTAGACAAGTCCATGAACCACTTCTCCCTGAGGCTGAGCTCTGTGACCGCCGCGGACACGGCCGTGTATTAC,0.39010329416988637,12,WGQGTLVTVSS,IGHJ1*01,WGQGTLVTVSS,100.0,0.0,{},TGGGGCCAGGGCACCCTGGTCACCGTCTCCTCA,1.0,0,TGTGCCAGGGAGAGCAGGTTCTACGGCGCCTACTTCGACTAC,ARESRFYGAYFDY,CAGGTGCAGCTGCAGGAGTCGGGCCCAGGACTGGTGAAGCCTTCGGGGACCCTGTCCCTCACCTGCGCTGTCTCTGGTGGCTCCATCAGCAGTAGTCACTGGTGGAGTTGGGTCCGCCAGCCCCCAGGGAAGGGGCTGGAGTGGGTTGGGGAAATCTCTCTTAGTGGGAGCACCCACTACGGCCCGTCCCTCAAGAGTCGAGTCAGCATATCACTAGACAAGTCCATGAACCACTTCTCCCTGAGGCTGAGCTCTGTGACCGCCGCGGACACGGCCGTGTATTACTGTGCCAGGGAGAGCAGGTTCTACGGCGCCTACTTCGACTACTGGGGCCAGGGCACCCTGGTCACCGTCTCCTCA
738089,QVQLVQSGPEVKKPGASVKVSCKASGYTFTDYYIHWVRQAPGQGLEWMGWINPNSGGTNYAQNFQDWVTMTRDTSITTAYMELSSLRSDDTAVYYC,IGHV1-2*04,QVQLVQSGAEVKKPGASVKVSCKASGYTFTGYYMHWVRQAPGQGLEWMGWINPNSGGTNYAQKFQGWVTMTRDTSISTAYMELSRLRSDDTAVYYC,92.70833333333334,7.0,"{8: ('A', 'P'), 30: ('G', 'D'), 33: ('M', 'I'), 62: ('K', 'N'), 65: ('G', 'D'), 76: ('S', 'T'), 84: ('R', 'S')}",CAGGTGCAGCTGGTGCAGTCTGGGCCTGAGGTGAAGAAGCCTGGGGCCTCAGTGAAGGTCTCCTGCAAGGCTTCTGGATACACCTTCACCGACTACTATATACACTGGGTGCGACAGGCCCCTGGACAAGGGCTTGAGTGGATGGGATGGATCAACCCTAACAGTGGTGGCACAAACTATGCACAGAACTTTCAGGACTGGGTCACCATGACCAGGGACACGTCCATCACCACAGCCTACATGGAGCTGAGCAGCCTGAGATCTGACGACACGGCCGTGTATTAC,0.38740746093303574,7,WGQGTLVTVSS,IGHJ1*01,WGQGTLVTVSS,100.0,0.0,{},TGGGGCCAGGGCACCCTGGTCACCGTCTCCTCA,1.0,0,TGTGCCAGGGACAGGATCACCACCGCCGCCCCCTTCGACTAC,ARDRITTAAPFDY,CAGGTGCAGCTGGTGCAGTCTGGGCCTGAGGTGAAGAAGCCTGGGGCCTCAGTGAAGGTCTCCTGCAAGGCTTCTGGATACACCTTCACCGACTACTATATACACTGGGTGCGACAGGCCCCTGGACAAGGGCTTGAGTGGATGGGATGGATCAACCCTAACAGTGGTGGCACAAACTATGCACAGAACTTTCAGGACTGGGTCACCATGACCAGGGACACGTCCATCACCACAGCCTACATGGAGCTGAGCAGCCTGAGATCTGACGACACGGCCGTGTATTACTGTGCCAGGGACAGGATCACCACCGCCGCCCCCTTCGACTACTGGGGCCAGGGCACCCTGGTCACCGTCTCCTCA
738088,QVQLVQSGAEVKKPGASVKVSCKTSGYTFTDYYIHWVRQAPGQGLEWMGWINPTDGGTNYAQKFQDWVTMTRDTSITTAYMELSRLRSDGTAVYFC,IGHV1-2*04,QVQLVQSGAEVKKPGASVKVSCKASGYTFTGYYMHWVRQAPGQGLEWMGWINPNSGGTNYAQKFQGWVTMTRDTSISTAYMELSRLRSDDTAVYYC,90.625,9.0,"{23: ('A', 'T'), 30: ('G', 'D'), 33: ('M', 'I'), 53: ('N', 'T'), 54: ('S', 'D'), 65: ('G', 'D'), 76: ('S', 'T'), 89: ('D', 'G'), 94: ('Y', 'F')}",CAGGTGCAGCTGGTGCAGTCTGGGGCTGAGGTGAAGAAGCCTGGGGCCTCAGTGAAGGTCTCCTGCAAGACTTCTGGATACACCTTCACCGACTACTATATACACTGGGTGCGACAGGCCCCTGGACAAGGGCTTGAGTGGATGGGATGGATCAACCCTACCGATGGTGGCACAAACTATGCACAGAAGTTTCAGGACTGGGTCACCATGACCAGGGACACGTCCATCACCACAGCCTACATGGAGCTGAGCAGGCTGAGATCTGACGGCACGGCCGTGTATTTC,0.5128515852986112,10,WGQGTLVTVSS,IGHJ1*01,WGQGTLVTVSS,100.0,0.0,{},TGGGGCCAGGGCACCCTGGTCACCGTCTCCTCA,1.0,0,TGTGCCAGGGACAGGATCACCACCGCCGCCCCCTTCGACTAC,ARDRITTAAPFDY,CAGGTGCAGCTGGTGCAGTCTGGGGCTGAGGTGAAGAAGCCTGGGGCCTCAGTGAAGGTCTCCTGCAAGACTTCTGGATACACCTTCACCGACTACTATATACACTGGGTGCGACAGGCCCCTGGACAAGGGCTTGAGTGGATGGGATGGATCAACCCTACCGATGGTGGCACAAACTATGCACAGAAGTTTCAGGACTGGGTCACCATGACCAGGGACACGTCCATCACCACAGCCTACATGGAGCTGAGCAGGCTGAGATCTGACGGCACGGCCGTGTATTTCTGTGCCAGGGACAGGATCACCACCGCCGCCCCCTTCGACTACTGGGGCCAGGGCACCCTGGTCACCGTCTCCTCA
738087,QVQLVQSGAEVKKPGASVKVSCRASGYIFTSYGFSWVRQAPGQGLEWMGWISAYNGNTDYSQKLQGRVTMTTDTSTNTVYMELRTLQSDDTAVYYC,IGHV1-18*01,QVQLVQSGAEVKKPGASVKVSCKASGYTFTSYGISWVRQAPGQGLEWMGWISAYNGNTNYAQKLQGRVTMTTDTSTSTAYMELRSLRSDDTAVYYC,90.625,9.0,"{22: ('K', 'R'), 27: ('T', 'I'), 33: ('I', 'F'), 58: ('N', 'D'), 60: ('A', 'S'), 76: ('S', 'N'), 78: ('A', 'V'), 84: ('S', 'T'), 86: ('R', 'Q')}",CAGGTTCAGCTGGTGCAGTCTGGAGCTGAGGTGAAGAAGCCTGGGGCCTCAGTGAAGGTCTCCTGCAGGGCTTCTGGTTACATCTTTACCAGCTATGGTTTCAGCTGGGTGCGACAGGCCCCTGGACAAGGGCTTGAGTGGATGGGATGGATCAGCGCTTACAATGGTAACACAGACTATTCACAGAAGCTCCAGGGCAGAGTCACCATGACCACAGACACATCCACGAACACAGTCTACATGGAGCTGAGGACCCTGCAATCTGACGACACGGCCGTGTATTAC,0.45190314417361116,10,WGQGTTVTVSS,IGHJ6*02,WGQGTTVTVSS,100.0,0.0,{},TGGGGCCAAGGGACCACGGTCACCGTCTCCTCA,1.0,0,TGTGCCAGGGACAGGGGCGACAGGCTGTACTACTACTACTACTACGGCATGGACGTG,ARDRGDRLYYYYYYGMDV,CAGGTTCAGCTGGTGCAGTCTGGAGCTGAGGTGAAGAAGCCTGGGGCCTCAGTGAAGGTCTCCTGCAGGGCTTCTGGTTACATCTTTACCAGCTATGGTTTCAGCTGGGTGCGACAGGCCCCTGGACAAGGGCTTGAGTGGATGGGATGGATCAGCGCTTACAATGGTAACACAGACTATTCACAGAAGCTCCAGGGCAGAGTCACCATGACCACAGACACATCCACGAACACAGTCTACATGGAGCTGAGGACCCTGCAATCTGACGACACGGCCGTGTATTACTGTGCCAGGGACAGGGGCGACAGGCTGTACTACTACTACTACTACGGCATGGACGTGTGGGGCCAAGGGACCACGGTCACCGTCTCCTCA
738086,QVQLVQSGGEVKKPGASVKVSCKASGYTFTSYGISWVRQAPGQGLEWMGWISAYNGNRKYAQKVQGRVSMTIDTHTSTANMELRSLRSDDTAVYYC,IGHV1-18*01,QVQLVQSGAEVKKPGASVKVSCKASGYTFTSYGISWVRQAPGQGLEWMGWISAYNGNTNYAQKLQGRVTMTTDTSTSTAYMELRSLRSDDTAVYYC,91.66666666666666,8.0,"{8: ('A', 'G'), 57: ('T', 'R'), 58: ('N', 'K'), 63: ('L', 'V'), 68: ('T', 'S'), 71: ('T', 'I'), 74: ('S', 'H'), 79: ('Y', 'N')}",CAGGTTCAGCTGGTGCAGTCTGGAGGTGAGGTGAAGAAGCCTGGGGCCTCAGTGAAGGTCTCCTGCAAGGCTTCTGGTTACACCTTTACCAGCTATGGTATCAGCTGGGTGCGACAGGCCCCTGGACAAGGGCTTGAGTGGATGGGATGGATCAGCGCTTACAATGGTAACAGAAAGTATGCACAGAAGGTCCAGGGCAGAGTCAGCATGACCATAGACACACACACGAGCACAGCCAACATGGAGCTGAGGAGCCTGAGATCTGACGACACGGCCGTGTATTAC,0.40053379224062496,9,WGQGTTVTVSS,IGHJ6*02,WGQGTTVTVSS,100.0,0.0,{},TGGGGCCAAGGGACCACGGTCACCGTCTCCTCA,1.0,0,TGTGCCAAGGACAGGGGCGACGGCGACTACAGGTACTACTACTACGGCATGGACGTG,AKDRGDGDYRYYYYGMDV,CAGGTTCAGCTGGTGCAGTCTGGAGGTGAGGTGAAGAAGCCTGGGGCCTCAGTGAAGGTCTCCTGCAAGGCTTCTGGTTACACCTTTACCAGCTATGGTATCAGCTGGGTGCGACAGGCCCCTGGACAAGGGCTTGAGTGGATGGGATGGATCAGCGCTTACAATGGTAACAGAAAGTATGCACAGAAGGTCCAGGGCAGAGTCAGCATGACCATAGACACACACACGAGCACAGCCAACATGGAGCTGAGGAGCCTGAGATCTGACGACACGGCCGTGTATTACTGTGCCAAGGACAGGGGCGACGGCGACTACAGGTACTACTACTACGGCATGGACGTGTGGGGCCAAGGGACCACGGTCACCGTCTCCTCA
164079,QVQLVQSGAEVKKPGSSVKVSCKASGGTFNSYAFSWVRQAPGQGLEWMGSIIPIFGTTNYAQKFQGRVTITADESTSTAYMELSSLRSEDTAVYYC,IGHV1-69*01,QVQLVQSGAEVKKPGSSVKVSCKASGGTFSSYAISWVRQAPGQGLEWMGGIIPIFGTANYAQKFQGRVTITADESTSTAYMELSSLRSEDTAVYYC,95.83333333333334,4.0,"{29: ('S', 'N'), 33: ('I', 'F'), 49: ('G', 'S'), 57: ('A', 'T')}",CAGGTGCAGCTGGTGCAGTCTGGGGCTGAGGTGAAGAAGCCTGGGTCCTCGGTGAAGGTCTCCTGCAAGGCTTCTGGAGGCACCTTCAACAGCTATGCTTTCAGCTGGGTGCGACAGGCCCCTGGACAAGGGCTTGAGTGGATGGGAAGCATCATCCCTATCTTTGGTACAACAAACTACGCACAGAAGTTCCAGGGCAGAGTCACGATTACCGCGGACGAATCCACGAGCACAGCCTACATGGAGCTGAGCAGCCTGAGATCTGAGGACACGGCCGTGTATTAC,0.5628231195796874,5,WGQGTLVTVSS,IGHJ1*01,WGQGTLVTVSS,100.0,0.0,{},TGGGGCCAGGGCACCCTGGTCACCGTCTCCTCA,1.0,0,TGTGCCAGGTACTTCGACACCTACAACAACTACGGCTTCGCCAAC,ARYFDTYNNYGFAN,CAGGTGCAGCTGGTGCAGTCTGGGGCTGAGGTGAAGAAGCCTGGGTCCTCGGTGAAGGTCTCCTGCAAGGCTTCTGGAGGCACCTTCAACAGCTATGCTTTCAGCTGGGTGCGACAGGCCCCTGGACAAGGGCTTGAGTGGATGGGAAGCATCATCCCTATCTTTGGTACAACAAACTACGCACAGAAGTTCCAGGGCAGAGTCACGATTACCGCGGACGAATCCACGAGCACAGCCTACATGGAGCTGAGCAGCCTGAGATCTGAGGACACGGCCGTGTATTACTGTGCCAGGTACTTCGACACCTACAACAACTACGGCTTCGCCAACTGGGGCCAGGGCACCCTGGTCACCGTCTCCTCA
164078,QVQLVQSGAEVKKPGSSVKVSCKASGGTFNSYAFSWVRQAPGQGLEWMGSIIPLFGFVVYAQKFQGRVTITADESTSTAYMELSSLRSEDTAVYYC,IGHV1-69*01,QVQLVQSGAEVKKPGSSVKVSCKASGGTFSSYAISWVRQAPGQGLEWMGGIIPIFGTANYAQKFQGRVTITADESTSTAYMELSSLRSEDTAVYYC,92.70833333333334,7.0,"{29: ('S', 'N'), 33: ('I', 'F'), 49: ('G', 'S'), 53: ('I', 'L'), 56: ('T', 'F'), 57: ('A', 'V'), 58: ('N', 'V')}",CAGGTGCAGCTGGTGCAGTCTGGGGCTGAGGTGAAGAAGCCTGGGTCCTCGGTGAAGGTCTCCTGCAAGGCTTCTGGAGGCACCTTCAACAGCTATGCTTTCAGCTGGGTGCGACAGGCCCCTGGACAAGGGCTTGAGTGGATGGGAAGCATCATCCCTCTCTTTGGTTTTGTAGTCTACGCACAGAAGTTCCAGGGCAGAGTCACGATTACCGCGGACGAATCCACGAGCACAGCCTACATGGAGCTGAGCAGCCTGAGATCTGAGGACACGGCCGTGTATTAC,0.5403035548410714,11,WGQGTLVTVSS,IGHJ1*01,WGQGTLVTVSS,100.0,0.0,{},TGGGGCCAGGGCACCCTGGTCACCGTCTCCTCA,1.0,0,TGTGCCAGGTACTTCGACACCTACAACAACTACGGCTTCGCCAAC,ARYFDTYNNYGFAN,CAGGTGCAGCTGGTGCAGTCTGGGGCTGAGGTGAAGAAGCCTGGGTCCTCGGTGAAGGTCTCCTGCAAGGCTTCTGGAGGCACCTTCAACAGCTATGCTTTCAGCTGGGTGCGACAGGCCCCTGGACAAGGGCTTGAGTGGATGGGAAGCATCATCCCTCTCTTTGGTTTTGTAGTCTACGCACAGAAGTTCCAGGGCAGAGTCACGATTACCGCGGACGAATCCACGAGCACAGCCTACATGGAGCTGAGCAGCCTGAGATCTGAGGACACGGCCGTGTATTACTGTGCCAGGTACTTCGACACCTACAACAACTACGGCTTCGCCAACTGGGGCCAGGGCACCCTGGTCACCGTCTCCTCA
164069,QVQLLESGAEVKKPGSSVKVSCKASGDTFIRYSFTWVRQAPGQGLEWMGRIITILDVAHYAPHLQGRVTITADKSTSTVYLELRNLRSDDTAVYFC,IGHV1-69*02,QVQLVQSGAEVKKPGSSVKVSCKASGGTFSSYTISWVRQAPGQGLEWMGRIIPILGIANYAQKFQGRVTITADKSTSTAYMELSSLRSEDTAVYYC,78.125,21.0,"{4: ('V', 'L'), 5: ('Q', 'E'), 26: ('G', 'D'), 29: ('S', 'I'), 30: ('S', 'R'), 32: ('T', 'S'), 33: ('I', 'F'), 34: ('S', 'T'), 52: ('P', 'T'), 55: ('G', 'D'), 56: ('I', 'V'), 58: ('N', 'H'), 61: ('Q', 'P'), 62: ('K', 'H'), 63: ('F', 'L'), 78: ('A', 'V'), 80: ('M', 'L'), 83: ('S', 'R'), 84: ('S', 'N'), 88: ('E', 'D'), 94: ('Y', 'F')}",CAGGTCCAGCTGCTGGAATCTGGGGCTGAGGTGAAGAAGCCTGGGTCCTCGGTGAAGGTCTCCTGCAAGGCTTCTGGAGACACCTTCATCAGATATAGTTTCACCTGGGTGCGACAGGCCCCTGGACAAGGGCTTGAGTGGATGGGAAGGATCATCACTATCCTTGATGTAGCACACTACGCACCGCACCTCCAGGGCAGAGTCACGATTACCGCGGACAAATCCACGAGCACAGTCTACCTGGAGCTGAGAAACCTGAGATCTGACGACACGGCCGTGTATTTC,0.39198568083601193,22,WGQGTLVTVTS,IGHJ1*01,WGQGTLVTVSS,90.9090909090909,1.0,"{9: ('S', 'T')}",TGGGGCCAGGGCACCCTGGTCACCGTCACCTCA,0.13625553615,1,TGTGCCGGCGTGTACGAGGGCGAGGCCGACGAGGGCGAGTACAGGAACAACGGCTTCCTGAAGCAC,AGVYEGEADEGEYRNNGFLKH,CAGGTCCAGCTGCTGGAATCTGGGGCTGAGGTGAAGAAGCCTGGGTCCTCGGTGAAGGTCTCCTGCAAGGCTTCTGGAGACACCTTCATCAGATATAGTTTCACCTGGGTGCGACAGGCCCCTGGACAAGGGCTTGAGTGGATGGGAAGGATCATCACTATCCTTGATGTAGCACACTACGCACCGCACCTCCAGGGCAGAGTCACGATTACCGCGGACAAATCCACGAGCACAGTCTACCTGGAGCTGAGAAACCTGAGATCTGACGACACGGCCGTGTATTTCTGTGCCGGCGTGTACGAGGGCGAGGCCGACGAGGGCGAGTACAGGAACAACGGCTTCCTGAAGCACTGGGGCCAGGGCACCCTGGTCACCGTCACCTCA
164067,EVQLVESGAEVKKPGSSVKVSCKASGDTFIRYSFTWVRQAPGQGLEWMGRIITILDVAHYAPHLQGRVTITADKSTSTVYLELRNLRSDDTAVYFC,IGHV1-69*02,QVQLVQSGAEVKKPGSSVKVSCKASGGTFSSYTISWVRQAPGQGLEWMGRIIPILGIANYAQKFQGRVTITADKSTSTAYMELSSLRSEDTAVYYC,78.125,21.0,"{0: ('Q', 'E'), 5: ('Q', 'E'), 26: ('G', 'D'), 29: ('S', 'I'), 30: ('S', 'R'), 32: ('T', 'S'), 33: ('I', 'F'), 34: ('S', 'T'), 52: ('P', 'T'), 55: ('G', 'D'), 56: ('I', 'V'), 58: ('N', 'H'), 61: ('Q', 'P'), 62: ('K', 'H'), 63: ('F', 'L'), 78: ('A', 'V'), 80: ('M', 'L'), 83: ('S', 'R'), 84: ('S', 'N'), 88: ('E', 'D'), 94: ('Y', 'F')}",GAGGTCCAGCTGGTGGAATCTGGGGCTGAGGTGAAGAAGCCTGGGTCCTCGGTGAAGGTCTCCTGCAAGGCTTCTGGAGACACCTTCATCAGATATAGTTTCACCTGGGTGCGACAGGCCCCTGGACAAGGGCTTGAGTGGATGGGAAGGATCATCACTATCCTTGATGTAGCACACTACGCACCGCACCTCCAGGGCAGAGTCACGATTACCGCGGACAAATCCACGAGCACAGTCTACCTGGAGCTGAGAAACCTGAGATCTGACGACACGGCCGTGTATTTC,0.3872083938970238,22,WGQGTLVTVSS,IGHJ1*01,WGQGTLVTVSS,100.0,0.0,{},TGGGGCCAGGGCACCCTGGTCACCGTCTCCTCA,1.0,0,TGTGCCGGCGTGTACGAGGGCGAGGCCGACGAGGGCGAGTACGACAACAACGGCTTCCTGAAGCAC,AGVYEGEADEGEYDNNGFLKH,GAGGTCCAGCTGGTGGAATCTGGGGCTGAGGTGAAGAAGCCTGGGTCCTCGGTGAAGGTCTCCTGCAAGGCTTCTGGAGACACCTTCATCAGATATAGTTTCACCTGGGTGCGACAGGCCCCTGGACAAGGGCTTGAGTGGATGGGAAGGATCATCACTATCCTTGATGTAGCACACTACGCACCGCACCTCCAGGGCAGAGTCACGATTACCGCGGACAAATCCACGAGCACAGTCTACCTGGAGCTGAGAAACCTGAGATCTGACGACACGGCCGTGTATTTCTGTGCCGGCGTGTACGAGGGCGAGGCCGACGAGGGCGAGTACGACAACAACGGCTTCCTGAAGCACTGGGGCCAGGGCACCCTGGTCACCGTCTCCTCA
