Epitope_ID,Antibody_seq_V,Gene_name_V,Gene_seq_V,Fraction_match_V,Mutation_num_V,Mismatch_list_V,Antibody_nucleotide_seq_V,Likelihood_V,Mutation_num_nucleotide_V,Antibody_seq_J,Gene_name_J,Gene_seq_J,Fraction_match_J,Mutation_num_J,Mismatch_list_J,Antibody_nucleotide_seq_J,Likelihood_J,Mutation_num_nucleotide_J,CDRL3_nucleotide_seq,CDRL3,Full_nucleotide_seq
2218457,IQLTQSPSFLSASVGDRVTITCRASQGISNFLAWYQQKPGKAPKLLIYAASTLQGGVPSTFSGSGSGTEFTLTISSLQPEDFATYYC,IGKV1-9*01,DIQLTQSPSFLSASVGDRVTITCRASQGISSYLAWYQQKPGKAPKLLIYAASTLQSGVPSRFSGSGSGTEFTLTISSLQPEDFATYYCQQLNS,89.24731182795699,10.0,"{0: ('D', '-'), 30: ('S', 'N'), 31: ('Y', 'F'), 55: ('S', 'G'), 60: ('R', 'T'), 88: ('Q', '-'), 89: ('Q', '-'), 90: ('L', '-'), 91: ('N', '-'), 92: ('S', '-')}",ATCCAGTTGACCCAGTCTCCATCCTTCCTGTCTGCATCTGTAGGAGACAGAGTCACCATCACTTGCCGGGCCAGTCAGGGCATTAGCAATTTTTTAGCCTGGTATCAGCAAAAACCAGGGAAAGCCCCTAAGCTCCTGATCTATGCTGCATCCACTTTGCAAGGTGGGGTCCCATCAACGTTCAGCGGCAGTGGATCTGGGACAGAATTCACTCTCACAATCAGCAGCCTGCAGCCTGAAGATTTTGCAACTTATTAC,0.3852353096828125,4,FGGGTRVEIK,IGKJ4*01,FGGGTKVEIK,90.0,1.0,"{5: ('K', 'R')}",TTCGGCGGAGGGACCAGGGTGGAGATCAAA,0.45009978369375,1,TGTCAGCACCTGAACGACTACCCCCTG,QHLNDYPL,ATCCAGTTGACCCAGTCTCCATCCTTCCTGTCTGCATCTGTAGGAGACAGAGTCACCATCACTTGCCGGGCCAGTCAGGGCATTAGCAATTTTTTAGCCTGGTATCAGCAAAAACCAGGGAAAGCCCCTAAGCTCCTGATCTATGCTGCATCCACTTTGCAAGGTGGGGTCCCATCAACGTTCAGCGGCAGTGGATCTGGGACAGAATTCACTCTCACAATCAGCAGCCTGCAGCCTGAAGATTTTGCAACTTATTACTGTCAGCACCTGAACGACTACCCCCTGTTCGGCGGAGGGACCAGGGTGGAGATCAAA
2218456,DIQMTQSPSPLSASVGDRVTITCQASQDIRNFLNWYQQKPGKAPKLLIHDASKLEAGVPSRFSGSGSGTDFTFTISSLQPEDIATYYC,IGKV1-33*01,DIQMTQSPSSLSASVGDRVTITCQASQDISNYLNWYQQKPGKAPKLLIYDASNLETGVPSRFSGSGSGTDFTFTISSLQPEDIATYYCQQYDN,88.17204301075269,11.0,"{9: ('S', 'P'), 29: ('S', 'R'), 31: ('Y', 'F'), 48: ('Y', 'H'), 52: ('N', 'K'), 55: ('T', 'A'), 88: ('Q', '-'), 89: ('Q', '-'), 90: ('Y', '-'), 91: ('D', '-'), 92: ('N', '-')}",GACATCCAGATGACCCAGTCTCCATCCCCCCTGTCTGCATCTGTAGGAGACAGAGTCACCATCACTTGCCAGGCGAGTCAGGACATTAGAAACTTTTTAAATTGGTATCAGCAGAAACCAGGGAAAGCCCCTAAGCTCCTGATCCACGATGCATCCAAGTTGGAAGCAGGGGTCCCATCAAGGTTCAGTGGAAGTGGATCTGGGACAGATTTTACTTTCACCATCAGCAGCCTGCAGCCTGAAGATATTGCAACATATTAC,0.4191363261927083,6,FGGGTKVEIK,IGKJ4*01,FGGGTKVEIK,100.0,0.0,{},TTCGGCGGAGGGACCAAGGTGGAGATCAAA,1.0,0,TGTCAGCAGTACGACAACCTGCCCCTGACC,QQYDNLPLT,GACATCCAGATGACCCAGTCTCCATCCCCCCTGTCTGCATCTGTAGGAGACAGAGTCACCATCACTTGCCAGGCGAGTCAGGACATTAGAAACTTTTTAAATTGGTATCAGCAGAAACCAGGGAAAGCCCCTAAGCTCCTGATCCACGATGCATCCAAGTTGGAAGCAGGGGTCCCATCAAGGTTCAGTGGAAGTGGATCTGGGACAGATTTTACTTTCACCATCAGCAGCCTGCAGCCTGAAGATATTGCAACATATTACTGTCAGCAGTACGACAACCTGCCCCTGACCTTCGGCGGAGGGACCAAGGTGGAGATCAAA
2217933,EIVLTQSPGTLSLSPGERATLSCRASQSVSSSYLAWYQQKPGQAPRLLIYGASSRATGIPDRFSGSGSGTDFTLTISRLEPEDSAVYYC,IGKV3-20*01,EIVLTQSPGTLSLSPGERATLSCRASQSVSSSYLAWYQQKPGQAPRLLIYGASSRATGIPDRFSGSGSGTDFTLTISRLEPEDFAVYYCQQYGS,93.61702127659575,6.0,"{83: ('F', 'S'), 89: ('Q', '-'), 90: ('Q', '-'), 91: ('Y', '-'), 92: ('G', '-'), 93: ('S', '-')}",GAAATTGTGTTGACGCAGTCTCCAGGCACCCTGTCTTTGTCTCCAGGGGAAAGAGCCACCCTCTCCTGCAGGGCCAGTCAGAGTGTTAGCAGCAGCTACTTAGCCTGGTACCAGCAGAAACCTGGCCAGGCTCCCAGGCTCCTCATCTATGGTGCATCCAGCAGGGCCACTGGCATCCCAGACAGGTTCAGTGGCAGTGGGTCTGGGACAGACTTCACTCTCACCATCAGCAGACTGGAGCCTGAAGATTCTGCAGTGTATTAC,0.6992519257437501,1,FGQGTKLEIK,IGKJ2*01,FGQGTKLEIK,100.0,0.0,{},TTTGGCCAGGGGACCAAGCTGGAGATCAAA,1.0,0,TGTCAGCAGTACGGCAGCAGCTACACC,QQYGSSYT,GAAATTGTGTTGACGCAGTCTCCAGGCACCCTGTCTTTGTCTCCAGGGGAAAGAGCCACCCTCTCCTGCAGGGCCAGTCAGAGTGTTAGCAGCAGCTACTTAGCCTGGTACCAGCAGAAACCTGGCCAGGCTCCCAGGCTCCTCATCTATGGTGCATCCAGCAGGGCCACTGGCATCCCAGACAGGTTCAGTGGCAGTGGGTCTGGGACAGACTTCACTCTCACCATCAGCAGACTGGAGCCTGAAGATTCTGCAGTGTATTACTGTCAGCAGTACGGCAGCAGCTACACCTTTGGCCAGGGGACCAAGCTGGAGATCAAA
2186582,DIQMTQSPSALSASVGDRVTITCQASQDINKFLNWYQQKPGKAPKLLIYDASNLETGVPSRFSGGGSGTDFTFTISSLQPEDIATYYC,IGKV1-33*01,DIQMTQSPSSLSASVGDRVTITCQASQDISNYLNWYQQKPGKAPKLLIYDASNLETGVPSRFSGSGSGTDFTFTISSLQPEDIATYYCQQYDN,89.24731182795699,10.0,"{9: ('S', 'A'), 29: ('S', 'N'), 30: ('N', 'K'), 31: ('Y', 'F'), 64: ('S', 'G'), 88: ('Q', '-'), 89: ('Q', '-'), 90: ('Y', '-'), 91: ('D', '-'), 92: ('N', '-')}",GACATCCAGATGACCCAGTCTCCATCCGCCCTGTCTGCATCTGTAGGAGACAGAGTCACCATCACTTGCCAGGCGAGTCAGGACATTAACAAGTTTTTAAATTGGTATCAGCAGAAACCAGGGAAAGCCCCTAAGCTCCTGATCTACGATGCATCCAATTTGGAAACAGGGGTCCCATCAAGGTTCAGTGGAGGTGGATCTGGGACAGATTTTACTTTCACCATCAGCAGCCTGCAGCCTGAAGATATTGCAACATATTAC,0.39441004826500003,5,FGQGTKVELK,IGKJ1*01,FGQGTKVEIK,90.0,1.0,"{8: ('I', 'L')}",TTCGGCCAAGGGACCAAGGTGGAACTCAAA,0.27093613465,1,TGTCACCAGTACGACAACCTGCCCAGGACC,HQYDNLPRT,GACATCCAGATGACCCAGTCTCCATCCGCCCTGTCTGCATCTGTAGGAGACAGAGTCACCATCACTTGCCAGGCGAGTCAGGACATTAACAAGTTTTTAAATTGGTATCAGCAGAAACCAGGGAAAGCCCCTAAGCTCCTGATCTACGATGCATCCAATTTGGAAACAGGGGTCCCATCAAGGTTCAGTGGAGGTGGATCTGGGACAGATTTTACTTTCACCATCAGCAGCCTGCAGCCTGAAGATATTGCAACATATTACTGTCACCAGTACGACAACCTGCCCAGGACCTTCGGCCAAGGGACCAAGGTGGAACTCAAA
2144729,DIQLTQSPSFLSASVGDRVTITCRASQGISSYLAWYQQKPGKAPKLLIYGASTLQSGVPSRFSGSGSGTEFKLTISSLQPEDFATYYC,IGKV1-9*01,DIQLTQSPSFLSASVGDRVTITCRASQGISSYLAWYQQKPGKAPKLLIYAASTLQSGVPSRFSGSGSGTEFTLTISSLQPEDFATYYCQQLNS,92.47311827956989,7.0,"{49: ('A', 'G'), 71: ('T', 'K'), 88: ('Q', '-'), 89: ('Q', '-'), 90: ('L', '-'), 91: ('N', '-'), 92: ('S', '-')}",GACATCCAGTTGACCCAGTCTCCATCCTTCCTGTCTGCATCTGTAGGAGACAGAGTCACCATCACTTGCCGGGCCAGTCAGGGCATTAGCAGTTATTTAGCCTGGTATCAGCAAAAACCAGGGAAAGCCCCTAAGCTCCTGATCTATGGTGCATCCACTTTGCAAAGTGGGGTCCCATCAAGGTTCAGCGGCAGTGGATCTGGGACAGAATTCAAGCTCACAATCAGCAGCCTGCAGCCTGAAGATTTTGCAACTTATTAC,0.35938930406562497,3,FGQGTRLEIK,IGKJ5*01,FGQGTRLEIK,100.0,0.0,{},TTCGGCCAAGGGACACGACTGGAGATTAAA,1.0,0,TGTCAGCAGCTGAACAACTACCCCCCCGTGACC,QQLNNYPPVT,GACATCCAGTTGACCCAGTCTCCATCCTTCCTGTCTGCATCTGTAGGAGACAGAGTCACCATCACTTGCCGGGCCAGTCAGGGCATTAGCAGTTATTTAGCCTGGTATCAGCAAAAACCAGGGAAAGCCCCTAAGCTCCTGATCTATGGTGCATCCACTTTGCAAAGTGGGGTCCCATCAAGGTTCAGCGGCAGTGGATCTGGGACAGAATTCAAGCTCACAATCAGCAGCCTGCAGCCTGAAGATTTTGCAACTTATTACTGTCAGCAGCTGAACAACTACCCCCCCGTGACCTTCGGCCAAGGGACACGACTGGAGATTAAA
2135060,QSVLTQPASVSGSPGQSITISCTGTSSDVGGYNFVSWYQQHPGKAPKLMIYEVSDRPSGVSSRFSGSKSGNTASLTISGLQAEDEADYYC,IGLV2-14*01,QSALTQPASVSGSPGQSITISCTGTSSDVGGYNYVSWYQQHPGKAPKLMIYEVSNRPSGVSNRFSGSKSGNTASLTISGLQAEDEADYYCSSYTSSS,88.65979381443299,11.0,"{2: ('A', 'V'), 33: ('Y', 'F'), 54: ('N', 'D'), 61: ('N', 'S'), 90: ('S', '-'), 91: ('S', '-'), 92: ('Y', '-'), 93: ('T', '-'), 94: ('S', '-'), 95: ('S', '-'), 96: ('S', '-')}",CAGTCTGTCCTGACTCAGCCTGCCTCCGTGTCTGGGTCTCCTGGACAGTCGATCACCATCTCCTGCACTGGAACCAGCAGTGACGTTGGTGGTTATAACTTTGTCTCCTGGTACCAACAGCACCCAGGCAAAGCCCCCAAACTCATGATTTATGAGGTCAGTGATCGGCCCTCAGGGGTTTCTAGTCGCTTCTCTGGCTCCAAGTCTGGCAACACGGCCTCCCTGACCATCTCTGGGCTCCAGGCTGAGGACGAGGCTGATTATTAC,0.4543125458890625,4,FGGGTKLTVL,IGLJ2*01,FGGGTKLTVL,100.0,0.0,{},TTCGGCGGAGGGACCAAGCTGACCGTCCTA,1.0,0,TGCTTCAGCTACACCACCAGCACCACCTGGGTG,FSYTTSTTWV,CAGTCTGTCCTGACTCAGCCTGCCTCCGTGTCTGGGTCTCCTGGACAGTCGATCACCATCTCCTGCACTGGAACCAGCAGTGACGTTGGTGGTTATAACTTTGTCTCCTGGTACCAACAGCACCCAGGCAAAGCCCCCAAACTCATGATTTATGAGGTCAGTGATCGGCCCTCAGGGGTTTCTAGTCGCTTCTCTGGCTCCAAGTCTGGCAACACGGCCTCCCTGACCATCTCTGGGCTCCAGGCTGAGGACGAGGCTGATTATTACTGCTTCAGCTACACCACCAGCACCACCTGGGTGTTCGGCGGAGGGACCAAGCTGACCGTCCTA
2135057,NFMLTQPHSMSESPGKTVTISCTRSSGSIASNYVQWYQQRPGSSPTTVIYEDNQRPSGVPDRFSGSIDSSSNSASLTISGLKTEDEADYYC,IGLV6-57*01,NFMLTQPHSVSESPGKTVTISCTRSSGSIASNYVQWYQQRPGSSPTTVIYEDNQRPSGVPDRFSGSIDSSSNSASLTISGLKTEDEADYYCQSYDS,93.75,6.0,"{9: ('V', 'M'), 91: ('Q', '-'), 92: ('S', '-'), 93: ('Y', '-'), 94: ('D', '-'), 95: ('S', '-')}",AATTTTATGCTGACTCAGCCCCACTCTATGTCGGAGTCTCCGGGGAAGACGGTAACCATCTCCTGCACCCGCAGCAGTGGCAGCATTGCCAGCAACTATGTGCAGTGGTACCAGCAGCGCCCGGGCAGTTCCCCCACCACTGTGATCTATGAGGATAACCAAAGACCCTCTGGGGTCCCTGATCGGTTCTCTGGCTCCATCGACAGCTCCTCCAACTCTGCCTCCCTCACCATCTCTGGACTGAAGACTGAGGACGAGGCTGACTACTAC,0.44667188636875,1,FGGGTKLTVL,IGLJ2*01,FGGGTKLTVL,100.0,0.0,{},TTCGGCGGAGGGACCAAGCTGACCGTCCTA,1.0,0,TGTCAGAGCTACGACAGCAGCAGCTGGGTG,QSYDSSSWV,AATTTTATGCTGACTCAGCCCCACTCTATGTCGGAGTCTCCGGGGAAGACGGTAACCATCTCCTGCACCCGCAGCAGTGGCAGCATTGCCAGCAACTATGTGCAGTGGTACCAGCAGCGCCCGGGCAGTTCCCCCACCACTGTGATCTATGAGGATAACCAAAGACCCTCTGGGGTCCCTGATCGGTTCTCTGGCTCCATCGACAGCTCCTCCAACTCTGCCTCCCTCACCATCTCTGGACTGAAGACTGAGGACGAGGCTGACTACTACTGTCAGAGCTACGACAGCAGCAGCTGGGTGTTCGGCGGAGGGACCAAGCTGACCGTCCTA
2134997,DIQLTQSPSFLSASVGDRVTITCRASQGISSYLAWYQQKPGKAPKLLIYAASTLQSGVPSRFSGSGSGTEFTLTISSLQPEDFATYYC,IGKV1-9*01,DIQLTQSPSFLSASVGDRVTITCRASQGISSYLAWYQQKPGKAPKLLIYAASTLQSGVPSRFSGSGSGTEFTLTISSLQPEDFATYYCQQLNS,94.6236559139785,5.0,"{88: ('Q', '-'), 89: ('Q', '-'), 90: ('L', '-'), 91: ('N', '-'), 92: ('S', '-')}",GACATCCAGTTGACCCAGTCTCCATCCTTCCTGTCTGCATCTGTAGGAGACAGAGTCACCATCACTTGCCGGGCCAGTCAGGGCATTAGCAGTTATTTAGCCTGGTATCAGCAAAAACCAGGGAAAGCCCCTAAGCTCCTGATCTATGCTGCATCCACTTTGCAAAGTGGGGTCCCATCAAGGTTCAGCGGCAGTGGATCTGGGACAGAATTCACTCTCACAATCAGCAGCCTGCAGCCTGAAGATTTTGCAACTTATTAC,1.0,0,FGLGTKVEIK,IGKJ4*01,FGGGTKVEIK,90.0,1.0,"{2: ('G', 'L')}",TTCGGCCTAGGGACCAAGGTGGAGATCAAA,0.3432008588625,2,TGTCTGCACCTGAACAGCTACAGGACC,LHLNSYRT,GACATCCAGTTGACCCAGTCTCCATCCTTCCTGTCTGCATCTGTAGGAGACAGAGTCACCATCACTTGCCGGGCCAGTCAGGGCATTAGCAGTTATTTAGCCTGGTATCAGCAAAAACCAGGGAAAGCCCCTAAGCTCCTGATCTATGCTGCATCCACTTTGCAAAGTGGGGTCCCATCAAGGTTCAGCGGCAGTGGATCTGGGACAGAATTCACTCTCACAATCAGCAGCCTGCAGCCTGAAGATTTTGCAACTTATTACTGTCTGCACCTGAACAGCTACAGGACCTTCGGCCTAGGGACCAAGGTGGAGATCAAA
2134982,QSVLTQPPSVSGAPGQRVTISCTGSSSNIGAGYDVHWYQQLPGTAPKLLIYGNSNRPSGVPDRFSGSKSGTSASLAITGLQAEDETDYYC,IGLV1-40*01,QSVLTQPPSVSGAPGQRVTISCTGSSSNIGAGYDVHWYQQLPGTAPKLLIYGNSNRPSGVPDRFSGSKSGTSASLAITGLQAEDEADYYCQSYDSSL,91.75257731958763,8.0,"{85: ('A', 'T'), 90: ('Q', '-'), 91: ('S', '-'), 92: ('Y', '-'), 93: ('D', '-'), 94: ('S', '-'), 95: ('S', '-'), 96: ('L', '-')}",CAGTCTGTGCTGACGCAGCCGCCCTCAGTGTCTGGGGCCCCAGGGCAGAGGGTCACCATCTCCTGCACTGGGAGCAGCTCCAACATCGGGGCAGGTTATGATGTACACTGGTACCAGCAGCTTCCAGGAACAGCCCCCAAACTCCTCATCTATGGTAACAGCAATCGGCCCTCAGGGGTCCCTGACCGATTCTCTGGCTCCAAGTCTGGCACCTCAGCCTCCCTGGCCATCACTGGGCTCCAGGCTGAGGATGAGACTGATTATTAC,0.6267669227249999,1,FGGGTKLTVL,IGLJ2*01,FGGGTKLTVL,100.0,0.0,{},TTCGGCGGAGGGACCAAGCTGACCGTCCTA,1.0,0,TGCCAGAGCTGCGACAGCAGCCTGAGCGTGGTGGTG,QSCDSSLSVVV,CAGTCTGTGCTGACGCAGCCGCCCTCAGTGTCTGGGGCCCCAGGGCAGAGGGTCACCATCTCCTGCACTGGGAGCAGCTCCAACATCGGGGCAGGTTATGATGTACACTGGTACCAGCAGCTTCCAGGAACAGCCCCCAAACTCCTCATCTATGGTAACAGCAATCGGCCCTCAGGGGTCCCTGACCGATTCTCTGGCTCCAAGTCTGGCACCTCAGCCTCCCTGGCCATCACTGGGCTCCAGGCTGAGGATGAGACTGATTATTACTGCCAGAGCTGCGACAGCAGCCTGAGCGTGGTGGTGTTCGGCGGAGGGACCAAGCTGACCGTCCTA
2134978,LPVLTQPPSASGTPGQRVTISCSGSSSNVENDNVNWFQQQVPGSTPKLVIYNDRLRPSGVPDRFSGSKSGTSAYLAISGLQSEDEADYYC,IGLV1-44*02,QSVLTQPPSASGTPGQRVTISCSGSSSNIGSNTVNW-YQQLPGTGPKLLIYSNNQRPSGVPDRFSGSKSGTSASLAISGLQSEDEADYYCAAWDDSL,72.16494845360825,27.0,"{0: ('Q', 'L'), 1: ('S', 'P'), 28: ('I', 'V'), 29: ('G', 'E'), 30: ('S', 'N'), 31: ('N', 'D'), 32: ('T', 'N'), 36: ('-', 'F'), 37: ('Y', 'Q'), 40: ('L', 'V'), 43: ('T', 'S'), 44: ('G', 'T'), 48: ('L', 'V'), 51: ('S', 'N'), 52: ('N', 'D'), 53: ('N', 'R'), 54: ('Q', 'L'), 73: ('S', 'Y'), 90: ('A', '-'), 91: ('A', '-'), 92: ('W', '-'), 93: ('D', '-'), 94: ('D', '-'), 95: ('S', '-'), 96: ('L', '-')}",CTGCCTGTGCTGACTCAGCCACCCTCAGCGTCTGGGACCCCCGGGCAGAGGGTCACCATCTCTTGTTCTGGAAGCAGCTCCAACGTCGAAAATGATAATGTAAACTGGTTTCAGCAGCAGGTACCAGGAAGCACCCCCAAACTCGTCATCTATAATGATCGGCTGCGGCCCTCAGGGGTCCCTGACCGATTCTCTGGCTCCAAGTCTGGCACCTCAGCCTACCTGGCCATCAGTGGGCTCCAGTCTGAGGATGAGGCTGATTATTAC,0.4532489585231617,18,FGTGTKVTVL,IGLJ1*01,FGTGTKVTVL,100.0,0.0,{},TTCGGAACTGGGACCAAGGTCACCGTCCTA,1.0,0,TGTGTGGCCTGGGACGCCAGCCTGCAGAGCTACGTG,VAWDASLQSYV,CTGCCTGTGCTGACTCAGCCACCCTCAGCGTCTGGGACCCCCGGGCAGAGGGTCACCATCTCTTGTTCTGGAAGCAGCTCCAACGTCGAAAATGATAATGTAAACTGGTTTCAGCAGCAGGTACCAGGAAGCACCCCCAAACTCGTCATCTATAATGATCGGCTGCGGCCCTCAGGGGTCCCTGACCGATTCTCTGGCTCCAAGTCTGGCACCTCAGCCTACCTGGCCATCAGTGGGCTCCAGTCTGAGGATGAGGCTGATTATTACTGTGTGGCCTGGGACGCCAGCCTGCAGAGCTACGTGTTCGGAACTGGGACCAAGGTCACCGTCCTA
2134977,DIQLTQSPSSLSASVGDRVTITCRASQGISSYLAWYQQKPGKAPKLLIYAASTLQSGVPSRFSGSGSGTDFTLTISSLQPEDFATYYC,IGKV1-9*01,DIQLTQSPSFLSASVGDRVTITCRASQGISSYLAWYQQKPGKAPKLLIYAASTLQSGVPSRFSGSGSGTEFTLTISSLQPEDFATYYCQQLNS,92.47311827956989,7.0,"{9: ('F', 'S'), 69: ('E', 'D'), 88: ('Q', '-'), 89: ('Q', '-'), 90: ('L', '-'), 91: ('N', '-'), 92: ('S', '-')}",GACATCCAGTTGACCCAGTCTCCATCCTCCCTGTCTGCATCTGTAGGAGACAGAGTCACCATCACTTGCCGGGCCAGTCAGGGCATTAGCAGTTATTTAGCCTGGTATCAGCAAAAACCAGGGAAAGCCCCTAAGCTCCTGATCTATGCTGCATCCACTTTGCAAAGTGGGGTCCCATCAAGGTTCAGCGGCAGTGGATCTGGGACAGACTTCACTCTCACAATCAGCAGCCTGCAGCCTGAAGATTTTGCAACTTATTAC,0.3446294001125,2,FGQGTKLEIK,IGKJ2*01,FGQGTKLEIK,100.0,0.0,{},TTTGGCCAGGGGACCAAGCTGGAGATCAAA,1.0,0,TGTCAGCACCTGAACAGCTACCCCCCCGGCTACACC,QHLNSYPPGYT,GACATCCAGTTGACCCAGTCTCCATCCTCCCTGTCTGCATCTGTAGGAGACAGAGTCACCATCACTTGCCGGGCCAGTCAGGGCATTAGCAGTTATTTAGCCTGGTATCAGCAAAAACCAGGGAAAGCCCCTAAGCTCCTGATCTATGCTGCATCCACTTTGCAAAGTGGGGTCCCATCAAGGTTCAGCGGCAGTGGATCTGGGACAGACTTCACTCTCACAATCAGCAGCCTGCAGCCTGAAGATTTTGCAACTTATTACTGTCAGCACCTGAACAGCTACCCCCCCGGCTACACCTTTGGCCAGGGGACCAAGCTGGAGATCAAA
2134973,DIVMTQSPSFLSASVGDRVTITCRASQGISSYLAWYQQKPGKAPKLLIYAASTLQSGVPSRFSGSGSGTEFTLTISSLQPEDFATYYC,IGKV1-9*01,DIQLTQSPSFLSASVGDRVTITCRASQGISSYLAWYQQKPGKAPKLLIYAASTLQSGVPSRFSGSGSGTEFTLTISSLQPEDFATYYCQQLNS,92.47311827956989,7.0,"{2: ('Q', 'V'), 3: ('L', 'M'), 88: ('Q', '-'), 89: ('Q', '-'), 90: ('L', '-'), 91: ('N', '-'), 92: ('S', '-')}",GACATCGTGATGACCCAGTCTCCATCCTTCCTGTCTGCATCTGTAGGAGACAGAGTCACCATCACTTGCCGGGCCAGTCAGGGCATTAGCAGTTATTTAGCCTGGTATCAGCAAAAACCAGGGAAAGCCCCTAAGCTCCTGATCTATGCTGCATCCACTTTGCAAAGTGGGGTCCCATCAAGGTTCAGCGGCAGTGGATCTGGGACAGAATTCACTCTCACAATCAGCAGCCTGCAGCCTGAAGATTTTGCAACTTATTAC,0.3264537952625,3,FGPGTKVDIK,IGKJ3*01,FGPGTKVDIK,100.0,0.0,{},TTCGGCCCTGGGACCAAAGTGGATATCAAA,1.0,0,TGTCAGCAGCTGAACAGCTACCCCCCCTTCACC,QQLNSYPPFT,GACATCGTGATGACCCAGTCTCCATCCTTCCTGTCTGCATCTGTAGGAGACAGAGTCACCATCACTTGCCGGGCCAGTCAGGGCATTAGCAGTTATTTAGCCTGGTATCAGCAAAAACCAGGGAAAGCCCCTAAGCTCCTGATCTATGCTGCATCCACTTTGCAAAGTGGGGTCCCATCAAGGTTCAGCGGCAGTGGATCTGGGACAGAATTCACTCTCACAATCAGCAGCCTGCAGCCTGAAGATTTTGCAACTTATTACTGTCAGCAGCTGAACAGCTACCCCCCCTTCACCTTCGGCCCTGGGACCAAAGTGGATATCAAA
2060664,QPVLTQPPSVSGAPGQRITISCTGSSSNIGAGYDVHWYQQLPGTAPKLLIYGSSSRNSGVPDRFSGSKSGTSASLAITGLQAEDEADYYC,IGLV1-40*01,QSVLTQPPSVSGAPGQRVTISCTGSSSNIGAGYDVHWYQQLPGTAPKLLIYGNSNRPSGVPDRFSGSKSGTSASLAITGLQAEDEADYYCQSYDSSL,87.62886597938144,12.0,"{1: ('S', 'P'), 17: ('V', 'I'), 52: ('N', 'S'), 54: ('N', 'S'), 56: ('P', 'N'), 90: ('Q', '-'), 91: ('S', '-'), 92: ('Y', '-'), 93: ('D', '-'), 94: ('S', '-'), 95: ('S', '-'), 96: ('L', '-')}",CAGCCTGTGCTGACGCAGCCGCCCTCAGTGTCTGGGGCCCCAGGGCAGAGGATCACCATCTCCTGCACTGGGAGCAGCTCCAACATCGGGGCAGGTTATGATGTACACTGGTACCAGCAGCTTCCAGGAACAGCCCCCAAACTCCTCATCTATGGTAGCAGCAGTCGGAACTCAGGGGTCCCTGACCGATTCTCTGGCTCCAAGTCTGGCACCTCAGCCTCCCTGGCCATCACTGGGCTCCAGGCTGAGGATGAGGCTGATTATTAC,0.511907131555,6,FGTGTKVTVL,IGLJ1*01,FGTGTKVTVL,100.0,0.0,{},TTCGGAACTGGGACCAAGGTCACCGTCCTA,1.0,0,TGCCAGAGCTACGACAGCAGCCTGAGCGTGCTGTACACC,QSYDSSLSVLYT,CAGCCTGTGCTGACGCAGCCGCCCTCAGTGTCTGGGGCCCCAGGGCAGAGGATCACCATCTCCTGCACTGGGAGCAGCTCCAACATCGGGGCAGGTTATGATGTACACTGGTACCAGCAGCTTCCAGGAACAGCCCCCAAACTCCTCATCTATGGTAGCAGCAGTCGGAACTCAGGGGTCCCTGACCGATTCTCTGGCTCCAAGTCTGGCACCTCAGCCTCCCTGGCCATCACTGGGCTCCAGGCTGAGGATGAGGCTGATTATTACTGCCAGAGCTACGACAGCAGCCTGAGCGTGCTGTACACCTTCGGAACTGGGACCAAGGTCACCGTCCTA
2060661,QPVLTQPPSVSGAPGQRITISCTGSSSNIGAGYDVHWYQQLPGTAPKLLIYGSSSRPSGVPDRFSGSKSGTSASLAITGLQAEDEADYYC,IGLV1-40*01,QSVLTQPPSVSGAPGQRVTISCTGSSSNIGAGYDVHWYQQLPGTAPKLLIYGNSNRPSGVPDRFSGSKSGTSASLAITGLQAEDEADYYCQSYDSSL,88.65979381443299,11.0,"{1: ('S', 'P'), 17: ('V', 'I'), 52: ('N', 'S'), 54: ('N', 'S'), 90: ('Q', '-'), 91: ('S', '-'), 92: ('Y', '-'), 93: ('D', '-'), 94: ('S', '-'), 95: ('S', '-'), 96: ('L', '-')}",CAGCCTGTGCTGACGCAGCCGCCCTCAGTGTCTGGGGCCCCAGGGCAGAGGATCACCATCTCCTGCACTGGGAGCAGCTCCAACATCGGGGCAGGTTATGATGTACACTGGTACCAGCAGCTTCCAGGAACAGCCCCCAAACTCCTCATCTATGGTAGCAGCAGTCGGCCCTCAGGGGTCCCTGACCGATTCTCTGGCTCCAAGTCTGGCACCTCAGCCTCCCTGGCCATCACTGGGCTCCAGGCTGAGGATGAGGCTGATTATTAC,0.49413183295625,4,FGTGTKVTVL,IGLJ1*01,FGTGTKVTVL,100.0,0.0,{},TTCGGAACTGGGACCAAGGTCACCGTCCTA,1.0,0,TGCCAGAGCTACGACAGCAGCCTGAGCGTGCTGTACGTG,QSYDSSLSVLYV,CAGCCTGTGCTGACGCAGCCGCCCTCAGTGTCTGGGGCCCCAGGGCAGAGGATCACCATCTCCTGCACTGGGAGCAGCTCCAACATCGGGGCAGGTTATGATGTACACTGGTACCAGCAGCTTCCAGGAACAGCCCCCAAACTCCTCATCTATGGTAGCAGCAGTCGGCCCTCAGGGGTCCCTGACCGATTCTCTGGCTCCAAGTCTGGCACCTCAGCCTCCCTGGCCATCACTGGGCTCCAGGCTGAGGATGAGGCTGATTATTACTGCCAGAGCTACGACAGCAGCCTGAGCGTGCTGTACGTGTTCGGAACTGGGACCAAGGTCACCGTCCTA
1597632,EIVLTQSPGTLSLSPGERATLSCRASQSVSSSYLAWYQQKPGQAPRLLIYGASSRATGIPDRFSGSGSGTDFTLTISRLEPEDFAVYYC,IGKV3-20*01,EIVLTQSPGTLSLSPGERATLSCRASQSVSSSYLAWYQQKPGQAPRLLIYGASSRATGIPDRFSGSGSGTDFTLTISRLEPEDFAVYYCQQYGS,94.68085106382979,5.0,"{89: ('Q', '-'), 90: ('Q', '-'), 91: ('Y', '-'), 92: ('G', '-'), 93: ('S', '-')}",GAAATTGTGTTGACGCAGTCTCCAGGCACCCTGTCTTTGTCTCCAGGGGAAAGAGCCACCCTCTCCTGCAGGGCCAGTCAGAGTGTTAGCAGCAGCTACTTAGCCTGGTACCAGCAGAAACCTGGCCAGGCTCCCAGGCTCCTCATCTATGGTGCATCCAGCAGGGCCACTGGCATCCCAGACAGGTTCAGTGGCAGTGGGTCTGGGACAGACTTCACTCTCACCATCAGCAGACTGGAGCCTGAAGATTTTGCAGTGTATTAC,1.0,0,FGQGTKVEIK,IGKJ1*01,FGQGTKVEIK,100.0,0.0,{},TTCGGCCAAGGGACCAAGGTGGAAATCAAA,1.0,0,TGTCAGCAGTACGGCAGCAGCCCCGGCACC,QQYGSSPGT,GAAATTGTGTTGACGCAGTCTCCAGGCACCCTGTCTTTGTCTCCAGGGGAAAGAGCCACCCTCTCCTGCAGGGCCAGTCAGAGTGTTAGCAGCAGCTACTTAGCCTGGTACCAGCAGAAACCTGGCCAGGCTCCCAGGCTCCTCATCTATGGTGCATCCAGCAGGGCCACTGGCATCCCAGACAGGTTCAGTGGCAGTGGGTCTGGGACAGACTTCACTCTCACCATCAGCAGACTGGAGCCTGAAGATTTTGCAGTGTATTACTGTCAGCAGTACGGCAGCAGCCCCGGCACCTTCGGCCAAGGGACCAAGGTGGAAATCAAA
1397527,QSALTQPASVSGSPGQSITISCTGTSSDVGSYNYVSWYQQHPGKAPKLMIYDVTKRPSGVPDRFSGSKSGNTASLTISGLQAEDEADYYC,IGLV2-14*01_g168t_t198g_c337t,QSALTQPASVSGSPGQSITISCTGTSSDVGGYNYVSWYQQHPGKAPKLMIYDVSKRPSGVSNRFSGSKSGNTASLTISGLQAEDEADYYCSSYTSSS,88.65979381443299,11.0,"{30: ('G', 'S'), 53: ('S', 'T'), 60: ('S', 'P'), 61: ('N', 'D'), 90: ('S', '-'), 91: ('S', '-'), 92: ('Y', '-'), 93: ('T', '-'), 94: ('S', '-'), 95: ('S', '-'), 96: ('S', '-')}",CAGTCTGCCCTGACTCAGCCTGCCTCCGTGTCTGGGTCTCCTGGACAGTCGATCACCATCTCCTGCACTGGAACCAGCAGTGACGTTGGTAGTTATAACTATGTCTCCTGGTACCAACAGCACCCAGGCAAAGCCCCCAAACTCATGATTTATGATGTCACTAAGCGGCCCTCAGGGGTTCCTGATCGCTTCTCTGGCTCCAAGTCTGGCAACACGGCCTCCCTGACCATCTCTGGGCTCCAGGCTGAGGACGAGGCTGATTATTAC,0.477418366109375,4,FGGGTKLTVL,IGLJ2*01,FGGGTKLTVL,100.0,0.0,{},TTCGGCGGAGGGACCAAGCTGACCGTCCTA,1.0,0,TGCAGCAGCTACACCAGCAGCAGCACCTGGGTG,SSYTSSSTWV,CAGTCTGCCCTGACTCAGCCTGCCTCCGTGTCTGGGTCTCCTGGACAGTCGATCACCATCTCCTGCACTGGAACCAGCAGTGACGTTGGTAGTTATAACTATGTCTCCTGGTACCAACAGCACCCAGGCAAAGCCCCCAAACTCATGATTTATGATGTCACTAAGCGGCCCTCAGGGGTTCCTGATCGCTTCTCTGGCTCCAAGTCTGGCAACACGGCCTCCCTGACCATCTCTGGGCTCCAGGCTGAGGACGAGGCTGATTATTACTGCAGCAGCTACACCAGCAGCAGCACCTGGGTGTTCGGCGGAGGGACCAAGCTGACCGTCCTA
1397524,DIQMTQSPSSLSASVGDRVTITCRASQSISSYLNWYQQKPGKAPKLLIFAASSLQTGAPSRFSGSGSGTDFTLTISSLQPEDFATYYC,IGKV1D-39*01,DIQMTQSPSSLSASVGDRVTITCRASQSISSYLNWYQQKPGKAPKLLIYAASSLQSGVPSRFSGSGSGTDFTLTISSLQPEDFATYYCQQSYS,91.39784946236558,8.0,"{48: ('Y', 'F'), 55: ('S', 'T'), 57: ('V', 'A'), 88: ('Q', '-'), 89: ('Q', '-'), 90: ('S', '-'), 91: ('Y', '-'), 92: ('S', '-')}",GACATCCAGATGACCCAGTCTCCATCCTCCCTGTCTGCATCTGTAGGAGACAGAGTCACCATCACTTGCCGGGCAAGTCAGAGCATTAGCAGCTATTTAAATTGGTATCAGCAGAAACCAGGGAAAGCCCCTAAGCTCCTGATCTTTGCTGCATCCAGTTTGCAAACTGGGGCCCCATCAAGGTTCAGTGGCAGTGGATCTGGGACAGATTTCACTCTCACCATCAGCAGTCTGCAACCTGAAGATTTTGCAACTTACTAC,0.4277140722708333,3,FGQGTKLEIK,IGKJ2*01,FGQGTKLEIK,100.0,0.0,{},TTTGGCCAGGGGACCAAGCTGGAGATCAAA,1.0,0,TGTCAGCAGAGCTACAGCACCCCCCCCTACACC,QQSYSTPPYT,GACATCCAGATGACCCAGTCTCCATCCTCCCTGTCTGCATCTGTAGGAGACAGAGTCACCATCACTTGCCGGGCAAGTCAGAGCATTAGCAGCTATTTAAATTGGTATCAGCAGAAACCAGGGAAAGCCCCTAAGCTCCTGATCTTTGCTGCATCCAGTTTGCAAACTGGGGCCCCATCAAGGTTCAGTGGCAGTGGATCTGGGACAGATTTCACTCTCACCATCAGCAGTCTGCAACCTGAAGATTTTGCAACTTACTACTGTCAGCAGAGCTACAGCACCCCCCCCTACACCTTTGGCCAGGGGACCAAGCTGGAGATCAAA
1392553,DIQMTQSPSSVSASVGDRVTITCRASQGISSWLAWYQQKPGKAPKLLIYAASSLQSGVPSRFSGSGSGTDFTLTISSLQPEDFATYYC,IGKV1-12*01,DIQMTQSPSSVSASVGDRVTITCRASQGISSWLAWYQQKPGKAPKLLIYAASSLQSGVPSRFSGSGSGTDFTLTISSLQPEDFATYYCQQANS,94.6236559139785,5.0,"{88: ('Q', '-'), 89: ('Q', '-'), 90: ('A', '-'), 91: ('N', '-'), 92: ('S', '-')}",GACATCCAGATGACCCAGTCTCCATCTTCCGTGTCTGCATCTGTAGGAGACAGAGTCACCATCACTTGTCGGGCGAGTCAGGGTATTAGCAGCTGGTTAGCCTGGTATCAGCAGAAACCAGGGAAAGCCCCTAAGCTCCTGATCTATGCTGCATCCAGTTTGCAAAGTGGGGTCCCATCAAGGTTCAGCGGCAGTGGATCTGGGACAGATTTCACTCTCACCATCAGCAGCCTGCAGCCTGAAGATTTTGCAACTTACTAT,1.0,0,FGQGTKLEIK,IGKJ2*01,FGQGTKLEIK,100.0,0.0,{},TTTGGCCAGGGGACCAAGCTGGAGATCAAA,1.0,0,TGTCAGGAGGCCAACAGCTTCCCCTACACC,QEANSFPYT,GACATCCAGATGACCCAGTCTCCATCTTCCGTGTCTGCATCTGTAGGAGACAGAGTCACCATCACTTGTCGGGCGAGTCAGGGTATTAGCAGCTGGTTAGCCTGGTATCAGCAGAAACCAGGGAAAGCCCCTAAGCTCCTGATCTATGCTGCATCCAGTTTGCAAAGTGGGGTCCCATCAAGGTTCAGCGGCAGTGGATCTGGGACAGATTTCACTCTCACCATCAGCAGCCTGCAGCCTGAAGATTTTGCAACTTACTATTGTCAGGAGGCCAACAGCTTCCCCTACACCTTTGGCCAGGGGACCAAGCTGGAGATCAAA
1347915,QSALTQPPSASGSPGQSVTISCTGTSSDVGGYNYVSWYQQHPGKAPKLMIYEVSKRPSGVPDRFSGSKSGNTASLTVSGLQAEDEADYYC,IGLV2-8*01,QSALTQPPSASGSPGQSVTISCTGTSSDVGGYNYVSWYQQHPGKAPKLMIYEVSKRPSGVPDRFSGSKSGNTASLTVSGLQAEDEADYYCSSYAGSN,92.78350515463917,7.0,"{90: ('S', '-'), 91: ('S', '-'), 92: ('Y', '-'), 93: ('A', '-'), 94: ('G', '-'), 95: ('S', '-'), 96: ('N', '-')}",CAGTCTGCCCTGACTCAGCCTCCCTCCGCGTCCGGGTCTCCTGGACAGTCAGTCACCATCTCCTGCACTGGAACCAGCAGTGACGTTGGTGGTTATAACTATGTCTCCTGGTACCAACAGCACCCAGGCAAAGCCCCCAAACTCATGATTTATGAGGTCAGTAAGCGGCCCTCAGGGGTCCCTGATCGCTTCTCTGGCTCCAAGTCTGGCAACACGGCCTCCCTGACCGTCTCTGGGCTCCAGGCTGAGGATGAGGCTGATTATTAC,1.0,0,FGGGTKLTVL,IGLJ2*01,FGGGTKLTVL,100.0,0.0,{},TTCGGCGGAGGGACCAAGCTGACCGTCCTA,1.0,0,TGCAGCAGCTACGCCGGCAGCAGGATGGGC,SSYAGSRMG,CAGTCTGCCCTGACTCAGCCTCCCTCCGCGTCCGGGTCTCCTGGACAGTCAGTCACCATCTCCTGCACTGGAACCAGCAGTGACGTTGGTGGTTATAACTATGTCTCCTGGTACCAACAGCACCCAGGCAAAGCCCCCAAACTCATGATTTATGAGGTCAGTAAGCGGCCCTCAGGGGTCCCTGATCGCTTCTCTGGCTCCAAGTCTGGCAACACGGCCTCCCTGACCGTCTCTGGGCTCCAGGCTGAGGATGAGGCTGATTATTACTGCAGCAGCTACGCCGGCAGCAGGATGGGCTTCGGCGGAGGGACCAAGCTGACCGTCCTA
1346823,AIQLTQSPSFLSASIGDRVTITCRASQGISSYLAWYQQKPGKAPKLLIYAASTLQSGVPSRFSGSGSGTEFTLTISSLQPEDFASYYC,IGKV1-9*01,DIQLTQSPSFLSASVGDRVTITCRASQGISSYLAWYQQKPGKAPKLLIYAASTLQSGVPSRFSGSGSGTEFTLTISSLQPEDFATYYCQQLNS,91.39784946236558,8.0,"{0: ('D', 'A'), 14: ('V', 'I'), 84: ('T', 'S'), 88: ('Q', '-'), 89: ('Q', '-'), 90: ('L', '-'), 91: ('N', '-'), 92: ('S', '-')}",GCCATCCAGTTGACCCAGTCTCCATCCTTCCTGTCTGCATCTATAGGAGACAGAGTCACCATCACTTGCCGGGCCAGTCAGGGCATTAGCAGTTATTTAGCCTGGTATCAGCAAAAACCAGGGAAAGCCCCTAAGCTCCTGATCTATGCTGCATCCACTTTGCAAAGTGGGGTCCCATCAAGGTTCAGCGGCAGTGGATCTGGGACAGAATTCACTCTCACAATCAGCAGCCTGCAGCCTGAAGATTTTGCAAGTTATTAC,0.38799626246875,3,FGPGTKVDIK,IGKJ3*01,FGPGTKVDIK,100.0,0.0,{},TTCGGCCCTGGGACCAAAGTGGATATCAAA,1.0,0,TGTCAGCAGCTGAACAGCTACCCCGCCCCCGTG,QQLNSYPAPV,GCCATCCAGTTGACCCAGTCTCCATCCTTCCTGTCTGCATCTATAGGAGACAGAGTCACCATCACTTGCCGGGCCAGTCAGGGCATTAGCAGTTATTTAGCCTGGTATCAGCAAAAACCAGGGAAAGCCCCTAAGCTCCTGATCTATGCTGCATCCACTTTGCAAAGTGGGGTCCCATCAAGGTTCAGCGGCAGTGGATCTGGGACAGAATTCACTCTCACAATCAGCAGCCTGCAGCCTGAAGATTTTGCAAGTTATTACTGTCAGCAGCTGAACAGCTACCCCGCCCCCGTGTTCGGCCCTGGGACCAAAGTGGATATCAAA
1346822,EIVMTQSPSSLSASVGDRVTITCRASQGISSYLAWYQQKPGKAPKLLIYAASTLQSGVPSRFSGSGSGTDFTLTISSLQPEDFATYYC,IGKV1-8*03,AIRMTQSPSSLSASTGDRVTITCRASQGISSYLAWYQQKPGKAPKLLIYAASTLQSGVPSRFSGSGSGTDFTLTISCLQSEDFATYYCQQYYS,89.24731182795699,10.0,"{0: ('A', 'E'), 2: ('R', 'V'), 14: ('T', 'V'), 76: ('C', 'S'), 79: ('S', 'P'), 88: ('Q', '-'), 89: ('Q', '-'), 90: ('Y', '-'), 91: ('Y', '-'), 92: ('S', '-')}",GAAATCGTGATGACCCAGTCTCCATCCTCACTCTCTGCATCTGTAGGAGACAGAGTCACCATCACTTGTCGGGCGAGTCAGGGTATTAGCAGTTATTTAGCCTGGTATCAGCAAAAACCAGGGAAAGCCCCTAAGCTCCTGATCTATGCTGCATCCACTTTGCAAAGTGGGGTCCCATCAAGGTTCAGCGGCAGTGGATCTGGGACAGATTTCACTCTCACCATCAGCTCCCTGCAGCCTGAAGATTTTGCAACTTATTAC,0.5414296022325,8,FGQGTKVDIK,IGKJ3*01,FGPGTKVDIK,90.0,1.0,"{2: ('P', 'Q')}",TTCGGCCAGGGGACCAAAGTGGATATCAAA,0.40030821229375,2,TGTCAGCAGCTGGACAGCTACCCCCCCGGCTACACC,QQLDSYPPGYT,GAAATCGTGATGACCCAGTCTCCATCCTCACTCTCTGCATCTGTAGGAGACAGAGTCACCATCACTTGTCGGGCGAGTCAGGGTATTAGCAGTTATTTAGCCTGGTATCAGCAAAAACCAGGGAAAGCCCCTAAGCTCCTGATCTATGCTGCATCCACTTTGCAAAGTGGGGTCCCATCAAGGTTCAGCGGCAGTGGATCTGGGACAGATTTCACTCTCACCATCAGCTCCCTGCAGCCTGAAGATTTTGCAACTTATTACTGTCAGCAGCTGGACAGCTACCCCCCCGGCTACACCTTCGGCCAGGGGACCAAAGTGGATATCAAA
1346821,DIVMTQSPSFLSASVGDRVTITCRASQGISSYLAWYQQKPGKAPKLLIQAASTLQSGVPSRFSGSGSGTEFTLTISSLQPEDFATYYC,IGKV1-9*01,DIQLTQSPSFLSASVGDRVTITCRASQGISSYLAWYQQKPGKAPKLLIYAASTLQSGVPSRFSGSGSGTEFTLTISSLQPEDFATYYCQQLNS,91.39784946236558,8.0,"{2: ('Q', 'V'), 3: ('L', 'M'), 48: ('Y', 'Q'), 88: ('Q', '-'), 89: ('Q', '-'), 90: ('L', '-'), 91: ('N', '-'), 92: ('S', '-')}",GACATCGTGATGACCCAGTCTCCATCCTTCCTGTCTGCATCTGTAGGAGACAGAGTCACCATCACTTGCCGGGCCAGTCAGGGCATTAGCAGTTATTTAGCCTGGTATCAGCAAAAACCAGGGAAAGCCCCTAAGCTCCTGATCCAGGCTGCATCCACTTTGCAAAGTGGGGTCCCATCAAGGTTCAGCGGCAGTGGATCTGGGACAGAATTCACTCTCACAATCAGCAGCCTGCAGCCTGAAGATTTTGCAACTTATTAC,0.45631555448958333,5,FGQGTKVEIK,IGKJ1*01,FGQGTKVEIK,100.0,0.0,{},TTCGGCCAAGGGACCAAGGTGGAAATCAAA,1.0,0,TGTCAGCAGCTGAACAGCTACAGGTACACC,QQLNSYRYT,GACATCGTGATGACCCAGTCTCCATCCTTCCTGTCTGCATCTGTAGGAGACAGAGTCACCATCACTTGCCGGGCCAGTCAGGGCATTAGCAGTTATTTAGCCTGGTATCAGCAAAAACCAGGGAAAGCCCCTAAGCTCCTGATCCAGGCTGCATCCACTTTGCAAAGTGGGGTCCCATCAAGGTTCAGCGGCAGTGGATCTGGGACAGAATTCACTCTCACAATCAGCAGCCTGCAGCCTGAAGATTTTGCAACTTATTACTGTCAGCAGCTGAACAGCTACAGGTACACCTTCGGCCAAGGGACCAAGGTGGAAATCAAA
1338222,DIQLTQSPSSLSASVGDRVTITCQASQDISNYLNWYQQRPGKAPKLLIYDASNLETGVPSRFSGSGSGTDFTFTISSLQPEDIATYYC,IGKV1-33*01,DIQMTQSPSSLSASVGDRVTITCQASQDISNYLNWYQQKPGKAPKLLIYDASNLETGVPSRFSGSGSGTDFTFTISSLQPEDIATYYCQQYDN,92.47311827956989,7.0,"{3: ('M', 'L'), 38: ('K', 'R'), 88: ('Q', '-'), 89: ('Q', '-'), 90: ('Y', '-'), 91: ('D', '-'), 92: ('N', '-')}",GACATCCAGCTGACCCAGTCTCCATCCTCCCTGTCTGCATCTGTAGGAGACAGAGTCACCATCACTTGCCAGGCGAGTCAGGACATTAGCAACTATTTAAATTGGTATCAGCAGAGACCAGGGAAAGCCCCTAAGCTCCTGATCTACGATGCATCCAATTTGGAAACAGGGGTCCCATCAAGGTTCAGTGGAAGTGGATCTGGGACAGATTTTACTTTCACCATCAGCAGCCTGCAGCCTGAAGATATTGCAACATATTAC,0.37358029918125,2,FGGGTKLEIK,IGKJ2*01,FGQGTKLEIK,90.0,1.0,"{2: ('Q', 'G')}",TTTGGCGGGGGGACCAAGCTGGAGATCAAA,0.7070335162749999,2,TGTCAGCAGTACGACAACCCCCCCCTGACC,QQYDNPPLT,GACATCCAGCTGACCCAGTCTCCATCCTCCCTGTCTGCATCTGTAGGAGACAGAGTCACCATCACTTGCCAGGCGAGTCAGGACATTAGCAACTATTTAAATTGGTATCAGCAGAGACCAGGGAAAGCCCCTAAGCTCCTGATCTACGATGCATCCAATTTGGAAACAGGGGTCCCATCAAGGTTCAGTGGAAGTGGATCTGGGACAGATTTTACTTTCACCATCAGCAGCCTGCAGCCTGAAGATATTGCAACATATTACTGTCAGCAGTACGACAACCCCCCCCTGACCTTTGGCGGGGGGACCAAGCTGGAGATCAAA
1338213,DIQMTQSPSSVSASVGDRVTITCRASQGISSWLAWYQQKPGKAPKLLIYAASSLQSGVPSRFSGSGSGTDFTLTISSLQPEDFATYYC,IGKV1-12*01,DIQMTQSPSSVSASVGDRVTITCRASQGISSWLAWYQQKPGKAPKLLIYAASSLQSGVPSRFSGSGSGTDFTLTISSLQPEDFATYYCQQANS,94.6236559139785,5.0,"{88: ('Q', '-'), 89: ('Q', '-'), 90: ('A', '-'), 91: ('N', '-'), 92: ('S', '-')}",GACATCCAGATGACCCAGTCTCCATCTTCCGTGTCTGCATCTGTAGGAGACAGAGTCACCATCACTTGTCGGGCGAGTCAGGGTATTAGCAGCTGGTTAGCCTGGTATCAGCAGAAACCAGGGAAAGCCCCTAAGCTCCTGATCTATGCTGCATCCAGTTTGCAAAGTGGGGTCCCATCAAGGTTCAGCGGCAGTGGATCTGGGACAGATTTCACTCTCACCATCAGCAGCCTGCAGCCTGAAGATTTTGCAACTTACTAT,1.0,0,FGPGTKVDIK,IGKJ3*01,FGPGTKVDIK,100.0,0.0,{},TTCGGCCCTGGGACCAAAGTGGATATCAAA,1.0,0,TGTCAGCAGGCCAACAGCTTCCCCGGCGGCACC,QQANSFPGGT,GACATCCAGATGACCCAGTCTCCATCTTCCGTGTCTGCATCTGTAGGAGACAGAGTCACCATCACTTGTCGGGCGAGTCAGGGTATTAGCAGCTGGTTAGCCTGGTATCAGCAGAAACCAGGGAAAGCCCCTAAGCTCCTGATCTATGCTGCATCCAGTTTGCAAAGTGGGGTCCCATCAAGGTTCAGCGGCAGTGGATCTGGGACAGATTTCACTCTCACCATCAGCAGCCTGCAGCCTGAAGATTTTGCAACTTACTATTGTCAGCAGGCCAACAGCTTCCCCGGCGGCACCTTCGGCCCTGGGACCAAAGTGGATATCAAA
1338212,DIQMTQSPSSLSASVGDRVTITCQASQDISNYLNWYQQKPGKAPKLLIYDASNLETGVPSRFSGSGSGTDFTFTISSLQPEDIATYYC,IGKV1-33*01,DIQMTQSPSSLSASVGDRVTITCQASQDISNYLNWYQQKPGKAPKLLIYDASNLETGVPSRFSGSGSGTDFTFTISSLQPEDIATYYCQQYDN,94.6236559139785,5.0,"{88: ('Q', '-'), 89: ('Q', '-'), 90: ('Y', '-'), 91: ('D', '-'), 92: ('N', '-')}",GACATCCAGATGACCCAGTCTCCATCCTCCCTGTCTGCATCTGTAGGAGACAGAGTCACCATCACTTGCCAGGCGAGTCAGGACATTAGCAACTATTTAAATTGGTATCAGCAGAAACCAGGGAAAGCCCCTAAGCTCCTGATCTACGATGCATCCAATTTGGAAACAGGGGTCCCATCAAGGTTCAGTGGAAGTGGATCTGGGACAGATTTTACTTTCACCATCAGCAGCCTGCAGCCTGAAGATATTGCAACATATTAC,1.0,0,FGQGTRLEIK,IGKJ5*01,FGQGTRLEIK,100.0,0.0,{},TTCGGCCAAGGGACACGACTGGAGATTAAA,1.0,0,TGTCAGCAGTACGACAACCTGCCCATCACC,QQYDNLPIT,GACATCCAGATGACCCAGTCTCCATCCTCCCTGTCTGCATCTGTAGGAGACAGAGTCACCATCACTTGCCAGGCGAGTCAGGACATTAGCAACTATTTAAATTGGTATCAGCAGAAACCAGGGAAAGCCCCTAAGCTCCTGATCTACGATGCATCCAATTTGGAAACAGGGGTCCCATCAAGGTTCAGTGGAAGTGGATCTGGGACAGATTTTACTTTCACCATCAGCAGCCTGCAGCCTGAAGATATTGCAACATATTACTGTCAGCAGTACGACAACCTGCCCATCACCTTCGGCCAAGGGACACGACTGGAGATTAAA
1335960,DIQLTQSPSSLSAFVGDRVTITCRASEGISSYLAWYQQKPGNAPKLLIYAASTLESGVPSRFSGSGSGTDFTLTISSLQPEDFATYYC,IGKV1-9*01,DIQLTQSPSFLSASVGDRVTITCRASQGISSYLAWYQQKPGKAPKLLIYAASTLQSGVPSRFSGSGSGTEFTLTISSLQPEDFATYYCQQLNS,88.17204301075269,11.0,"{9: ('F', 'S'), 13: ('S', 'F'), 26: ('Q', 'E'), 41: ('K', 'N'), 54: ('Q', 'E'), 69: ('E', 'D'), 88: ('Q', '-'), 89: ('Q', '-'), 90: ('L', '-'), 91: ('N', '-'), 92: ('S', '-')}",GACATCCAGTTGACCCAGTCTCCATCCTCCCTGTCTGCATTTGTAGGAGACAGAGTCACCATCACTTGCCGGGCCAGTGAGGGCATTAGCAGTTATTTAGCCTGGTATCAGCAAAAACCAGGGAACGCCCCTAAGCTCCTGATCTATGCTGCATCCACTTTGGAAAGTGGGGTCCCATCAAGGTTCAGCGGCAGTGGATCTGGGACAGACTTCACTCTCACAATCAGCAGCCTGCAGCCTGAAGATTTTGCAACTTATTAC,0.32944184144999994,6,FGQGTKLEIK,IGKJ2*01,FGQGTKLEIK,100.0,0.0,{},TTTGGCCAGGGGACCAAGCTGGAGATCAAA,1.0,0,TGTCAGCAGCTGAACAGCTACCCCGGCACC,QQLNSYPGT,GACATCCAGTTGACCCAGTCTCCATCCTCCCTGTCTGCATTTGTAGGAGACAGAGTCACCATCACTTGCCGGGCCAGTGAGGGCATTAGCAGTTATTTAGCCTGGTATCAGCAAAAACCAGGGAACGCCCCTAAGCTCCTGATCTATGCTGCATCCACTTTGGAAAGTGGGGTCCCATCAAGGTTCAGCGGCAGTGGATCTGGGACAGACTTCACTCTCACAATCAGCAGCCTGCAGCCTGAAGATTTTGCAACTTATTACTGTCAGCAGCTGAACAGCTACCCCGGCACCTTTGGCCAGGGGACCAAGCTGGAGATCAAA
1335959,DIQLTQSPSSLSASVGDRVTITCRASQGISSYLAWYQQKPGKAPKLLIYAASTLENGVPSRFSGSGSGTDFTLTISSLQPEDFATYYC,IGKV1-9*01,DIQLTQSPSFLSASVGDRVTITCRASQGISSYLAWYQQKPGKAPKLLIYAASTLQSGVPSRFSGSGSGTEFTLTISSLQPEDFATYYCQQLNS,90.32258064516128,9.0,"{9: ('F', 'S'), 54: ('Q', 'E'), 55: ('S', 'N'), 69: ('E', 'D'), 88: ('Q', '-'), 89: ('Q', '-'), 90: ('L', '-'), 91: ('N', '-'), 92: ('S', '-')}",GACATCCAGTTGACCCAGTCTCCATCCTCCCTGTCTGCATCTGTAGGAGACAGAGTCACCATCACTTGCCGGGCCAGTCAGGGCATTAGCAGTTATTTAGCCTGGTATCAGCAAAAACCAGGGAAAGCCCCTAAGCTCCTGATCTATGCTGCATCCACTTTGGAAAATGGGGTCCCATCAAGGTTCAGCGGCAGTGGATCTGGGACAGACTTCACTCTCACAATCAGCAGCCTGCAGCCTGAAGATTTTGCAACTTATTAC,0.38099023899999995,4,FGQGTKLEIK,IGKJ2*01,FGQGTKLEIK,100.0,0.0,{},TTTGGCCAGGGGACCAAGCTGGAGATCAAA,1.0,0,TGTCAGCAGCTGAACAGCTACCCCGGCACC,QQLNSYPGT,GACATCCAGTTGACCCAGTCTCCATCCTCCCTGTCTGCATCTGTAGGAGACAGAGTCACCATCACTTGCCGGGCCAGTCAGGGCATTAGCAGTTATTTAGCCTGGTATCAGCAAAAACCAGGGAAAGCCCCTAAGCTCCTGATCTATGCTGCATCCACTTTGGAAAATGGGGTCCCATCAAGGTTCAGCGGCAGTGGATCTGGGACAGACTTCACTCTCACAATCAGCAGCCTGCAGCCTGAAGATTTTGCAACTTATTACTGTCAGCAGCTGAACAGCTACCCCGGCACCTTTGGCCAGGGGACCAAGCTGGAGATCAAA
1335409,DIQMTQSPSSLSASVGDRVTITCRASQSVSSAVAWYQQKPGKAPKLLIYSASDLYSGVPSRFSGSRSGTDFTLTISSLQPEDFATYYC,IGKV1D-39*01,DIQMTQSPSSLSASVGDRVTITCRASQSISSYLNWYQQKPGKAPKLLIYAASSLQSGVPSRFSGSGSGTDFTLTISSLQPEDFATYYCQQSYS,86.02150537634408,13.0,"{28: ('I', 'V'), 31: ('Y', 'A'), 32: ('L', 'V'), 33: ('N', 'A'), 49: ('A', 'S'), 52: ('S', 'D'), 54: ('Q', 'Y'), 65: ('G', 'R'), 88: ('Q', '-'), 89: ('Q', '-'), 90: ('S', '-'), 91: ('Y', '-'), 92: ('S', '-')}",GACATCCAGATGACCCAGTCTCCATCCTCCCTGTCTGCATCTGTAGGAGACAGAGTCACCATCACTTGCCGGGCAAGTCAGAGCGTTAGCAGCGCTGTAGCTTGGTATCAGCAGAAACCAGGGAAAGCCCCTAAGCTCCTGATCTATTCTGCATCCGATTTGTACAGTGGGGTCCCATCAAGGTTCAGTGGCAGTAGATCTGGGACAGATTTCACTCTCACCATCAGCAGTCTGCAACCTGAAGATTTTGCAACTTACTAC,0.5374480743226562,12,FGQGTKVEIK,IGKJ1*01,FGQGTKVEIK,100.0,0.0,{},TTCGGCCAAGGGACCAAGGTGGAAATCAAA,1.0,0,TGTCAGCAGAGCCACACCTACCCCATCACC,QQSHTYPIT,GACATCCAGATGACCCAGTCTCCATCCTCCCTGTCTGCATCTGTAGGAGACAGAGTCACCATCACTTGCCGGGCAAGTCAGAGCGTTAGCAGCGCTGTAGCTTGGTATCAGCAGAAACCAGGGAAAGCCCCTAAGCTCCTGATCTATTCTGCATCCGATTTGTACAGTGGGGTCCCATCAAGGTTCAGTGGCAGTAGATCTGGGACAGATTTCACTCTCACCATCAGCAGTCTGCAACCTGAAGATTTTGCAACTTACTACTGTCAGCAGAGCCACACCTACCCCATCACCTTCGGCCAAGGGACCAAGGTGGAAATCAAA
1334440,EIVLTQSPGTLSLSPGERATLSCRASQSVSSSYLAWYQQKPGQAPRLLIYGASSRATGIPDRFSGSGSGTDFTLTISRLEPEDFAVYYC,IGKV3-20*01,EIVLTQSPGTLSLSPGERATLSCRASQSVSSSYLAWYQQKPGQAPRLLIYGASSRATGIPDRFSGSGSGTDFTLTISRLEPEDFAVYYCQQYGS,94.68085106382979,5.0,"{89: ('Q', '-'), 90: ('Q', '-'), 91: ('Y', '-'), 92: ('G', '-'), 93: ('S', '-')}",GAAATTGTGTTGACGCAGTCTCCAGGCACCCTGTCTTTGTCTCCAGGGGAAAGAGCCACCCTCTCCTGCAGGGCCAGTCAGAGTGTTAGCAGCAGCTACTTAGCCTGGTACCAGCAGAAACCTGGCCAGGCTCCCAGGCTCCTCATCTATGGTGCATCCAGCAGGGCCACTGGCATCCCAGACAGGTTCAGTGGCAGTGGGTCTGGGACAGACTTCACTCTCACCATCAGCAGACTGGAGCCTGAAGATTTTGCAGTGTATTAC,1.0,0,FGQGTKLEIK,IGKJ2*01,FGQGTKLEIK,100.0,0.0,{},TTTGGCCAGGGGACCAAGCTGGAGATCAAA,1.0,0,TGTCAGCAGTACGGCAGCAGCCCCACC,QQYGSSPT,GAAATTGTGTTGACGCAGTCTCCAGGCACCCTGTCTTTGTCTCCAGGGGAAAGAGCCACCCTCTCCTGCAGGGCCAGTCAGAGTGTTAGCAGCAGCTACTTAGCCTGGTACCAGCAGAAACCTGGCCAGGCTCCCAGGCTCCTCATCTATGGTGCATCCAGCAGGGCCACTGGCATCCCAGACAGGTTCAGTGGCAGTGGGTCTGGGACAGACTTCACTCTCACCATCAGCAGACTGGAGCCTGAAGATTTTGCAGTGTATTACTGTCAGCAGTACGGCAGCAGCCCCACCTTTGGCCAGGGGACCAAGCTGGAGATCAAA
1314088,EIVLTQSPGTLSLSPGERATLSCRASQSVSSSYLAWYQQKPGQAPRLLIYGASSRATGIPDRFSGSGSGTDFTLTISRLEPEDFAVYYC,IGKV3-20*01,EIVLTQSPGTLSLSPGERATLSCRASQSVSSSYLAWYQQKPGQAPRLLIYGASSRATGIPDRFSGSGSGTDFTLTISRLEPEDFAVYYCQQYGS,94.68085106382979,5.0,"{89: ('Q', '-'), 90: ('Q', '-'), 91: ('Y', '-'), 92: ('G', '-'), 93: ('S', '-')}",GAAATTGTGTTGACGCAGTCTCCAGGCACCCTGTCTTTGTCTCCAGGGGAAAGAGCCACCCTCTCCTGCAGGGCCAGTCAGAGTGTTAGCAGCAGCTACTTAGCCTGGTACCAGCAGAAACCTGGCCAGGCTCCCAGGCTCCTCATCTATGGTGCATCCAGCAGGGCCACTGGCATCCCAGACAGGTTCAGTGGCAGTGGGTCTGGGACAGACTTCACTCTCACCATCAGCAGACTGGAGCCTGAAGATTTTGCAGTGTATTAC,1.0,0,FGQGTKVEIK,IGKJ1*01,FGQGTKVEIK,100.0,0.0,{},TTCGGCCAAGGGACCAAGGTGGAAATCAAA,1.0,0,TGTCAGCAGTACGGCAGCAGCCCCAGGACC,QQYGSSPRT,GAAATTGTGTTGACGCAGTCTCCAGGCACCCTGTCTTTGTCTCCAGGGGAAAGAGCCACCCTCTCCTGCAGGGCCAGTCAGAGTGTTAGCAGCAGCTACTTAGCCTGGTACCAGCAGAAACCTGGCCAGGCTCCCAGGCTCCTCATCTATGGTGCATCCAGCAGGGCCACTGGCATCCCAGACAGGTTCAGTGGCAGTGGGTCTGGGACAGACTTCACTCTCACCATCAGCAGACTGGAGCCTGAAGATTTTGCAGTGTATTACTGTCAGCAGTACGGCAGCAGCCCCAGGACCTTCGGCCAAGGGACCAAGGTGGAAATCAAA
1311248,DIQLTQSPSFLSASVGDRVTITCRASQGISSDLAWYQQKPGKAPNLLIYAASTLQSGVPSRFSGSGSGTEFTLTISSLQPEDFATYYC,IGKV1-9*01,DIQLTQSPSFLSASVGDRVTITCRASQGISSYLAWYQQKPGKAPKLLIYAASTLQSGVPSRFSGSGSGTEFTLTISSLQPEDFATYYCQQLNS,92.47311827956989,7.0,"{31: ('Y', 'D'), 44: ('K', 'N'), 88: ('Q', '-'), 89: ('Q', '-'), 90: ('L', '-'), 91: ('N', '-'), 92: ('S', '-')}",GACATCCAGTTGACCCAGTCTCCATCCTTCCTGTCTGCATCTGTAGGAGACAGAGTCACCATCACTTGCCGGGCCAGTCAGGGCATTAGCAGTGATTTAGCCTGGTATCAGCAAAAACCAGGGAAAGCCCCTAACCTCCTGATCTATGCTGCATCCACTTTGCAAAGTGGGGTCCCATCAAGGTTCAGCGGCAGTGGATCTGGGACAGAATTCACTCTCACAATCAGCAGCCTGCAGCCTGAAGATTTTGCAACTTATTAC,0.258764004453125,2,FGQGTKLEIK,IGKJ2*01,FGQGTKLEIK,100.0,0.0,{},TTTGGCCAGGGGACCAAGCTGGAGATCAAA,1.0,0,TGTCAGCAGCTGAACAGCGACCTGTACACC,QQLNSDLYT,GACATCCAGTTGACCCAGTCTCCATCCTTCCTGTCTGCATCTGTAGGAGACAGAGTCACCATCACTTGCCGGGCCAGTCAGGGCATTAGCAGTGATTTAGCCTGGTATCAGCAAAAACCAGGGAAAGCCCCTAACCTCCTGATCTATGCTGCATCCACTTTGCAAAGTGGGGTCCCATCAAGGTTCAGCGGCAGTGGATCTGGGACAGAATTCACTCTCACAATCAGCAGCCTGCAGCCTGAAGATTTTGCAACTTATTACTGTCAGCAGCTGAACAGCGACCTGTACACCTTTGGCCAGGGGACCAAGCTGGAGATCAAA
1311247,AIQLTQSPSSLSASVGDRVTITCRASQGISSYLAWYQQKPGKAPKLLIYAASTLQSGVPSRFSGSGSGTDFTLTISSLQPEDFATYYC,IGKV1-9*01,DIQLTQSPSFLSASVGDRVTITCRASQGISSYLAWYQQKPGKAPKLLIYAASTLQSGVPSRFSGSGSGTEFTLTISSLQPEDFATYYCQQLNS,91.39784946236558,8.0,"{0: ('D', 'A'), 9: ('F', 'S'), 69: ('E', 'D'), 88: ('Q', '-'), 89: ('Q', '-'), 90: ('L', '-'), 91: ('N', '-'), 92: ('S', '-')}",GCCATCCAGTTGACCCAGTCTCCATCCTCCCTGTCTGCATCTGTAGGAGACAGAGTCACCATCACTTGCCGGGCCAGTCAGGGCATTAGCAGTTATTTAGCCTGGTATCAGCAAAAACCAGGGAAAGCCCCTAAGCTCCTGATCTATGCTGCATCCACTTTGCAAAGTGGGGTCCCATCAAGGTTCAGCGGCAGTGGATCTGGGACAGACTTCACTCTCACAATCAGCAGCCTGCAGCCTGAAGATTTTGCAACTTATTAC,0.33157840605833333,3,FGGGTKVEIK,IGKJ4*01,FGGGTKVEIK,100.0,0.0,{},TTCGGCGGAGGGACCAAGGTGGAGATCAAA,1.0,0,TGTCAGCAGCTGAACAGCTACCCCCCCGCC,QQLNSYPPA,GCCATCCAGTTGACCCAGTCTCCATCCTCCCTGTCTGCATCTGTAGGAGACAGAGTCACCATCACTTGCCGGGCCAGTCAGGGCATTAGCAGTTATTTAGCCTGGTATCAGCAAAAACCAGGGAAAGCCCCTAAGCTCCTGATCTATGCTGCATCCACTTTGCAAAGTGGGGTCCCATCAAGGTTCAGCGGCAGTGGATCTGGGACAGACTTCACTCTCACAATCAGCAGCCTGCAGCCTGAAGATTTTGCAACTTATTACTGTCAGCAGCTGAACAGCTACCCCCCCGCCTTCGGCGGAGGGACCAAGGTGGAGATCAAA
1311246,EIVLTQSPGTLSLSPGERATLSCRASQGVSSFLAWYQQKPGQAPRLLIHGASSRATGIPDRFSGSGSGTDFTLTITRLEPEDFAVYYC,IGKV3-20*01,EIVLTQSPGTLSLSPGERATLSCRASQSVSSSYLAWYQQKPGQAPRLLIYGASSRATGIPDRFSGSGSGTDFTLTISRLEPEDFAVYYCQQYGS,87.2340425531915,12.0,"{27: ('S', 'G'), 31: ('S', 'F'), 32: ('Y', '-'), 49: ('Y', 'H'), 76: ('S', 'T'), 89: ('Q', '-'), 90: ('Q', '-'), 91: ('Y', '-'), 92: ('G', '-'), 93: ('S', '-')}",GAAATTGTGTTGACGCAGTCTCCAGGCACCCTGTCTTTGTCTCCAGGGGAAAGAGCCACCCTCTCCTGCAGGGCCAGTCAGGGTGTTAGCAGCTTCTTAGCCTGGTACCAGCAGAAACCTGGCCAGGCTCCCAGGCTCCTCATCCATGGTGCATCCAGCAGGGCCACTGGCATCCCAGACAGGTTCAGTGGCAGTGGGTCTGGGACAGACTTCACTCTCACCATCACCAGACTGGAGCCTGAAGATTTTGCAGTGTATTAC,0.4099042626765625,5,FGQGTKVEIK,IGKJ1*01,FGQGTKVEIK,100.0,0.0,{},TTCGGCCAAGGGACCAAGGTGGAAATCAAA,1.0,0,TGTCAGCAGTACGGCAGCAGCCCCAGGACC,QQYGSSPRT,GAAATTGTGTTGACGCAGTCTCCAGGCACCCTGTCTTTGTCTCCAGGGGAAAGAGCCACCCTCTCCTGCAGGGCCAGTCAGGGTGTTAGCAGCTTCTTAGCCTGGTACCAGCAGAAACCTGGCCAGGCTCCCAGGCTCCTCATCCATGGTGCATCCAGCAGGGCCACTGGCATCCCAGACAGGTTCAGTGGCAGTGGGTCTGGGACAGACTTCACTCTCACCATCACCAGACTGGAGCCTGAAGATTTTGCAGTGTATTACTGTCAGCAGTACGGCAGCAGCCCCAGGACCTTCGGCCAAGGGACCAAGGTGGAAATCAAA
1310038,EIVMTQSPGTLSLSPGERATLSCRASQSVSSSYLAWYQQKPGQAPRLLIYGASSRATGIPDRFSGSGSGTDFTLTISRLEPEDFAVYYC,IGKV3-20*01,EIVLTQSPGTLSLSPGERATLSCRASQSVSSSYLAWYQQKPGQAPRLLIYGASSRATGIPDRFSGSGSGTDFTLTISRLEPEDFAVYYCQQYGS,93.61702127659575,6.0,"{3: ('L', 'M'), 89: ('Q', '-'), 90: ('Q', '-'), 91: ('Y', '-'), 92: ('G', '-'), 93: ('S', '-')}",GAAATTGTGATGACGCAGTCTCCAGGCACCCTGTCTTTGTCTCCAGGGGAAAGAGCCACCCTCTCCTGCAGGGCCAGTCAGAGTGTTAGCAGCAGCTACTTAGCCTGGTACCAGCAGAAACCTGGCCAGGCTCCCAGGCTCCTCATCTATGGTGCATCCAGCAGGGCCACTGGCATCCCAGACAGGTTCAGTGGCAGTGGGTCTGGGACAGACTTCACTCTCACCATCAGCAGACTGGAGCCTGAAGATTTTGCAGTGTATTAC,0.12640351694375,1,FGQGTKVDIK,IGKJ3*01,FGPGTKVDIK,90.0,1.0,"{2: ('P', 'Q')}",TTCGGCCAGGGGACCAAAGTGGATATCAAA,0.40030821229375,2,TGTCAGCAGTACGGCAGCCTGTACACC,QQYGSLYT,GAAATTGTGATGACGCAGTCTCCAGGCACCCTGTCTTTGTCTCCAGGGGAAAGAGCCACCCTCTCCTGCAGGGCCAGTCAGAGTGTTAGCAGCAGCTACTTAGCCTGGTACCAGCAGAAACCTGGCCAGGCTCCCAGGCTCCTCATCTATGGTGCATCCAGCAGGGCCACTGGCATCCCAGACAGGTTCAGTGGCAGTGGGTCTGGGACAGACTTCACTCTCACCATCAGCAGACTGGAGCCTGAAGATTTTGCAGTGTATTACTGTCAGCAGTACGGCAGCCTGTACACCTTCGGCCAGGGGACCAAAGTGGATATCAAA
1087267,EIVLTQSPGTLSLSPGERATLSCRASQSVSSYLAWYQQKPGQAPRLLIYGASSRATGIPDRFSGSGSGTDFTLTISRLEPEDFAVYYC,IGKV3-20*01,EIVLTQSPGTLSLSPGERATLSCRASQSVSSSYLAWYQQKPGQAPRLLIYGASSRATGIPDRFSGSGSGTDFTLTISRLEPEDFAVYYCQQYGS,91.48936170212765,8.0,"{31: ('S', '-'), 89: ('Q', '-'), 90: ('Q', '-'), 91: ('Y', '-'), 92: ('G', '-'), 93: ('S', '-')}",GAAATTGTGTTGACGCAGTCTCCAGGCACCCTGTCTTTGTCTCCAGGGGAAAGAGCCACCCTCTCCTGCAGGGCCAGTCAGAGTGTTAGCAGCTACTTAGCCTGGTACCAGCAGAAACCTGGCCAGGCTCCCAGGCTCCTCATCTATGGTGCATCCAGCAGGGCCACTGGCATCCCAGACAGGTTCAGTGGCAGTGGGTCTGGGACAGACTTCACTCTCACCATCAGCAGACTGGAGCCTGAAGATTTTGCAGTGTATTAC,1.0,0,FGQGTKLEIK,IGKJ2*01,FGQGTKLEIK,100.0,0.0,{},TTTGGCCAGGGGACCAAGCTGGAGATCAAA,1.0,0,TGTCAGCAGTACGGCAGCAGCCCCAGGACC,QQYGSSPRT,GAAATTGTGTTGACGCAGTCTCCAGGCACCCTGTCTTTGTCTCCAGGGGAAAGAGCCACCCTCTCCTGCAGGGCCAGTCAGAGTGTTAGCAGCTACTTAGCCTGGTACCAGCAGAAACCTGGCCAGGCTCCCAGGCTCCTCATCTATGGTGCATCCAGCAGGGCCACTGGCATCCCAGACAGGTTCAGTGGCAGTGGGTCTGGGACAGACTTCACTCTCACCATCAGCAGACTGGAGCCTGAAGATTTTGCAGTGTATTACTGTCAGCAGTACGGCAGCAGCCCCAGGACCTTTGGCCAGGGGACCAAGCTGGAGATCAAA
1087266,DIVMTQSPSFLSASVGDRVTITCRASQGISSYLAWYQQKPGKAPKLLIYAASTLQSGVPSRFSGSGSGTEFTLTISSLQPEDFATYYC,IGKV1-9*01,DIQLTQSPSFLSASVGDRVTITCRASQGISSYLAWYQQKPGKAPKLLIYAASTLQSGVPSRFSGSGSGTEFTLTISSLQPEDFATYYCQQLNS,92.47311827956989,7.0,"{2: ('Q', 'V'), 3: ('L', 'M'), 88: ('Q', '-'), 89: ('Q', '-'), 90: ('L', '-'), 91: ('N', '-'), 92: ('S', '-')}",GACATCGTGATGACCCAGTCTCCATCCTTCCTGTCTGCATCTGTAGGAGACAGAGTCACCATCACTTGCCGGGCCAGTCAGGGCATTAGCAGTTATTTAGCCTGGTATCAGCAAAAACCAGGGAAAGCCCCTAAGCTCCTGATCTATGCTGCATCCACTTTGCAAAGTGGGGTCCCATCAAGGTTCAGCGGCAGTGGATCTGGGACAGAATTCACTCTCACAATCAGCAGCCTGCAGCCTGAAGATTTTGCAACTTATTAC,0.3264537952625,3,FGPGTKVEIK,IGKJ4*01,FGGGTKVEIK,90.0,1.0,"{2: ('G', 'P')}",TTCGGCCCAGGGACCAAGGTGGAGATCAAA,0.486924711125,2,TGTCAGCAGCTGAACAGCTACCCCCCCAAGTTCACC,QQLNSYPPKFT,GACATCGTGATGACCCAGTCTCCATCCTTCCTGTCTGCATCTGTAGGAGACAGAGTCACCATCACTTGCCGGGCCAGTCAGGGCATTAGCAGTTATTTAGCCTGGTATCAGCAAAAACCAGGGAAAGCCCCTAAGCTCCTGATCTATGCTGCATCCACTTTGCAAAGTGGGGTCCCATCAAGGTTCAGCGGCAGTGGATCTGGGACAGAATTCACTCTCACAATCAGCAGCCTGCAGCCTGAAGATTTTGCAACTTATTACTGTCAGCAGCTGAACAGCTACCCCCCCAAGTTCACCTTCGGCCCAGGGACCAAGGTGGAGATCAAA
1083498,DIVMTQSPSSLSASVGDRVTITCRASQSISRYLNWYQQKPGKAPKLLIYAASSLQSGVPSRFSGSGSGTDFTLTISSLQPEDFATYYC,IGKV1D-39*01,DIQMTQSPSSLSASVGDRVTITCRASQSISSYLNWYQQKPGKAPKLLIYAASSLQSGVPSRFSGSGSGTDFTLTISSLQPEDFATYYCQQSYS,92.47311827956989,7.0,"{2: ('Q', 'V'), 30: ('S', 'R'), 88: ('Q', '-'), 89: ('Q', '-'), 90: ('S', '-'), 91: ('Y', '-'), 92: ('S', '-')}",GACATCGTGATGACCCAGTCTCCATCCTCCCTGTCTGCATCTGTAGGAGACAGAGTCACCATCACTTGCCGGGCAAGTCAGAGCATTAGCAGATATTTAAATTGGTATCAGCAGAAACCAGGGAAAGCCCCTAAGCTCCTGATCTATGCTGCATCCAGTTTGCAAAGTGGGGTCCCATCAAGGTTCAGTGGCAGTGGATCTGGGACAGATTTCACTCTCACCATCAGCAGTCTGCAACCTGAAGATTTTGCAACTTACTAC,0.431342053153125,3,FGQGTKLEIK,IGKJ2*01,FGQGTKLEIK,100.0,0.0,{},TTTGGCCAGGGGACCAAGCTGGAGATCAAA,1.0,0,TGTCAGCAGAGCTACAGCACCCCCCCCGAGTACACC,QQSYSTPPEYT,GACATCGTGATGACCCAGTCTCCATCCTCCCTGTCTGCATCTGTAGGAGACAGAGTCACCATCACTTGCCGGGCAAGTCAGAGCATTAGCAGATATTTAAATTGGTATCAGCAGAAACCAGGGAAAGCCCCTAAGCTCCTGATCTATGCTGCATCCAGTTTGCAAAGTGGGGTCCCATCAAGGTTCAGTGGCAGTGGATCTGGGACAGATTTCACTCTCACCATCAGCAGTCTGCAACCTGAAGATTTTGCAACTTACTACTGTCAGCAGAGCTACAGCACCCCCCCCGAGTACACCTTTGGCCAGGGGACCAAGCTGGAGATCAAA
1075136,DIVMTQSPSFLSASVGDRVTITCRASQGISSYLAWYQQKPGKAPKLLIYAASTLQSGVPSRFSGSGSGTEFTLTISSLQPEDFATYYC,IGKV1-9*01,DIQLTQSPSFLSASVGDRVTITCRASQGISSYLAWYQQKPGKAPKLLIYAASTLQSGVPSRFSGSGSGTEFTLTISSLQPEDFATYYCQQLNS,92.47311827956989,7.0,"{2: ('Q', 'V'), 3: ('L', 'M'), 88: ('Q', '-'), 89: ('Q', '-'), 90: ('L', '-'), 91: ('N', '-'), 92: ('S', '-')}",GACATCGTGATGACCCAGTCTCCATCCTTCCTGTCTGCATCTGTAGGAGACAGAGTCACCATCACTTGCCGGGCCAGTCAGGGCATTAGCAGTTATTTAGCCTGGTATCAGCAAAAACCAGGGAAAGCCCCTAAGCTCCTGATCTATGCTGCATCCACTTTGCAAAGTGGGGTCCCATCAAGGTTCAGCGGCAGTGGATCTGGGACAGAATTCACTCTCACAATCAGCAGCCTGCAGCCTGAAGATTTTGCAACTTATTAC,0.3264537952625,3,FGQGTKLEIK,IGKJ2*01,FGQGTKLEIK,100.0,0.0,{},TTTGGCCAGGGGACCAAGCTGGAGATCAAA,1.0,0,TGTCAGCAGCTGAACAGCTACCCCCCCTACACC,QQLNSYPPYT,GACATCGTGATGACCCAGTCTCCATCCTTCCTGTCTGCATCTGTAGGAGACAGAGTCACCATCACTTGCCGGGCCAGTCAGGGCATTAGCAGTTATTTAGCCTGGTATCAGCAAAAACCAGGGAAAGCCCCTAAGCTCCTGATCTATGCTGCATCCACTTTGCAAAGTGGGGTCCCATCAAGGTTCAGCGGCAGTGGATCTGGGACAGAATTCACTCTCACAATCAGCAGCCTGCAGCCTGAAGATTTTGCAACTTATTACTGTCAGCAGCTGAACAGCTACCCCCCCTACACCTTTGGCCAGGGGACCAAGCTGGAGATCAAA
969168,SSELTQDPAVSVALGQTVRITCQGDSLRGYSASWYQLKPGQAPVLVIYGKNNRPSGIPDRFSGSTSGNRASLIITGTQAEDEADYYC,IGLV3-19*01,SSELTQDPAVSVALGQTVRITCQGDSLRSYYASWYQQKPGQAPVLVIYGKNNRPSGIPDRFSGSSSGNTASLTITGAQAEDEADYYCNSRDSSG,85.1063829787234,14.0,"{28: ('S', 'G'), 30: ('Y', 'S'), 36: ('Q', 'L'), 64: ('S', 'T'), 68: ('T', 'R'), 72: ('T', 'I'), 76: ('A', 'T'), 87: ('N', '-'), 88: ('S', '-'), 89: ('R', '-'), 90: ('D', '-'), 91: ('S', '-'), 92: ('S', '-'), 93: ('G', '-')}",TCTTCTGAGCTGACTCAGGACCCTGCTGTGTCTGTGGCCTTGGGACAGACAGTCAGGATCACATGCCAAGGAGACAGCCTCAGAGGCTATTCTGCAAGCTGGTACCAGCTGAAGCCAGGACAGGCCCCTGTACTTGTCATCTATGGTAAAAACAACCGGCCCTCAGGGATCCCAGACCGATTCTCTGGCTCCACCTCAGGAAACAGAGCTTCCTTGATCATCACTGGGACTCAGGCGGAAGATGAGGCTGACTATTAC,0.39685872506160713,7,FGGGTKLTVL,IGLJ2*01,FGGGTKLTVL,100.0,0.0,{},TTCGGCGGAGGGACCAAGCTGACCGTCCTA,1.0,0,TGTAACAGCAGGGACACCAACGGCTACAGGCCCGTGCTG,NSRDTNGYRPVL,TCTTCTGAGCTGACTCAGGACCCTGCTGTGTCTGTGGCCTTGGGACAGACAGTCAGGATCACATGCCAAGGAGACAGCCTCAGAGGCTATTCTGCAAGCTGGTACCAGCTGAAGCCAGGACAGGCCCCTGTACTTGTCATCTATGGTAAAAACAACCGGCCCTCAGGGATCCCAGACCGATTCTCTGGCTCCACCTCAGGAAACAGAGCTTCCTTGATCATCACTGGGACTCAGGCGGAAGATGAGGCTGACTATTACTGTAACAGCAGGGACACCAACGGCTACAGGCCCGTGCTGTTCGGCGGAGGGACCAAGCTGACCGTCCTA
969167,SSELTQDPAVSVALGQTVRITCQGDSLRSYYASWYQQKPGQAPVLVIYGKNNRPSGIPDRFSGSSSGNTASLTITGAQAEDEADYYC,IGLV3-19*01,SSELTQDPAVSVALGQTVRITCQGDSLRSYYASWYQQKPGQAPVLVIYGKNNRPSGIPDRFSGSSSGNTASLTITGAQAEDEADYYCNSRDSSG,92.5531914893617,7.0,"{87: ('N', '-'), 88: ('S', '-'), 89: ('R', '-'), 90: ('D', '-'), 91: ('S', '-'), 92: ('S', '-'), 93: ('G', '-')}",TCTTCTGAGCTGACTCAGGACCCTGCTGTGTCTGTGGCCTTGGGACAGACAGTCAGGATCACATGCCAAGGAGACAGCCTCAGAAGCTATTATGCAAGCTGGTACCAGCAGAAGCCAGGACAGGCCCCTGTACTTGTCATCTATGGTAAAAACAACCGGCCCTCAGGGATCCCAGACCGATTCTCTGGCTCCAGCTCAGGAAACACAGCTTCCTTGACCATCACTGGGGCTCAGGCGGAAGATGAGGCTGACTATTAC,1.0,0,FGGGTKLTVL,IGLJ2*01,FGGGTKLTVL,100.0,0.0,{},TTCGGCGGAGGGACCAAGCTGACCGTCCTA,1.0,0,TGTAACAGCAGGGACAGCAGCGGCAACCACCCCGTGGTG,NSRDSSGNHPVV,TCTTCTGAGCTGACTCAGGACCCTGCTGTGTCTGTGGCCTTGGGACAGACAGTCAGGATCACATGCCAAGGAGACAGCCTCAGAAGCTATTATGCAAGCTGGTACCAGCAGAAGCCAGGACAGGCCCCTGTACTTGTCATCTATGGTAAAAACAACCGGCCCTCAGGGATCCCAGACCGATTCTCTGGCTCCAGCTCAGGAAACACAGCTTCCTTGACCATCACTGGGGCTCAGGCGGAAGATGAGGCTGACTATTACTGTAACAGCAGGGACAGCAGCGGCAACCACCCCGTGGTGTTCGGCGGAGGGACCAAGCTGACCGTCCTA
969166,SSELTQDPAVSVALGQTVRITCQGDSLRGYYASWYQQKPGQAPVLVIYGKNNRPSGIPDRFSGSSSGNTASLTITGAQAEDEADYYC,IGLV3-19*01,SSELTQDPAVSVALGQTVRITCQGDSLRSYYASWYQQKPGQAPVLVIYGKNNRPSGIPDRFSGSSSGNTASLTITGAQAEDEADYYCNSRDSSG,91.48936170212765,8.0,"{28: ('S', 'G'), 87: ('N', '-'), 88: ('S', '-'), 89: ('R', '-'), 90: ('D', '-'), 91: ('S', '-'), 92: ('S', '-'), 93: ('G', '-')}",TCTTCTGAGCTGACTCAGGACCCTGCTGTGTCTGTGGCCTTGGGACAGACAGTCAGGATCACATGCCAAGGAGACAGCCTCAGAGGCTATTATGCAAGCTGGTACCAGCAGAAGCCAGGACAGGCCCCTGTACTTGTCATCTATGGTAAAAACAACCGGCCCTCAGGGATCCCAGACCGATTCTCTGGCTCCAGCTCAGGAAACACAGCTTCCTTGACCATCACTGGGGCTCAGGCGGAAGATGAGGCTGACTATTAC,0.51880652586875,1,FGGGTKLTVL,IGLJ2*01,FGGGTKLTVL,100.0,0.0,{},TTCGGCGGAGGGACCAAGCTGACCGTCCTA,1.0,0,TGTAACAGCAGGGACAGCAGCGGCAACCACCCCGTGGTG,NSRDSSGNHPVV,TCTTCTGAGCTGACTCAGGACCCTGCTGTGTCTGTGGCCTTGGGACAGACAGTCAGGATCACATGCCAAGGAGACAGCCTCAGAGGCTATTATGCAAGCTGGTACCAGCAGAAGCCAGGACAGGCCCCTGTACTTGTCATCTATGGTAAAAACAACCGGCCCTCAGGGATCCCAGACCGATTCTCTGGCTCCAGCTCAGGAAACACAGCTTCCTTGACCATCACTGGGGCTCAGGCGGAAGATGAGGCTGACTATTACTGTAACAGCAGGGACAGCAGCGGCAACCACCCCGTGGTGTTCGGCGGAGGGACCAAGCTGACCGTCCTA
745539,QMTQSPSSLSASVGDRVTITCRASQSVSSAVAWYQQKPGKAPKLLIYSASSLYSGVPSRFSGSRSGTDYTLTISSLQPEDFATYYC,IGKV1D-13*02,AIQLTQSPSSLSASVGDRVTITCRASQGISSALAWYQQKPGKAPKLLIYDASSLESGVPSRFSGSGSGTDFTLTISSLQPEDFATYYCQQFNS,83.87096774193549,15.0,"{0: ('A', '-'), 1: ('I', '-'), 3: ('L', 'M'), 27: ('G', 'S'), 28: ('I', 'V'), 32: ('L', 'V'), 49: ('D', 'S'), 54: ('E', 'Y'), 65: ('G', 'R'), 70: ('F', 'Y'), 88: ('Q', '-'), 89: ('Q', '-'), 90: ('F', '-'), 91: ('N', '-'), 92: ('S', '-')}",CAGATGACCCAGTCTCCATCCTCCCTGTCTGCATCTGTAGGAGACAGAGTCACCATCACTTGCCGGGCAAGTCAGAGCGTTAGCAGTGCTGTAGCCTGGTATCAGCAGAAACCAGGGAAAGCTCCTAAGCTCCTGATCTATAGTGCCTCCAGTTTGTACAGTGGGGTCCCATCAAGGTTCAGCGGCAGTAGATCTGGGACAGATTACACTCTCACCATCAGCAGCCTGCAGCCTGAAGATTTTGCAACTTATTAC,0.4415606195234374,10,FGQGTKVEIK,IGKJ1*01,FGQGTKVEIK,100.0,0.0,{},TTCGGCCAAGGGACCAAGGTGGAAATCAAA,1.0,0,TGTCAGCAGGACGGCTGGAGCCTGATCACC,QQDGWSLIT,CAGATGACCCAGTCTCCATCCTCCCTGTCTGCATCTGTAGGAGACAGAGTCACCATCACTTGCCGGGCAAGTCAGAGCGTTAGCAGTGCTGTAGCCTGGTATCAGCAGAAACCAGGGAAAGCTCCTAAGCTCCTGATCTATAGTGCCTCCAGTTTGTACAGTGGGGTCCCATCAAGGTTCAGCGGCAGTAGATCTGGGACAGATTACACTCTCACCATCAGCAGCCTGCAGCCTGAAGATTTTGCAACTTATTACTGTCAGCAGGACGGCTGGAGCCTGATCACCTTCGGCCAAGGGACCAAGGTGGAAATCAAA
745538,DIQMTQSPSSLSASVGDRVTITCRASQSVSSAVAWYQQKPGKAPKLLIYSASSLYSGVPSRFSGSRSGTDFTLTISSLQPEDFATYYC,IGKV1D-39*01,DIQMTQSPSSLSASVGDRVTITCRASQSISSYLNWYQQKPGKAPKLLIYAASSLQSGVPSRFSGSGSGTDFTLTISSLQPEDFATYYCQQSYS,87.09677419354838,12.0,"{28: ('I', 'V'), 31: ('Y', 'A'), 32: ('L', 'V'), 33: ('N', 'A'), 49: ('A', 'S'), 54: ('Q', 'Y'), 65: ('G', 'R'), 88: ('Q', '-'), 89: ('Q', '-'), 90: ('S', '-'), 91: ('Y', '-'), 92: ('S', '-')}",GACATCCAGATGACCCAGTCTCCATCCTCCCTGTCTGCATCTGTAGGAGACAGAGTCACCATCACTTGCCGGGCAAGTCAGAGCGTTAGCAGCGCTGTAGCTTGGTATCAGCAGAAACCAGGGAAAGCCCCTAAGCTCCTGATCTATTCTGCATCCAGTTTGTACAGTGGGGTCCCATCAAGGTTCAGTGGCAGTAGATCTGGGACAGATTTCACTCTCACCATCAGCAGTCTGCAACCTGAAGATTTTGCAACTTACTAC,0.48094577691875,10,FGQGTKVEIK,IGKJ1*01,FGQGTKVEIK,100.0,0.0,{},TTCGGCCAAGGGACCAAGGTGGAAATCAAA,1.0,0,TGTCAGCAGGACGGCTGGAGCCTGATCACC,QQDGWSLIT,GACATCCAGATGACCCAGTCTCCATCCTCCCTGTCTGCATCTGTAGGAGACAGAGTCACCATCACTTGCCGGGCAAGTCAGAGCGTTAGCAGCGCTGTAGCTTGGTATCAGCAGAAACCAGGGAAAGCCCCTAAGCTCCTGATCTATTCTGCATCCAGTTTGTACAGTGGGGTCCCATCAAGGTTCAGTGGCAGTAGATCTGGGACAGATTTCACTCTCACCATCAGCAGTCTGCAACCTGAAGATTTTGCAACTTACTACTGTCAGCAGGACGGCTGGAGCCTGATCACCTTCGGCCAAGGGACCAAGGTGGAAATCAAA
745537,DIQMTQSPSSLSASVGDRVTITCRASQSVSSAVAWYQQKPGKAPKLLIYSASSLYSGVPSRFSGSRSGTDFTLTISSLQPEDFATYYC,IGKV1D-39*01,DIQMTQSPSSLSASVGDRVTITCRASQSISSYLNWYQQKPGKAPKLLIYAASSLQSGVPSRFSGSGSGTDFTLTISSLQPEDFATYYCQQSYS,87.09677419354838,12.0,"{28: ('I', 'V'), 31: ('Y', 'A'), 32: ('L', 'V'), 33: ('N', 'A'), 49: ('A', 'S'), 54: ('Q', 'Y'), 65: ('G', 'R'), 88: ('Q', '-'), 89: ('Q', '-'), 90: ('S', '-'), 91: ('Y', '-'), 92: ('S', '-')}",GACATCCAGATGACCCAGTCTCCATCCTCCCTGTCTGCATCTGTAGGAGACAGAGTCACCATCACTTGCCGGGCAAGTCAGAGCGTTAGCAGCGCTGTAGCTTGGTATCAGCAGAAACCAGGGAAAGCCCCTAAGCTCCTGATCTATTCTGCATCCAGTTTGTACAGTGGGGTCCCATCAAGGTTCAGTGGCAGTAGATCTGGGACAGATTTCACTCTCACCATCAGCAGTCTGCAACCTGAAGATTTTGCAACTTACTAC,0.48094577691875,10,FGQGTKVEIK,IGKJ1*01,FGQGTKVEIK,100.0,0.0,{},TTCGGCCAAGGGACCAAGGTGGAAATCAAA,1.0,0,TGTCAGCAGAGCCAGTGGTACCCCATCACC,QQSQWYPIT,GACATCCAGATGACCCAGTCTCCATCCTCCCTGTCTGCATCTGTAGGAGACAGAGTCACCATCACTTGCCGGGCAAGTCAGAGCGTTAGCAGCGCTGTAGCTTGGTATCAGCAGAAACCAGGGAAAGCCCCTAAGCTCCTGATCTATTCTGCATCCAGTTTGTACAGTGGGGTCCCATCAAGGTTCAGTGGCAGTAGATCTGGGACAGATTTCACTCTCACCATCAGCAGTCTGCAACCTGAAGATTTTGCAACTTACTACTGTCAGCAGAGCCAGTGGTACCCCATCACCTTCGGCCAAGGGACCAAGGTGGAAATCAAA
745536,DIQMTQSPSSLSASVGDRVTITCRASQSVSSAVAWYQQKPGKAPKLLIYSASSLYSGVPSRFSGSRSGTDFTLTISSLQPEDFATYYC,IGKV1D-39*01,DIQMTQSPSSLSASVGDRVTITCRASQSISSYLNWYQQKPGKAPKLLIYAASSLQSGVPSRFSGSGSGTDFTLTISSLQPEDFATYYCQQSYS,87.09677419354838,12.0,"{28: ('I', 'V'), 31: ('Y', 'A'), 32: ('L', 'V'), 33: ('N', 'A'), 49: ('A', 'S'), 54: ('Q', 'Y'), 65: ('G', 'R'), 88: ('Q', '-'), 89: ('Q', '-'), 90: ('S', '-'), 91: ('Y', '-'), 92: ('S', '-')}",GACATCCAGATGACCCAGTCTCCATCCTCCCTGTCTGCATCTGTAGGAGACAGAGTCACCATCACTTGCCGGGCAAGTCAGAGCGTTAGCAGCGCTGTAGCTTGGTATCAGCAGAAACCAGGGAAAGCCCCTAAGCTCCTGATCTATTCTGCATCCAGTTTGTACAGTGGGGTCCCATCAAGGTTCAGTGGCAGTAGATCTGGGACAGATTTCACTCTCACCATCAGCAGTCTGCAACCTGAAGATTTTGCAACTTACTAC,0.48094577691875,10,FGQGTKVEIK,IGKJ1*01,FGQGTKVEIK,100.0,0.0,{},TTCGGCCAAGGGACCAAGGTGGAAATCAAA,1.0,0,TGTCAGCAGAGCCAGTGGTACCCCATCACC,QQSQWYPIT,GACATCCAGATGACCCAGTCTCCATCCTCCCTGTCTGCATCTGTAGGAGACAGAGTCACCATCACTTGCCGGGCAAGTCAGAGCGTTAGCAGCGCTGTAGCTTGGTATCAGCAGAAACCAGGGAAAGCCCCTAAGCTCCTGATCTATTCTGCATCCAGTTTGTACAGTGGGGTCCCATCAAGGTTCAGTGGCAGTAGATCTGGGACAGATTTCACTCTCACCATCAGCAGTCTGCAACCTGAAGATTTTGCAACTTACTACTGTCAGCAGAGCCAGTGGTACCCCATCACCTTCGGCCAAGGGACCAAGGTGGAAATCAAA
738090,DIQLTQSPSFLSASVGDRVTITCWASQGINSYLAWYQQKPGKTPKLLIYAASTLQSGVPSRFSGSGSGTEFTLTISSLQPEDFATYYC,IGKV1-9*02,DIQLTQSPSFLSASVGDRVTITCWASQGISSYLAWYQQKPGKAPKLLIYAASTLQSGVPSRFSGSGSGTEFTLTISSLQPEDFATYYCQQLNS,92.47311827956989,7.0,"{29: ('S', 'N'), 42: ('A', 'T'), 88: ('Q', '-'), 89: ('Q', '-'), 90: ('L', '-'), 91: ('N', '-'), 92: ('S', '-')}",GACATCCAGTTGACCCAGTCTCCATCCTTCCTGTCTGCATCTGTAGGAGACAGAGTCACCATCACTTGCTGGGCCAGTCAGGGCATTAACAGTTATTTAGCCTGGTATCAGCAAAAACCAGGGAAAACCCCTAAGCTCCTGATCTATGCTGCATCCACTTTGCAAAGTGGGGTCCCATCAAGGTTCAGCGGCAGTGGATCTGGGACAGAATTCACTCTCACAATCAGCAGCCTGCAGCCTGAAGATTTTGCAACTTATTAC,0.5907746223125,2,FGQGTTLEIK,IGKJ5*01,FGQGTRLEIK,90.0,1.0,"{5: ('R', 'T')}",TTCGGCCAAGGGACAACACTGGAGATTAAA,0.66129276919375,2,TGTCAGCAGCTGAACAGCTACCCCTGCAGC,QQLNSYPCS,GACATCCAGTTGACCCAGTCTCCATCCTTCCTGTCTGCATCTGTAGGAGACAGAGTCACCATCACTTGCTGGGCCAGTCAGGGCATTAACAGTTATTTAGCCTGGTATCAGCAAAAACCAGGGAAAACCCCTAAGCTCCTGATCTATGCTGCATCCACTTTGCAAAGTGGGGTCCCATCAAGGTTCAGCGGCAGTGGATCTGGGACAGAATTCACTCTCACAATCAGCAGCCTGCAGCCTGAAGATTTTGCAACTTATTACTGTCAGCAGCTGAACAGCTACCCCTGCAGCTTCGGCCAAGGGACAACACTGGAGATTAAA
738089,SYVLTQPPSVSVAPGKTAKITCGGNNIGSKSVHWYQQKPGQAPVLVMYYDFDRPSGIPERFSGSNSGNTATLTISRVEAEDEADYYC,IGLV3-21*04,SYVLTQPPSVSVAPGKTARITCGGNNIGSKSVHWYQQKPGQAPVLVIYYDSDRPSGIPERFSGSNSGNTATLTISRVEAGDEADYYCQVWDSSS,88.29787234042553,11.0,"{18: ('R', 'K'), 46: ('I', 'M'), 50: ('S', 'F'), 79: ('G', 'E'), 87: ('Q', '-'), 88: ('V', '-'), 89: ('W', '-'), 90: ('D', '-'), 91: ('S', '-'), 92: ('S', '-'), 93: ('S', '-')}",TCCTATGTGCTGACTCAGCCACCCTCAGTGTCAGTGGCCCCAGGAAAGACGGCCAAGATTACCTGTGGGGGAAACAACATTGGAAGTAAAAGTGTGCACTGGTACCAGCAGAAGCCAGGCCAGGCCCCTGTGCTGGTCATGTATTATGATTTCGACCGGCCCTCAGGGATCCCTGAGCGATTCTCTGGCTCCAACTCTGGGAACACGGCCACCCTGACCATCAGCAGGGTCGAAGCCGAGGATGAGGCCGACTATTAC,0.5009946485156249,5,FGGGTKLTVL,IGLJ2*01,FGGGTKLTVL,100.0,0.0,{},TTCGGCGGAGGGACCAAGCTGACCGTCCTA,1.0,0,TGTCAGGTGTGGGACAGCGACAGGTACTGGGTG,QVWDSDRYWV,TCCTATGTGCTGACTCAGCCACCCTCAGTGTCAGTGGCCCCAGGAAAGACGGCCAAGATTACCTGTGGGGGAAACAACATTGGAAGTAAAAGTGTGCACTGGTACCAGCAGAAGCCAGGCCAGGCCCCTGTGCTGGTCATGTATTATGATTTCGACCGGCCCTCAGGGATCCCTGAGCGATTCTCTGGCTCCAACTCTGGGAACACGGCCACCCTGACCATCAGCAGGGTCGAAGCCGAGGATGAGGCCGACTATTACTGTCAGGTGTGGGACAGCGACAGGTACTGGGTGTTCGGCGGAGGGACCAAGCTGACCGTCCTA
738088,SYVLTQPPSVSVAPGQTARITCGGSNIGSKSVHWYQQKPGQTPMLVIYYDYDRPSGIPERFSGSNSGSTATLTISRVEAGDEADYYC,IGLV3-21*04,SYVLTQPPSVSVAPGKTARITCGGNNIGSKSVHWYQQKPGQAPVLVIYYDSDRPSGIPERFSGSNSGNTATLTISRVEAGDEADYYCQVWDSSS,86.17021276595744,13.0,"{15: ('K', 'Q'), 24: ('N', 'S'), 41: ('A', 'T'), 43: ('V', 'M'), 50: ('S', 'Y'), 67: ('N', 'S'), 87: ('Q', '-'), 88: ('V', '-'), 89: ('W', '-'), 90: ('D', '-'), 91: ('S', '-'), 92: ('S', '-'), 93: ('S', '-')}",TCCTATGTGCTGACTCAGCCACCCTCAGTGTCAGTGGCCCCAGGACAGACGGCCAGGATTACCTGTGGGGGAAGCAACATTGGAAGTAAAAGTGTGCACTGGTACCAGCAGAAGCCAGGCCAGACCCCTATGCTGGTCATCTATTATGATTACGACCGGCCCTCAGGGATCCCTGAGCGATTCTCTGGCTCCAACTCTGGGAGCACGGCCACCCTGACCATCAGCAGGGTCGAAGCCGGGGATGAGGCCGACTATTAC,0.5299868939218749,7,FGGGTTLTVL,IGLJ7*01,FGGGTQLTVL,90.0,1.0,"{5: ('Q', 'T')}",TTCGGAGGAGGCACCACGCTGACCGTCCTC,0.602743445475,2,TGTCAGGTGTGGGACAGCAGCAGCGACCACGTGTGGGTG,QVWDSSSDHVWV,TCCTATGTGCTGACTCAGCCACCCTCAGTGTCAGTGGCCCCAGGACAGACGGCCAGGATTACCTGTGGGGGAAGCAACATTGGAAGTAAAAGTGTGCACTGGTACCAGCAGAAGCCAGGCCAGACCCCTATGCTGGTCATCTATTATGATTACGACCGGCCCTCAGGGATCCCTGAGCGATTCTCTGGCTCCAACTCTGGGAGCACGGCCACCCTGACCATCAGCAGGGTCGAAGCCGGGGATGAGGCCGACTATTACTGTCAGGTGTGGGACAGCAGCAGCGACCACGTGTGGGTGTTCGGAGGAGGCACCACGCTGACCGTCCTC
738087,DVVMTQSPLSLPVTLGQPASISCRSSQSLVYSDGNTYLNWFQQGPGQSPRRLIYKVSNRDSGVPDRFSGSGSGTDFTLKISRVEAEDVGVYYC,IGKV2-30*01,DVVMTQSPLSLPVTLGQPASISCRSSQSLVYSDGNTYLNWFQQRPGQSPRRLIYKVSNRDSGVPDRFSGSGSGTDFTLKISRVEAEDVGVYYCMQGTH,93.87755102040816,6.0,"{43: ('R', 'G'), 93: ('M', '-'), 94: ('Q', '-'), 95: ('G', '-'), 96: ('T', '-'), 97: ('H', '-')}",GATGTTGTGATGACTCAGTCTCCACTCTCCCTGCCCGTCACCCTTGGACAGCCGGCCTCCATCTCCTGCAGGTCTAGTCAAAGCCTCGTATACAGTGATGGAAACACCTACTTGAATTGGTTTCAGCAGGGGCCAGGCCAATCTCCAAGGCGCCTAATTTATAAGGTTTCTAACCGGGACTCTGGGGTCCCAGACAGATTCAGCGGCAGTGGGTCAGGCACTGATTTCACACTGAAAATCAGCAGGGTGGAGGCTGAGGATGTTGGGGTTTATTAC,0.4902141125875,1,FGGGTKVEIK,IGKJ4*01,FGGGTKVEIK,100.0,0.0,{},TTCGGCGGAGGGACCAAGGTGGAGATCAAA,1.0,0,TGCATGCAGGCCACCCACTGGCCCCTGACC,MQATHWPLT,GATGTTGTGATGACTCAGTCTCCACTCTCCCTGCCCGTCACCCTTGGACAGCCGGCCTCCATCTCCTGCAGGTCTAGTCAAAGCCTCGTATACAGTGATGGAAACACCTACTTGAATTGGTTTCAGCAGGGGCCAGGCCAATCTCCAAGGCGCCTAATTTATAAGGTTTCTAACCGGGACTCTGGGGTCCCAGACAGATTCAGCGGCAGTGGGTCAGGCACTGATTTCACACTGAAAATCAGCAGGGTGGAGGCTGAGGATGTTGGGGTTTATTACTGCATGCAGGCCACCCACTGGCCCCTGACCTTCGGCGGAGGGACCAAGGTGGAGATCAAA
738086,DVVMTQSPLSLPVTLGQPASISCRSSQSLVYSDGNTYLSWFQQRPGQSPRRLIYKVSNRDSGVPDRFSGSGSGTDFTLKISRVEAEDVGVYYC,IGKV2-30*01,DVVMTQSPLSLPVTLGQPASISCRSSQSLVYSDGNTYLNWFQQRPGQSPRRLIYKVSNRDSGVPDRFSGSGSGTDFTLKISRVEAEDVGVYYCMQGTH,93.87755102040816,6.0,"{38: ('N', 'S'), 93: ('M', '-'), 94: ('Q', '-'), 95: ('G', '-'), 96: ('T', '-'), 97: ('H', '-')}",GATGTTGTGATGACTCAGTCTCCACTCTCCCTGCCCGTCACCCTTGGACAGCCGGCCTCCATCTCCTGCAGGTCTAGTCAAAGCCTCGTATACAGTGATGGAAACACCTACTTGAGTTGGTTTCAGCAGAGGCCAGGCCAATCTCCAAGGCGCCTAATTTATAAGGTTTCTAACCGGGACTCTGGGGTCCCAGACAGATTCAGCGGCAGTGGGTCAGGCACTGATTTCACACTGAAAATCAGCAGGGTGGAGGCTGAGGATGTTGGGGTTTATTAC,0.4835863884625,1,FGGGTKVEIK,IGKJ4*01,FGGGTKVEIK,100.0,0.0,{},TTCGGCGGAGGGACCAAGGTGGAGATCAAA,1.0,0,TGCATGCAGGACACCCACTGGCCCCCCACC,MQDTHWPPT,GATGTTGTGATGACTCAGTCTCCACTCTCCCTGCCCGTCACCCTTGGACAGCCGGCCTCCATCTCCTGCAGGTCTAGTCAAAGCCTCGTATACAGTGATGGAAACACCTACTTGAGTTGGTTTCAGCAGAGGCCAGGCCAATCTCCAAGGCGCCTAATTTATAAGGTTTCTAACCGGGACTCTGGGGTCCCAGACAGATTCAGCGGCAGTGGGTCAGGCACTGATTTCACACTGAAAATCAGCAGGGTGGAGGCTGAGGATGTTGGGGTTTATTACTGCATGCAGGACACCCACTGGCCCCCCACCTTCGGCGGAGGGACCAAGGTGGAGATCAAA
164079,DIELTQPPSVSVVPGQTARISCSGDNIPYEYASWYQQKPGQAPVLVIYGDNNRPSGIPERFSGSNSGNTATLTISGTQAEDEADYYC,IGLV3-25*02,SYELTQPPSVSVSPGQTARITCSGDALPKQYAYWYQQKPGQAPVLVIYKDSERPSGIPERFSGSSSGTTVTLTISGVQAEDEADYYCQSADSSG,75.53191489361703,23.0,"{0: ('S', 'D'), 1: ('Y', 'I'), 12: ('S', 'V'), 20: ('T', 'S'), 25: ('A', 'N'), 26: ('L', 'I'), 28: ('K', 'Y'), 29: ('Q', 'E'), 32: ('Y', 'S'), 48: ('K', 'G'), 50: ('S', 'N'), 51: ('E', 'N'), 64: ('S', 'N'), 67: ('T', 'N'), 69: ('V', 'A'), 76: ('V', 'T'), 87: ('Q', '-'), 88: ('S', '-'), 89: ('A', '-'), 90: ('D', '-'), 91: ('S', '-'), 92: ('S', '-'), 93: ('G', '-')}",GACATTGAGCTGACACAGCCACCCTCGGTGTCAGTGGTCCCAGGACAGACGGCCAGGATCAGCTGCTCTGGAGATAATATACCATACGAATATGCTTCTTGGTACCAGCAGAAGCCAGGCCAGGCCCCTGTGCTGGTGATATATGGAGACAATAACAGGCCCTCAGGGATCCCTGAGCGATTCTCTGGCTCCAACTCAGGGAATACAGCCACGTTGACCATCAGTGGAACCCAGGCAGAAGATGAGGCTGACTATTAC,0.642472493915625,27,FGGGTKLTVL,IGLJ2*01,FGGGTKLTVL,100.0,0.0,{},TTCGGCGGAGGGACCAAGCTGACCGTCCTA,1.0,0,TGTGCCAGCTGGGACAGCATGACCGTGGACGGCGTG,ASWDSMTVDGV,GACATTGAGCTGACACAGCCACCCTCGGTGTCAGTGGTCCCAGGACAGACGGCCAGGATCAGCTGCTCTGGAGATAATATACCATACGAATATGCTTCTTGGTACCAGCAGAAGCCAGGCCAGGCCCCTGTGCTGGTGATATATGGAGACAATAACAGGCCCTCAGGGATCCCTGAGCGATTCTCTGGCTCCAACTCAGGGAATACAGCCACGTTGACCATCAGTGGAACCCAGGCAGAAGATGAGGCTGACTATTACTGTGCCAGCTGGGACAGCATGACCGTGGACGGCGTGTTCGGCGGAGGGACCAAGCTGACCGTCCTA
164078,DIELTQPPSVSVVPGQTARISCSGDNIPYEYASWYQQKPGQAPVLVIYGDNNRPSGIPERFSGSNSGNTATLTISGTQAEDEADYYC,IGLV3-25*02,SYELTQPPSVSVSPGQTARITCSGDALPKQYAYWYQQKPGQAPVLVIYKDSERPSGIPERFSGSSSGTTVTLTISGVQAEDEADYYCQSADSSG,75.53191489361703,23.0,"{0: ('S', 'D'), 1: ('Y', 'I'), 12: ('S', 'V'), 20: ('T', 'S'), 25: ('A', 'N'), 26: ('L', 'I'), 28: ('K', 'Y'), 29: ('Q', 'E'), 32: ('Y', 'S'), 48: ('K', 'G'), 50: ('S', 'N'), 51: ('E', 'N'), 64: ('S', 'N'), 67: ('T', 'N'), 69: ('V', 'A'), 76: ('V', 'T'), 87: ('Q', '-'), 88: ('S', '-'), 89: ('A', '-'), 90: ('D', '-'), 91: ('S', '-'), 92: ('S', '-'), 93: ('G', '-')}",GACATTGAGCTGACACAGCCACCCTCGGTGTCAGTGGTCCCAGGACAGACGGCCAGGATCAGCTGCTCTGGAGATAATATACCATACGAATATGCTTCTTGGTACCAGCAGAAGCCAGGCCAGGCCCCTGTGCTGGTGATATATGGAGACAATAACAGGCCCTCAGGGATCCCTGAGCGATTCTCTGGCTCCAACTCAGGGAATACAGCCACGTTGACCATCAGTGGAACCCAGGCAGAAGATGAGGCTGACTATTAC,0.642472493915625,27,FGGGTKLTVL,IGLJ2*01,FGGGTKLTVL,100.0,0.0,{},TTCGGCGGAGGGACCAAGCTGACCGTCCTA,1.0,0,TGTGCCAGCTGGGACAGCATGACCGTGGACGGCGTG,ASWDSMTVDGV,GACATTGAGCTGACACAGCCACCCTCGGTGTCAGTGGTCCCAGGACAGACGGCCAGGATCAGCTGCTCTGGAGATAATATACCATACGAATATGCTTCTTGGTACCAGCAGAAGCCAGGCCAGGCCCCTGTGCTGGTGATATATGGAGACAATAACAGGCCCTCAGGGATCCCTGAGCGATTCTCTGGCTCCAACTCAGGGAATACAGCCACGTTGACCATCAGTGGAACCCAGGCAGAAGATGAGGCTGACTATTACTGTGCCAGCTGGGACAGCATGACCGTGGACGGCGTGTTCGGCGGAGGGACCAAGCTGACCGTCCTA
164069,ELELTQSPATLSVSPGERATLSCRASESVSSDLAWYQQKPGQAPRLLIYGASTRATGVPARFSGSGSGAEFTLTISSLQSEDFAVYYC,IGKV3-15*01,EIVMTQSPATLSVSPGERATLSCRASQSVSSNLAWYQQKPGQAPRLLIYGASTRATGIPARFSGSGSGTEFTLTISSLQSEDFAVYYCQQYNN,87.09677419354838,12.0,"{1: ('I', 'L'), 2: ('V', 'E'), 3: ('M', 'L'), 26: ('Q', 'E'), 31: ('N', 'D'), 57: ('I', 'V'), 68: ('T', 'A'), 88: ('Q', '-'), 89: ('Q', '-'), 90: ('Y', '-'), 91: ('N', '-'), 92: ('N', '-')}",GAACTAGAGCTGACGCAGTCTCCAGCCACCCTGTCTGTGTCTCCAGGGGAAAGAGCCACCCTCTCCTGCAGGGCCAGTGAGAGTGTTAGCAGCGACTTAGCCTGGTACCAGCAGAAACCTGGCCAGGCTCCCAGGCTCCTCATCTATGGTGCATCCACCAGGGCCACTGGTGTCCCAGCCAGGTTCAGTGGCAGTGGGTCTGGGGCAGAGTTCACTCTCACCATCAGCAGCCTGCAGTCTGAAGATTTTGCAGTTTATTAC,0.38179933751964285,7,FGQGTRLEIK,IGKJ5*01,FGQGTRLEIK,100.0,0.0,{},TTCGGCCAAGGGACACGACTGGAGATTAAA,1.0,0,TGTCAGCAGTACAACAACTGGCCCCCCAGGTACACC,QQYNNWPPRYT,GAACTAGAGCTGACGCAGTCTCCAGCCACCCTGTCTGTGTCTCCAGGGGAAAGAGCCACCCTCTCCTGCAGGGCCAGTGAGAGTGTTAGCAGCGACTTAGCCTGGTACCAGCAGAAACCTGGCCAGGCTCCCAGGCTCCTCATCTATGGTGCATCCACCAGGGCCACTGGTGTCCCAGCCAGGTTCAGTGGCAGTGGGTCTGGGGCAGAGTTCACTCTCACCATCAGCAGCCTGCAGTCTGAAGATTTTGCAGTTTATTACTGTCAGCAGTACAACAACTGGCCCCCCAGGTACACCTTCGGCCAAGGGACACGACTGGAGATTAAA
164067,DIVMTQSPATLSVSPGERATLSCRASESVSSDLAWYQQKPGQAPRLLIYGASTRATGVPARFSGSGSGAEFTLTISSLQSEDFAVYYC,IGKV3-15*01,EIVMTQSPATLSVSPGERATLSCRASQSVSSNLAWYQQKPGQAPRLLIYGASTRATGIPARFSGSGSGTEFTLTISSLQSEDFAVYYCQQYNN,89.24731182795699,10.0,"{0: ('E', 'D'), 26: ('Q', 'E'), 31: ('N', 'D'), 57: ('I', 'V'), 68: ('T', 'A'), 88: ('Q', '-'), 89: ('Q', '-'), 90: ('Y', '-'), 91: ('N', '-'), 92: ('N', '-')}",GACATAGTGATGACGCAGTCTCCAGCCACCCTGTCTGTGTCTCCAGGGGAAAGAGCCACCCTCTCCTGCAGGGCCAGTGAGAGTGTTAGCAGCGACTTAGCCTGGTACCAGCAGAAACCTGGCCAGGCTCCCAGGCTCCTCATCTATGGTGCATCCACCAGGGCCACTGGTGTCCCAGCCAGGTTCAGTGGCAGTGGGTCTGGGGCAGAGTTCACTCTCACCATCAGCAGCCTGCAGTCTGAAGATTTTGCAGTTTATTAC,0.4063280108012499,5,FGQGTRLEIK,IGKJ5*01,FGQGTRLEIK,100.0,0.0,{},TTCGGCCAAGGGACACGACTGGAGATTAAA,1.0,0,TGTCAGCAGTACAACAACTGGCCCCCCAGGTACACC,QQYNNWPPRYT,GACATAGTGATGACGCAGTCTCCAGCCACCCTGTCTGTGTCTCCAGGGGAAAGAGCCACCCTCTCCTGCAGGGCCAGTGAGAGTGTTAGCAGCGACTTAGCCTGGTACCAGCAGAAACCTGGCCAGGCTCCCAGGCTCCTCATCTATGGTGCATCCACCAGGGCCACTGGTGTCCCAGCCAGGTTCAGTGGCAGTGGGTCTGGGGCAGAGTTCACTCTCACCATCAGCAGCCTGCAGTCTGAAGATTTTGCAGTTTATTACTGTCAGCAGTACAACAACTGGCCCCCCAGGTACACCTTCGGCCAAGGGACACGACTGGAGATTAAA
